Copyright 1986-2022 Xilinx, Inc. All Rights Reserved. Copyright 2022-2024 Advanced Micro Devices, Inc. All Rights Reserved.
------------------------------------------------------------------------------------------------------------------------------------------------------------------------------------------------------------------------------------------
| Tool Version : Vivado v.2024.1 (lin64) Build 5076996 Wed May 22 18:36:09 MDT 2024
| Date         : Thu Aug 13 12:50:08 2026
| Host         : EQI07362 running 64-bit Ubuntu 22.04.5 LTS
| Command      : report_timing_summary -max_paths 10 -report_unconstrained -file cva6_zybo_z7_20_timing_summary_routed.rpt -pb cva6_zybo_z7_20_timing_summary_routed.pb -rpx cva6_zybo_z7_20_timing_summary_routed.rpx -warn_on_violation
| Design       : cva6_zybo_z7_20
| Device       : 7z020-clg400
| Speed File   : -1  PRODUCTION 1.12 2019-11-22
| Design State : Routed
------------------------------------------------------------------------------------------------------------------------------------------------------------------------------------------------------------------------------------------

Timing Summary Report

------------------------------------------------------------------------------------------------
| Timer Settings
| --------------
------------------------------------------------------------------------------------------------

  Enable Multi Corner Analysis               :  Yes
  Enable Pessimism Removal                   :  Yes
  Pessimism Removal Resolution               :  Nearest Common Node
  Enable Input Delay Default Clock           :  No
  Enable Preset / Clear Arcs                 :  No
  Disable Flight Delays                      :  No
  Ignore I/O Paths                           :  No
  Timing Early Launch at Borrowing Latches   :  No
  Borrow Time for Max Delay Exceptions       :  Yes
  Merge Timing Exceptions                    :  Yes
  Inter-SLR Compensation                     :  Conservative

  Corner  Analyze    Analyze    
  Name    Max Paths  Min Paths  
  ------  ---------  ---------  
  Slow    Yes        Yes        
  Fast    Yes        Yes        


------------------------------------------------------------------------------------------------
| Report Methodology
| ------------------
------------------------------------------------------------------------------------------------

Rule       Severity          Description                                     Violations  
---------  ----------------  ----------------------------------------------  ----------  
TIMING-6   Critical Warning  No common primary clock between related clocks  1           
TIMING-7   Critical Warning  No common node between related clocks           1           
LUTAR-1    Warning           LUT drives async reset alert                    4           
SYNTH-10   Warning           Wide multiplier                                 4           
TIMING-10  Warning           Missing property on synchronizer                1           
TIMING-16  Warning           Large setup violation                           21          
TIMING-18  Warning           Missing input or output delay                   3           
TIMING-20  Warning           Non-clocked latch                               32          
XDCH-2     Warning           Same min and max delay values on IO port        3           
LATCH-1    Advisory          Existing latches in the design                  1           

Note: This report is based on the most recent report_methodology run and may not be up-to-date. Run report_methodology on the current design for the latest report.



check_timing report

Table of Contents
-----------------
1. checking no_clock (480)
2. checking constant_clock (0)
3. checking pulse_width_clock (0)
4. checking unconstrained_internal_endpoints (32)
5. checking no_input_delay (2)
6. checking no_output_delay (1)
7. checking multiple_clock (0)
8. checking generated_clocks (0)
9. checking loops (0)
10. checking partial_input_delay (3)
11. checking partial_output_delay (0)
12. checking latch_loops (0)

1. checking no_clock (480)
--------------------------
 There are 32 register/latch pins with no clock driven by root clock pin: i_ariane/i_cva6/ex_stage_i/lsu_i/i_load_unit/ldbuf_q_reg[0][operation][0]/Q (HIGH)

 There are 32 register/latch pins with no clock driven by root clock pin: i_ariane/i_cva6/ex_stage_i/lsu_i/i_load_unit/ldbuf_q_reg[0][operation][1]/Q (HIGH)

 There are 32 register/latch pins with no clock driven by root clock pin: i_ariane/i_cva6/ex_stage_i/lsu_i/i_load_unit/ldbuf_q_reg[0][operation][2]/Q (HIGH)

 There are 32 register/latch pins with no clock driven by root clock pin: i_ariane/i_cva6/ex_stage_i/lsu_i/i_load_unit/ldbuf_q_reg[0][operation][3]/Q (HIGH)

 There are 32 register/latch pins with no clock driven by root clock pin: i_ariane/i_cva6/ex_stage_i/lsu_i/i_load_unit/ldbuf_q_reg[0][operation][4]/Q (HIGH)

 There are 32 register/latch pins with no clock driven by root clock pin: i_ariane/i_cva6/ex_stage_i/lsu_i/i_load_unit/ldbuf_q_reg[0][operation][5]/Q (HIGH)

 There are 32 register/latch pins with no clock driven by root clock pin: i_ariane/i_cva6/ex_stage_i/lsu_i/i_load_unit/ldbuf_q_reg[0][operation][6]/Q (HIGH)

 There are 32 register/latch pins with no clock driven by root clock pin: i_ariane/i_cva6/ex_stage_i/lsu_i/i_load_unit/ldbuf_q_reg[1][operation][0]/Q (HIGH)

 There are 32 register/latch pins with no clock driven by root clock pin: i_ariane/i_cva6/ex_stage_i/lsu_i/i_load_unit/ldbuf_q_reg[1][operation][1]/Q (HIGH)

 There are 32 register/latch pins with no clock driven by root clock pin: i_ariane/i_cva6/ex_stage_i/lsu_i/i_load_unit/ldbuf_q_reg[1][operation][2]/Q (HIGH)

 There are 32 register/latch pins with no clock driven by root clock pin: i_ariane/i_cva6/ex_stage_i/lsu_i/i_load_unit/ldbuf_q_reg[1][operation][3]/Q (HIGH)

 There are 32 register/latch pins with no clock driven by root clock pin: i_ariane/i_cva6/ex_stage_i/lsu_i/i_load_unit/ldbuf_q_reg[1][operation][4]/Q (HIGH)

 There are 32 register/latch pins with no clock driven by root clock pin: i_ariane/i_cva6/ex_stage_i/lsu_i/i_load_unit/ldbuf_q_reg[1][operation][5]/Q (HIGH)

 There are 32 register/latch pins with no clock driven by root clock pin: i_ariane/i_cva6/ex_stage_i/lsu_i/i_load_unit/ldbuf_q_reg[1][operation][6]/Q (HIGH)

 There are 32 register/latch pins with no clock driven by root clock pin: i_ariane/i_cva6/gen_cache_wt.i_cache_subsystem/i_wt_dcache/gen_rd_ports[1].i_wt_dcache_ctrl/id_q_reg[0]/Q (HIGH)


2. checking constant_clock (0)
------------------------------
 There are 0 register/latch pins with constant_clock.


3. checking pulse_width_clock (0)
---------------------------------
 There are 0 register/latch pins which need pulse_width check


4. checking unconstrained_internal_endpoints (32)
-------------------------------------------------
 There are 32 pins that are not constrained for maximum delay. (HIGH)

 There are 0 pins that are not constrained for maximum delay due to constant clock.


5. checking no_input_delay (2)
------------------------------
 There are 2 input ports with no input delay specified. (HIGH)

 There are 0 input ports with no input delay but user has a false path constraint.


6. checking no_output_delay (1)
-------------------------------
 There is 1 port with no output delay specified. (HIGH)

 There are 0 ports with no output delay but user has a false path constraint

 There are 0 ports with no output delay but with a timing clock defined on it or propagating through it


7. checking multiple_clock (0)
------------------------------
 There are 0 register/latch pins with multiple clocks.


8. checking generated_clocks (0)
--------------------------------
 There are 0 generated clocks that are not connected to a clock source.


9. checking loops (0)
---------------------
 There are 0 combinational loops in the design.


10. checking partial_input_delay (3)
------------------------------------
 There are 3 input ports with partial input delay specified. (HIGH)


11. checking partial_output_delay (0)
-------------------------------------
 There are 0 ports with partial output delay specified.


12. checking latch_loops (0)
----------------------------
 There are 0 combinational latch loops in the design through latch input



------------------------------------------------------------------------------------------------
| Design Timing Summary
| ---------------------
------------------------------------------------------------------------------------------------

    WNS(ns)      TNS(ns)  TNS Failing Endpoints  TNS Total Endpoints      WHS(ns)      THS(ns)  THS Failing Endpoints  THS Total Endpoints     WPWS(ns)     TPWS(ns)  TPWS Failing Endpoints  TPWS Total Endpoints  
    -------      -------  ---------------------  -------------------      -------      -------  ---------------------  -------------------     --------     --------  ----------------------  --------------------  
     -1.302     -142.312                    254                58993        0.054        0.000                      0                58957        2.000        0.000                       0                 20278  


Timing constraints are not met.


------------------------------------------------------------------------------------------------
| Clock Summary
| -------------
------------------------------------------------------------------------------------------------

Clock                    Waveform(ns)         Period(ns)      Frequency(MHz)
-----                    ------------         ----------      --------------
clk_sys                  {0.000 4.000}        8.000           125.000         
  clk_out1_xlnx_clk_gen  {0.000 10.000}       20.000          50.000          
  clkfbout_xlnx_clk_gen  {0.000 4.000}        8.000           125.000         
tck                      {0.000 50.000}       100.000         10.000          


------------------------------------------------------------------------------------------------
| Intra Clock Table
| -----------------
------------------------------------------------------------------------------------------------

Clock                        WNS(ns)      TNS(ns)  TNS Failing Endpoints  TNS Total Endpoints      WHS(ns)      THS(ns)  THS Failing Endpoints  THS Total Endpoints     WPWS(ns)     TPWS(ns)  TPWS Failing Endpoints  TPWS Total Endpoints  
-----                        -------      -------  ---------------------  -------------------      -------      -------  ---------------------  -------------------     --------     --------  ----------------------  --------------------  
clk_sys                                                                                                                                                                    2.000        0.000                       0                     1  
  clk_out1_xlnx_clk_gen       -1.302     -142.312                    254                43252        0.054        0.000                      0                43252        8.750        0.000                       0                 20015  
  clkfbout_xlnx_clk_gen                                                                                                                                                    5.845        0.000                       0                     3  
tck                            1.244        0.000                      0                  453        0.106        0.000                      0                  453       49.500        0.000                       0                   259  


------------------------------------------------------------------------------------------------
| Inter Clock Table
| -----------------
------------------------------------------------------------------------------------------------

From Clock             To Clock                   WNS(ns)      TNS(ns)  TNS Failing Endpoints  TNS Total Endpoints      WHS(ns)      THS(ns)  THS Failing Endpoints  THS Total Endpoints  
----------             --------                   -------      -------  ---------------------  -------------------      -------      -------  ---------------------  -------------------  
tck                    clk_out1_xlnx_clk_gen        9.387        0.000                      0                   43        2.835        0.000                      0                   43  
clk_out1_xlnx_clk_gen  tck                         18.513        0.000                      0                   36                                                                        


------------------------------------------------------------------------------------------------
| Other Path Groups Table
| -----------------------
------------------------------------------------------------------------------------------------

Path Group             From Clock             To Clock                   WNS(ns)      TNS(ns)  TNS Failing Endpoints  TNS Total Endpoints      WHS(ns)      THS(ns)  THS Failing Endpoints  THS Total Endpoints  
----------             ----------             --------                   -------      -------  ---------------------  -------------------      -------      -------  ---------------------  -------------------  
**async_default**      clk_out1_xlnx_clk_gen  clk_out1_xlnx_clk_gen       15.626        0.000                      0                15209        0.567        0.000                      0                15209  


------------------------------------------------------------------------------------------------
| User Ignored Path Table
| -----------------------
------------------------------------------------------------------------------------------------

Path Group             From Clock             To Clock             
----------             ----------             --------             
(none)                 clk_out1_xlnx_clk_gen  clk_out1_xlnx_clk_gen  
(none)                                        tck                    
(none)                 clk_out1_xlnx_clk_gen  tck                    


------------------------------------------------------------------------------------------------
| Unconstrained Path Table
| ------------------------
------------------------------------------------------------------------------------------------

Path Group             From Clock             To Clock             
----------             ----------             --------             
(none)                 clk_out1_xlnx_clk_gen                         
(none)                 clkfbout_xlnx_clk_gen                         
(none)                                        clk_out1_xlnx_clk_gen  


------------------------------------------------------------------------------------------------
| Timing Details
| --------------
------------------------------------------------------------------------------------------------


---------------------------------------------------------------------------------------------------
From Clock:  clk_sys
  To Clock:  clk_sys

Setup :           NA  Failing Endpoints,  Worst Slack           NA  ,  Total Violation           NA
Hold  :           NA  Failing Endpoints,  Worst Slack           NA  ,  Total Violation           NA
PW    :            0  Failing Endpoints,  Worst Slack        2.000ns,  Total Violation        0.000ns
---------------------------------------------------------------------------------------------------


Pulse Width Checks
--------------------------------------------------------------------------------------
Clock Name:         clk_sys
Waveform(ns):       { 0.000 4.000 }
Period(ns):         8.000
Sources:            { clk_sys }

Check Type        Corner  Lib Pin            Reference Pin  Required(ns)  Actual(ns)  Slack(ns)  Location         Pin
Min Period        n/a     MMCME2_ADV/CLKIN1  n/a            1.249         8.000       6.751      MMCME2_ADV_X1Y2  i_xlnx_clk_gen/inst/mmcm_adv_inst/CLKIN1
Max Period        n/a     MMCME2_ADV/CLKIN1  n/a            100.000       8.000       92.000     MMCME2_ADV_X1Y2  i_xlnx_clk_gen/inst/mmcm_adv_inst/CLKIN1
Low Pulse Width   Slow    MMCME2_ADV/CLKIN1  n/a            2.000         4.000       2.000      MMCME2_ADV_X1Y2  i_xlnx_clk_gen/inst/mmcm_adv_inst/CLKIN1
Low Pulse Width   Fast    MMCME2_ADV/CLKIN1  n/a            2.000         4.000       2.000      MMCME2_ADV_X1Y2  i_xlnx_clk_gen/inst/mmcm_adv_inst/CLKIN1
High Pulse Width  Slow    MMCME2_ADV/CLKIN1  n/a            2.000         4.000       2.000      MMCME2_ADV_X1Y2  i_xlnx_clk_gen/inst/mmcm_adv_inst/CLKIN1
High Pulse Width  Fast    MMCME2_ADV/CLKIN1  n/a            2.000         4.000       2.000      MMCME2_ADV_X1Y2  i_xlnx_clk_gen/inst/mmcm_adv_inst/CLKIN1



---------------------------------------------------------------------------------------------------
From Clock:  clk_out1_xlnx_clk_gen
  To Clock:  clk_out1_xlnx_clk_gen

Setup :          254  Failing Endpoints,  Worst Slack       -1.302ns,  Total Violation     -142.312ns
Hold  :            0  Failing Endpoints,  Worst Slack        0.054ns,  Total Violation        0.000ns
PW    :            0  Failing Endpoints,  Worst Slack        8.750ns,  Total Violation        0.000ns
---------------------------------------------------------------------------------------------------


Max Delay Paths
--------------------------------------------------------------------------------------
Slack (VIOLATED) :        -1.302ns  (required time - arrival time)
  Source:                 i_ariane/i_cva6/issue_stage_i/i_issue_read_operands/cvxif_off_instr_q_reg[2]/C
                            (rising edge-triggered cell FDCE clocked by clk_out1_xlnx_clk_gen  {rise@0.000ns fall@10.000ns period=20.000ns})
  Destination:            i_ariane/i_cva6/issue_stage_i/i_issue_read_operands/operand_f_q_reg[24]/D
                            (rising edge-triggered cell FDCE clocked by clk_out1_xlnx_clk_gen  {rise@0.000ns fall@10.000ns period=20.000ns})
  Path Group:             clk_out1_xlnx_clk_gen
  Path Type:              Setup (Max at Slow Process Corner)
  Requirement:            20.000ns  (clk_out1_xlnx_clk_gen rise@20.000ns - clk_out1_xlnx_clk_gen rise@0.000ns)
  Data Path Delay:        21.182ns  (logic 7.114ns (33.585%)  route 14.068ns (66.414%))
  Logic Levels:           23  (CARRY4=9 LUT2=1 LUT3=6 LUT4=1 LUT5=3 LUT6=3)
  Clock Path Skew:        -0.070ns (DCD - SCD + CPR)
    Destination Clock Delay (DCD):    -1.663ns = ( 18.337 - 20.000 ) 
    Source Clock Delay      (SCD):    -1.025ns
    Clock Pessimism Removal (CPR):    0.567ns
  Clock Uncertainty:      0.079ns  ((TSJ^2 + DJ^2)^1/2) / 2 + PE
    Total System Jitter     (TSJ):    0.071ns
    Discrete Jitter          (DJ):    0.142ns
    Phase Error              (PE):    0.000ns

    Location             Delay type                Incr(ns)  Path(ns)    Netlist Resource(s)
  -------------------------------------------------------------------    -------------------
                         (clock clk_out1_xlnx_clk_gen rise edge)
                                                      0.000     0.000 r  
    K17                                               0.000     0.000 r  clk_sys (IN)
                         net (fo=0)                   0.000     0.000    i_xlnx_clk_gen/inst/clk_in1
    K17                  IBUF (Prop_ibuf_I_O)         1.475     1.475 r  i_xlnx_clk_gen/inst/clkin1_ibufg/O
                         net (fo=1, routed)           1.285     2.760    i_xlnx_clk_gen/inst/clk_in1_xlnx_clk_gen
    MMCME2_ADV_X1Y2      MMCME2_ADV (Prop_mmcme2_adv_CLKIN1_CLKOUT0)
                                                     -7.759    -4.999 r  i_xlnx_clk_gen/inst/mmcm_adv_inst/CLKOUT0
                         net (fo=1, routed)           2.206    -2.793    i_xlnx_clk_gen/inst/clk_out1_xlnx_clk_gen
    BUFGCTRL_X0Y16       BUFG (Prop_bufg_I_O)         0.101    -2.692 r  i_xlnx_clk_gen/inst/clkout1_buf/O
                         net (fo=20013, routed)       1.667    -1.025    i_ariane/i_cva6/issue_stage_i/i_issue_read_operands/clk_out1
    SLICE_X35Y10         FDCE                                         r  i_ariane/i_cva6/issue_stage_i/i_issue_read_operands/cvxif_off_instr_q_reg[2]/C
  -------------------------------------------------------------------    -------------------
    SLICE_X35Y10         FDCE (Prop_fdce_C_Q)         0.456    -0.569 f  i_ariane/i_cva6/issue_stage_i/i_issue_read_operands/cvxif_off_instr_q_reg[2]/Q
                         net (fo=3, routed)           0.815     0.245    i_ariane/i_cva6/issue_stage_i/i_issue_read_operands/x_off_instr_id_ex__0[2]
    SLICE_X35Y9          LUT5 (Prop_lut5_I4_O)        0.124     0.369 r  i_ariane/i_cva6/issue_stage_i/i_issue_read_operands/issue_block_cnt_q[4]_i_3/O
                         net (fo=8, routed)           0.845     1.214    i_ariane/i_cva6/issue_stage_i/i_issue_read_operands/issue_block_cnt_q[4]_i_3_n_1
    SLICE_X35Y10         LUT5 (Prop_lut5_I0_O)        0.152     1.366 r  i_ariane/i_cva6/issue_stage_i/i_issue_read_operands/mem_reg_0_7_0_5_i_12/O
                         net (fo=9, routed)           0.642     2.008    i_ariane/gen_example_coprocessor.i_cvxif_coprocessor/fifo_commit_i/gen_fpga_queue.fifo_ram/issue_is_mac16buf_para
    SLICE_X33Y13         LUT3 (Prop_lut3_I0_O)        0.332     2.340 r  i_ariane/gen_example_coprocessor.i_cvxif_coprocessor/fifo_commit_i/gen_fpga_queue.fifo_ram/acc_q[19]_i_511/O
                         net (fo=114, routed)         1.474     3.815    i_ariane/gen_example_coprocessor.i_cvxif_coprocessor/fifo_commit_i/gen_fpga_queue.fifo_ram/acc_q[19]_i_511_n_1
    SLICE_X30Y22         LUT5 (Prop_lut5_I4_O)        0.124     3.939 r  i_ariane/gen_example_coprocessor.i_cvxif_coprocessor/fifo_commit_i/gen_fpga_queue.fifo_ram/acc_q[15]_i_331/O
                         net (fo=19, routed)          0.833     4.772    i_ariane/i_cva6/issue_stage_i/i_issue_read_operands/acc_q_reg[23]_i_210_0
    SLICE_X28Y19         LUT6 (Prop_lut6_I1_O)        0.124     4.896 r  i_ariane/i_cva6/issue_stage_i/i_issue_read_operands/acc_q[23]_i_343/O
                         net (fo=1, routed)           0.804     5.700    i_ariane/i_cva6/issue_stage_i/i_issue_read_operands/acc_q[23]_i_343_n_1
    SLICE_X30Y16         CARRY4 (Prop_carry4_DI[0]_CO[3])
                                                      0.550     6.250 r  i_ariane/i_cva6/issue_stage_i/i_issue_read_operands/acc_q_reg[23]_i_212/CO[3]
                         net (fo=1, routed)           0.000     6.250    i_ariane/i_cva6/issue_stage_i/i_issue_read_operands/acc_q_reg[23]_i_212_n_1
    SLICE_X30Y17         CARRY4 (Prop_carry4_CI_O[0])
                                                      0.219     6.469 r  i_ariane/i_cva6/issue_stage_i/i_issue_read_operands/acc_q_reg[31]_i_275/O[0]
                         net (fo=2, routed)           0.581     7.050    i_ariane/i_cva6/issue_stage_i/i_issue_read_operands/acc_q_reg[31]_i_275_n_8
    SLICE_X30Y18         LUT3 (Prop_lut3_I2_O)        0.295     7.345 r  i_ariane/i_cva6/issue_stage_i/i_issue_read_operands/acc_q[23]_i_118/O
                         net (fo=2, routed)           0.986     8.331    i_ariane/i_cva6/issue_stage_i/i_issue_read_operands/acc_q[23]_i_118_n_1
    SLICE_X29Y17         CARRY4 (Prop_carry4_DI[1]_CO[3])
                                                      0.507     8.838 r  i_ariane/i_cva6/issue_stage_i/i_issue_read_operands/acc_q_reg[23]_i_71/CO[3]
                         net (fo=1, routed)           0.000     8.838    i_ariane/i_cva6/issue_stage_i/i_issue_read_operands/acc_q_reg[23]_i_71_n_1
    SLICE_X29Y18         CARRY4 (Prop_carry4_CI_O[3])
                                                      0.313     9.151 r  i_ariane/i_cva6/issue_stage_i/i_issue_read_operands/acc_q_reg[31]_i_114/O[3]
                         net (fo=4, routed)           0.776     9.927    i_ariane/i_cva6/issue_stage_i/i_issue_read_operands/acc_q_reg[31]_i_114_n_5
    SLICE_X26Y17         LUT3 (Prop_lut3_I1_O)        0.306    10.233 r  i_ariane/i_cva6/issue_stage_i/i_issue_read_operands/acc_q[23]_i_37/O
                         net (fo=1, routed)           0.666    10.899    i_ariane/i_cva6/issue_stage_i/i_issue_read_operands/acc_q[23]_i_37_n_1
    SLICE_X31Y15         CARRY4 (Prop_carry4_DI[3]_CO[3])
                                                      0.385    11.284 r  i_ariane/i_cva6/issue_stage_i/i_issue_read_operands/acc_q_reg[23]_i_25/CO[3]
                         net (fo=1, routed)           0.000    11.284    i_ariane/i_cva6/issue_stage_i/i_issue_read_operands/acc_q_reg[23]_i_25_n_1
    SLICE_X31Y16         CARRY4 (Prop_carry4_CI_O[0])
                                                      0.222    11.506 r  i_ariane/i_cva6/issue_stage_i/i_issue_read_operands/acc_q_reg[31]_i_42/O[0]
                         net (fo=2, routed)           0.992    12.499    i_ariane/i_cva6/issue_stage_i/i_issue_read_operands/acc_q_reg[31]_i_42_n_8
    SLICE_X35Y14         LUT3 (Prop_lut3_I1_O)        0.299    12.798 r  i_ariane/i_cva6/issue_stage_i/i_issue_read_operands/acc_q[23]_i_13/O
                         net (fo=2, routed)           0.695    13.492    i_ariane/i_cva6/issue_stage_i/i_issue_read_operands/acc_q[23]_i_13_n_1
    SLICE_X36Y14         LUT4 (Prop_lut4_I0_O)        0.124    13.616 r  i_ariane/i_cva6/issue_stage_i/i_issue_read_operands/acc_q[23]_i_17/O
                         net (fo=1, routed)           0.000    13.616    i_ariane/i_cva6/issue_stage_i/i_issue_read_operands/acc_q[23]_i_17_n_1
    SLICE_X36Y14         CARRY4 (Prop_carry4_S[1]_O[3])
                                                      0.643    14.259 r  i_ariane/i_cva6/issue_stage_i/i_issue_read_operands/acc_q_reg[23]_i_11/O[3]
                         net (fo=2, routed)           0.723    14.982    i_ariane/i_cva6/issue_stage_i/i_issue_read_operands/acc_q_reg[23]_i_11_n_5
    SLICE_X43Y14         LUT3 (Prop_lut3_I0_O)        0.307    15.289 r  i_ariane/i_cva6/issue_stage_i/i_issue_read_operands/acc_q[23]_i_6/O
                         net (fo=2, routed)           0.529    15.818    i_ariane/i_cva6/issue_stage_i/i_issue_read_operands/acc_q[23]_i_6_n_1
    SLICE_X42Y15         CARRY4 (Prop_carry4_DI[0]_CO[3])
                                                      0.550    16.368 r  i_ariane/i_cva6/issue_stage_i/i_issue_read_operands/acc_q_reg[23]_i_2/CO[3]
                         net (fo=1, routed)           0.000    16.368    i_ariane/i_cva6/issue_stage_i/i_issue_read_operands/acc_q_reg[23]_i_2_n_1
    SLICE_X42Y16         CARRY4 (Prop_carry4_CI_O[0])
                                                      0.219    16.587 r  i_ariane/i_cva6/issue_stage_i/i_issue_read_operands/acc_q_reg[27]_i_2/O[0]
                         net (fo=2, routed)           0.937    17.525    i_ariane/gen_example_coprocessor.i_cvxif_coprocessor/fifo_commit_i/gen_fpga_queue.fifo_ram/acc_q_reg[27][0]
    SLICE_X45Y21         LUT3 (Prop_lut3_I0_O)        0.289    17.814 r  i_ariane/gen_example_coprocessor.i_cvxif_coprocessor/fifo_commit_i/gen_fpga_queue.fifo_ram/mem_q[0][sbe][result][24]_i_2/O
                         net (fo=5, routed)           0.510    18.324    i_ariane/gen_example_coprocessor.i_cvxif_coprocessor/fifo_commit_i/gen_fpga_queue.fifo_ram/mem_q[0][sbe][result][31]_i_8_24
    SLICE_X45Y25         LUT2 (Prop_lut2_I1_O)        0.326    18.650 r  i_ariane/gen_example_coprocessor.i_cvxif_coprocessor/fifo_commit_i/gen_fpga_queue.fifo_ram/operand_g_q[24]_i_5/O
                         net (fo=8, routed)           0.856    19.506    i_ariane/i_cva6/issue_stage_i/i_scoreboard/x_result_ex_id[24]
    SLICE_X45Y27         LUT6 (Prop_lut6_I3_O)        0.124    19.630 r  i_ariane/i_cva6/issue_stage_i/i_scoreboard/operand_f_q[24]_i_3/O
                         net (fo=1, routed)           0.402    20.033    i_ariane/i_cva6/issue_stage_i/i_scoreboard/operand_f_q[24]_i_3_n_1
    SLICE_X45Y28         LUT6 (Prop_lut6_I4_O)        0.124    20.157 r  i_ariane/i_cva6/issue_stage_i/i_scoreboard/operand_f_q[24]_i_1/O
                         net (fo=1, routed)           0.000    20.157    i_ariane/i_cva6/issue_stage_i/i_issue_read_operands/operand_f_q_reg[31]_9[24]
    SLICE_X45Y28         FDCE                                         r  i_ariane/i_cva6/issue_stage_i/i_issue_read_operands/operand_f_q_reg[24]/D
  -------------------------------------------------------------------    -------------------

                         (clock clk_out1_xlnx_clk_gen rise edge)
                                                     20.000    20.000 r  
    K17                                               0.000    20.000 r  clk_sys (IN)
                         net (fo=0)                   0.000    20.000    i_xlnx_clk_gen/inst/clk_in1
    K17                  IBUF (Prop_ibuf_I_O)         1.404    21.404 r  i_xlnx_clk_gen/inst/clkin1_ibufg/O
                         net (fo=1, routed)           1.162    22.566    i_xlnx_clk_gen/inst/clk_in1_xlnx_clk_gen
    MMCME2_ADV_X1Y2      MMCME2_ADV (Prop_mmcme2_adv_CLKIN1_CLKOUT0)
                                                     -7.814    14.752 r  i_xlnx_clk_gen/inst/mmcm_adv_inst/CLKOUT0
                         net (fo=1, routed)           2.012    16.764    i_xlnx_clk_gen/inst/clk_out1_xlnx_clk_gen
    BUFGCTRL_X0Y16       BUFG (Prop_bufg_I_O)         0.091    16.855 r  i_xlnx_clk_gen/inst/clkout1_buf/O
                         net (fo=20013, routed)       1.482    18.337    i_ariane/i_cva6/issue_stage_i/i_issue_read_operands/clk_out1
    SLICE_X45Y28         FDCE                                         r  i_ariane/i_cva6/issue_stage_i/i_issue_read_operands/operand_f_q_reg[24]/C
                         clock pessimism              0.567    18.905    
                         clock uncertainty           -0.079    18.825    
    SLICE_X45Y28         FDCE (Setup_fdce_C_D)        0.029    18.854    i_ariane/i_cva6/issue_stage_i/i_issue_read_operands/operand_f_q_reg[24]
  -------------------------------------------------------------------
                         required time                         18.854    
                         arrival time                         -20.157    
  -------------------------------------------------------------------
                         slack                                 -1.302    

Slack (VIOLATED) :        -1.288ns  (required time - arrival time)
  Source:                 i_ariane/i_cva6/issue_stage_i/i_issue_read_operands/cvxif_off_instr_q_reg[2]/C
                            (rising edge-triggered cell FDCE clocked by clk_out1_xlnx_clk_gen  {rise@0.000ns fall@10.000ns period=20.000ns})
  Destination:            i_ariane/i_cva6/issue_stage_i/i_issue_read_operands/operand_b_q_reg[13]/D
                            (rising edge-triggered cell FDCE clocked by clk_out1_xlnx_clk_gen  {rise@0.000ns fall@10.000ns period=20.000ns})
  Path Group:             clk_out1_xlnx_clk_gen
  Path Type:              Setup (Max at Slow Process Corner)
  Requirement:            20.000ns  (clk_out1_xlnx_clk_gen rise@20.000ns - clk_out1_xlnx_clk_gen rise@0.000ns)
  Data Path Delay:        21.136ns  (logic 7.002ns (33.129%)  route 14.134ns (66.871%))
  Logic Levels:           25  (CARRY4=8 LUT2=2 LUT3=5 LUT4=4 LUT5=5 LUT6=1)
  Clock Path Skew:        -0.102ns (DCD - SCD + CPR)
    Destination Clock Delay (DCD):    -1.594ns = ( 18.406 - 20.000 ) 
    Source Clock Delay      (SCD):    -1.025ns
    Clock Pessimism Removal (CPR):    0.467ns
  Clock Uncertainty:      0.079ns  ((TSJ^2 + DJ^2)^1/2) / 2 + PE
    Total System Jitter     (TSJ):    0.071ns
    Discrete Jitter          (DJ):    0.142ns
    Phase Error              (PE):    0.000ns

    Location             Delay type                Incr(ns)  Path(ns)    Netlist Resource(s)
  -------------------------------------------------------------------    -------------------
                         (clock clk_out1_xlnx_clk_gen rise edge)
                                                      0.000     0.000 r  
    K17                                               0.000     0.000 r  clk_sys (IN)
                         net (fo=0)                   0.000     0.000    i_xlnx_clk_gen/inst/clk_in1
    K17                  IBUF (Prop_ibuf_I_O)         1.475     1.475 r  i_xlnx_clk_gen/inst/clkin1_ibufg/O
                         net (fo=1, routed)           1.285     2.760    i_xlnx_clk_gen/inst/clk_in1_xlnx_clk_gen
    MMCME2_ADV_X1Y2      MMCME2_ADV (Prop_mmcme2_adv_CLKIN1_CLKOUT0)
                                                     -7.759    -4.999 r  i_xlnx_clk_gen/inst/mmcm_adv_inst/CLKOUT0
                         net (fo=1, routed)           2.206    -2.793    i_xlnx_clk_gen/inst/clk_out1_xlnx_clk_gen
    BUFGCTRL_X0Y16       BUFG (Prop_bufg_I_O)         0.101    -2.692 r  i_xlnx_clk_gen/inst/clkout1_buf/O
                         net (fo=20013, routed)       1.667    -1.025    i_ariane/i_cva6/issue_stage_i/i_issue_read_operands/clk_out1
    SLICE_X35Y10         FDCE                                         r  i_ariane/i_cva6/issue_stage_i/i_issue_read_operands/cvxif_off_instr_q_reg[2]/C
  -------------------------------------------------------------------    -------------------
    SLICE_X35Y10         FDCE (Prop_fdce_C_Q)         0.456    -0.569 f  i_ariane/i_cva6/issue_stage_i/i_issue_read_operands/cvxif_off_instr_q_reg[2]/Q
                         net (fo=3, routed)           0.815     0.245    i_ariane/i_cva6/issue_stage_i/i_issue_read_operands/x_off_instr_id_ex__0[2]
    SLICE_X35Y9          LUT5 (Prop_lut5_I4_O)        0.124     0.369 r  i_ariane/i_cva6/issue_stage_i/i_issue_read_operands/issue_block_cnt_q[4]_i_3/O
                         net (fo=8, routed)           0.845     1.214    i_ariane/i_cva6/issue_stage_i/i_issue_read_operands/issue_block_cnt_q[4]_i_3_n_1
    SLICE_X35Y10         LUT5 (Prop_lut5_I0_O)        0.152     1.366 r  i_ariane/i_cva6/issue_stage_i/i_issue_read_operands/mem_reg_0_7_0_5_i_12/O
                         net (fo=9, routed)           0.642     2.008    i_ariane/gen_example_coprocessor.i_cvxif_coprocessor/fifo_commit_i/gen_fpga_queue.fifo_ram/issue_is_mac16buf_para
    SLICE_X33Y13         LUT3 (Prop_lut3_I0_O)        0.332     2.340 r  i_ariane/gen_example_coprocessor.i_cvxif_coprocessor/fifo_commit_i/gen_fpga_queue.fifo_ram/acc_q[19]_i_511/O
                         net (fo=114, routed)         1.570     3.910    i_ariane/gen_example_coprocessor.i_cvxif_coprocessor/fifo_commit_i/gen_fpga_queue.fifo_ram/acc_q[19]_i_511_n_1
    SLICE_X30Y23         LUT5 (Prop_lut5_I4_O)        0.124     4.034 r  i_ariane/gen_example_coprocessor.i_cvxif_coprocessor/fifo_commit_i/gen_fpga_queue.fifo_ram/acc_q[19]_i_357/O
                         net (fo=15, routed)          0.828     4.862    i_ariane/i_cva6/issue_stage_i/i_issue_read_operands/acc_q_reg[19]_i_124_0
    SLICE_X30Y20         LUT4 (Prop_lut4_I3_O)        0.124     4.986 r  i_ariane/i_cva6/issue_stage_i/i_issue_read_operands/acc_q[15]_i_228/O
                         net (fo=1, routed)           0.672     5.658    i_ariane/i_cva6/issue_stage_i/i_issue_read_operands/acc_q[15]_i_228_n_1
    SLICE_X28Y16         CARRY4 (Prop_carry4_DI[2]_CO[3])
                                                      0.398     6.056 r  i_ariane/i_cva6/issue_stage_i/i_issue_read_operands/acc_q_reg[15]_i_130/CO[3]
                         net (fo=1, routed)           0.000     6.056    i_ariane/i_cva6/issue_stage_i/i_issue_read_operands/acc_q_reg[15]_i_130_n_1
    SLICE_X28Y17         CARRY4 (Prop_carry4_CI_O[1])
                                                      0.334     6.390 r  i_ariane/i_cva6/issue_stage_i/i_issue_read_operands/acc_q_reg[23]_i_215/O[1]
                         net (fo=2, routed)           0.871     7.261    i_ariane/i_cva6/issue_stage_i/i_issue_read_operands/acc_q_reg[23]_i_215_n_7
    SLICE_X33Y15         LUT2 (Prop_lut2_I1_O)        0.303     7.564 r  i_ariane/i_cva6/issue_stage_i/i_issue_read_operands/acc_q[19]_i_190/O
                         net (fo=2, routed)           0.529     8.093    i_ariane/i_cva6/issue_stage_i/i_issue_read_operands/acc_q[19]_i_190_n_1
    SLICE_X32Y15         LUT5 (Prop_lut5_I4_O)        0.124     8.217 r  i_ariane/i_cva6/issue_stage_i/i_issue_read_operands/acc_q[19]_i_194/O
                         net (fo=1, routed)           0.000     8.217    i_ariane/i_cva6/issue_stage_i/i_issue_read_operands/acc_q[19]_i_194_n_1
    SLICE_X32Y15         CARRY4 (Prop_carry4_S[2]_O[2])
                                                      0.250     8.467 r  i_ariane/i_cva6/issue_stage_i/i_issue_read_operands/acc_q_reg[19]_i_124/O[2]
                         net (fo=2, routed)           0.681     9.148    i_ariane/i_cva6/issue_stage_i/i_issue_read_operands/acc_q_reg[19]_i_124_n_6
    SLICE_X29Y13         LUT3 (Prop_lut3_I2_O)        0.301     9.449 r  i_ariane/i_cva6/issue_stage_i/i_issue_read_operands/acc_q[15]_i_55/O
                         net (fo=2, routed)           0.747    10.196    i_ariane/i_cva6/issue_stage_i/i_issue_read_operands/acc_q[15]_i_55_n_1
    SLICE_X31Y13         LUT4 (Prop_lut4_I3_O)        0.124    10.320 r  i_ariane/i_cva6/issue_stage_i/i_issue_read_operands/acc_q[15]_i_59/O
                         net (fo=1, routed)           0.000    10.320    i_ariane/i_cva6/issue_stage_i/i_issue_read_operands/acc_q[15]_i_59_n_1
    SLICE_X31Y13         CARRY4 (Prop_carry4_S[3]_CO[3])
                                                      0.401    10.721 r  i_ariane/i_cva6/issue_stage_i/i_issue_read_operands/acc_q_reg[15]_i_39/CO[3]
                         net (fo=1, routed)           0.000    10.721    i_ariane/i_cva6/issue_stage_i/i_issue_read_operands/acc_q_reg[15]_i_39_n_1
    SLICE_X31Y14         CARRY4 (Prop_carry4_CI_O[0])
                                                      0.222    10.943 r  i_ariane/i_cva6/issue_stage_i/i_issue_read_operands/acc_q_reg[19]_i_39/O[0]
                         net (fo=2, routed)           0.947    11.890    i_ariane/i_cva6/issue_stage_i/i_issue_read_operands/acc_q_reg[19]_i_39_n_8
    SLICE_X34Y11         LUT3 (Prop_lut3_I1_O)        0.299    12.189 r  i_ariane/i_cva6/issue_stage_i/i_issue_read_operands/acc_q[15]_i_16/O
                         net (fo=2, routed)           0.464    12.653    i_ariane/i_cva6/issue_stage_i/i_issue_read_operands/acc_q[15]_i_16_n_1
    SLICE_X36Y12         LUT4 (Prop_lut4_I3_O)        0.124    12.777 r  i_ariane/i_cva6/issue_stage_i/i_issue_read_operands/acc_q[15]_i_20/O
                         net (fo=1, routed)           0.000    12.777    i_ariane/i_cva6/issue_stage_i/i_issue_read_operands/acc_q[15]_i_20_n_1
    SLICE_X36Y12         CARRY4 (Prop_carry4_S[1]_O[2])
                                                      0.578    13.355 r  i_ariane/i_cva6/issue_stage_i/i_issue_read_operands/acc_q_reg[15]_i_11/O[2]
                         net (fo=2, routed)           0.639    13.994    i_ariane/i_cva6/issue_stage_i/i_issue_read_operands/acc_q_reg[15]_i_11_n_6
    SLICE_X43Y12         LUT3 (Prop_lut3_I0_O)        0.301    14.295 r  i_ariane/i_cva6/issue_stage_i/i_issue_read_operands/acc_q[11]_i_3/O
                         net (fo=2, routed)           0.509    14.805    i_ariane/i_cva6/issue_stage_i/i_issue_read_operands/acc_q[11]_i_3_n_1
    SLICE_X42Y12         LUT4 (Prop_lut4_I3_O)        0.124    14.929 r  i_ariane/i_cva6/issue_stage_i/i_issue_read_operands/acc_q[11]_i_7/O
                         net (fo=1, routed)           0.000    14.929    i_ariane/i_cva6/issue_stage_i/i_issue_read_operands/acc_q[11]_i_7_n_1
    SLICE_X42Y12         CARRY4 (Prop_carry4_S[3]_CO[3])
                                                      0.376    15.305 r  i_ariane/i_cva6/issue_stage_i/i_issue_read_operands/acc_q_reg[11]_i_2/CO[3]
                         net (fo=1, routed)           0.000    15.305    i_ariane/i_cva6/issue_stage_i/i_issue_read_operands/acc_q_reg[11]_i_2_n_1
    SLICE_X42Y13         CARRY4 (Prop_carry4_CI_O[1])
                                                      0.323    15.628 r  i_ariane/i_cva6/issue_stage_i/i_issue_read_operands/acc_q_reg[15]_i_2/O[1]
                         net (fo=2, routed)           0.727    16.355    i_ariane/gen_example_coprocessor.i_cvxif_coprocessor/fifo_commit_i/gen_fpga_queue.fifo_ram/acc_q_reg[15][1]
    SLICE_X47Y15         LUT3 (Prop_lut3_I0_O)        0.300    16.655 r  i_ariane/gen_example_coprocessor.i_cvxif_coprocessor/fifo_commit_i/gen_fpga_queue.fifo_ram/mem_q[0][sbe][result][13]_i_2/O
                         net (fo=5, routed)           1.063    17.718    i_ariane/gen_example_coprocessor.i_cvxif_coprocessor/fifo_commit_i/gen_fpga_queue.fifo_ram/mem_q[0][sbe][result][31]_i_8_13
    SLICE_X56Y16         LUT2 (Prop_lut2_I1_O)        0.352    18.070 r  i_ariane/gen_example_coprocessor.i_cvxif_coprocessor/fifo_commit_i/gen_fpga_queue.fifo_ram/operand_g_q[13]_i_5/O
                         net (fo=8, routed)           0.887    18.957    i_ariane/i_cva6/issue_stage_i/i_scoreboard/x_result_ex_id[13]
    SLICE_X58Y15         LUT6 (Prop_lut6_I3_O)        0.332    19.289 r  i_ariane/i_cva6/issue_stage_i/i_scoreboard/operand_b_q[13]_i_9/O
                         net (fo=1, routed)           0.698    19.987    i_ariane/i_cva6/issue_stage_i/i_scoreboard/operand_b_q[13]_i_9_n_1
    SLICE_X63Y13         LUT5 (Prop_lut5_I3_O)        0.124    20.111 r  i_ariane/i_cva6/issue_stage_i/i_scoreboard/operand_b_q[13]_i_1_comp/O
                         net (fo=1, routed)           0.000    20.111    i_ariane/i_cva6/issue_stage_i/i_issue_read_operands/operand_b_q_reg[31]_7[13]
    SLICE_X63Y13         FDCE                                         r  i_ariane/i_cva6/issue_stage_i/i_issue_read_operands/operand_b_q_reg[13]/D
  -------------------------------------------------------------------    -------------------

                         (clock clk_out1_xlnx_clk_gen rise edge)
                                                     20.000    20.000 r  
    K17                                               0.000    20.000 r  clk_sys (IN)
                         net (fo=0)                   0.000    20.000    i_xlnx_clk_gen/inst/clk_in1
    K17                  IBUF (Prop_ibuf_I_O)         1.404    21.404 r  i_xlnx_clk_gen/inst/clkin1_ibufg/O
                         net (fo=1, routed)           1.162    22.566    i_xlnx_clk_gen/inst/clk_in1_xlnx_clk_gen
    MMCME2_ADV_X1Y2      MMCME2_ADV (Prop_mmcme2_adv_CLKIN1_CLKOUT0)
                                                     -7.814    14.752 r  i_xlnx_clk_gen/inst/mmcm_adv_inst/CLKOUT0
                         net (fo=1, routed)           2.012    16.764    i_xlnx_clk_gen/inst/clk_out1_xlnx_clk_gen
    BUFGCTRL_X0Y16       BUFG (Prop_bufg_I_O)         0.091    16.855 r  i_xlnx_clk_gen/inst/clkout1_buf/O
                         net (fo=20013, routed)       1.551    18.406    i_ariane/i_cva6/issue_stage_i/i_issue_read_operands/clk_out1
    SLICE_X63Y13         FDCE                                         r  i_ariane/i_cva6/issue_stage_i/i_issue_read_operands/operand_b_q_reg[13]/C
                         clock pessimism              0.467    18.873    
                         clock uncertainty           -0.079    18.794    
    SLICE_X63Y13         FDCE (Setup_fdce_C_D)        0.029    18.823    i_ariane/i_cva6/issue_stage_i/i_issue_read_operands/operand_b_q_reg[13]
  -------------------------------------------------------------------
                         required time                         18.823    
                         arrival time                         -20.111    
  -------------------------------------------------------------------
                         slack                                 -1.288    

Slack (VIOLATED) :        -1.211ns  (required time - arrival time)
  Source:                 i_ariane/i_cva6/issue_stage_i/i_issue_read_operands/cvxif_off_instr_q_reg[2]/C
                            (rising edge-triggered cell FDCE clocked by clk_out1_xlnx_clk_gen  {rise@0.000ns fall@10.000ns period=20.000ns})
  Destination:            i_ariane/i_cva6/issue_stage_i/i_issue_read_operands/operand_h_q_reg[22]/D
                            (rising edge-triggered cell FDCE clocked by clk_out1_xlnx_clk_gen  {rise@0.000ns fall@10.000ns period=20.000ns})
  Path Group:             clk_out1_xlnx_clk_gen
  Path Type:              Setup (Max at Slow Process Corner)
  Requirement:            20.000ns  (clk_out1_xlnx_clk_gen rise@20.000ns - clk_out1_xlnx_clk_gen rise@0.000ns)
  Data Path Delay:        21.138ns  (logic 7.163ns (33.888%)  route 13.975ns (66.112%))
  Logic Levels:           22  (CARRY4=8 LUT2=1 LUT3=6 LUT4=1 LUT5=3 LUT6=3)
  Clock Path Skew:        -0.071ns (DCD - SCD + CPR)
    Destination Clock Delay (DCD):    -1.664ns = ( 18.336 - 20.000 ) 
    Source Clock Delay      (SCD):    -1.025ns
    Clock Pessimism Removal (CPR):    0.567ns
  Clock Uncertainty:      0.079ns  ((TSJ^2 + DJ^2)^1/2) / 2 + PE
    Total System Jitter     (TSJ):    0.071ns
    Discrete Jitter          (DJ):    0.142ns
    Phase Error              (PE):    0.000ns

    Location             Delay type                Incr(ns)  Path(ns)    Netlist Resource(s)
  -------------------------------------------------------------------    -------------------
                         (clock clk_out1_xlnx_clk_gen rise edge)
                                                      0.000     0.000 r  
    K17                                               0.000     0.000 r  clk_sys (IN)
                         net (fo=0)                   0.000     0.000    i_xlnx_clk_gen/inst/clk_in1
    K17                  IBUF (Prop_ibuf_I_O)         1.475     1.475 r  i_xlnx_clk_gen/inst/clkin1_ibufg/O
                         net (fo=1, routed)           1.285     2.760    i_xlnx_clk_gen/inst/clk_in1_xlnx_clk_gen
    MMCME2_ADV_X1Y2      MMCME2_ADV (Prop_mmcme2_adv_CLKIN1_CLKOUT0)
                                                     -7.759    -4.999 r  i_xlnx_clk_gen/inst/mmcm_adv_inst/CLKOUT0
                         net (fo=1, routed)           2.206    -2.793    i_xlnx_clk_gen/inst/clk_out1_xlnx_clk_gen
    BUFGCTRL_X0Y16       BUFG (Prop_bufg_I_O)         0.101    -2.692 r  i_xlnx_clk_gen/inst/clkout1_buf/O
                         net (fo=20013, routed)       1.667    -1.025    i_ariane/i_cva6/issue_stage_i/i_issue_read_operands/clk_out1
    SLICE_X35Y10         FDCE                                         r  i_ariane/i_cva6/issue_stage_i/i_issue_read_operands/cvxif_off_instr_q_reg[2]/C
  -------------------------------------------------------------------    -------------------
    SLICE_X35Y10         FDCE (Prop_fdce_C_Q)         0.456    -0.569 f  i_ariane/i_cva6/issue_stage_i/i_issue_read_operands/cvxif_off_instr_q_reg[2]/Q
                         net (fo=3, routed)           0.815     0.245    i_ariane/i_cva6/issue_stage_i/i_issue_read_operands/x_off_instr_id_ex__0[2]
    SLICE_X35Y9          LUT5 (Prop_lut5_I4_O)        0.124     0.369 r  i_ariane/i_cva6/issue_stage_i/i_issue_read_operands/issue_block_cnt_q[4]_i_3/O
                         net (fo=8, routed)           0.845     1.214    i_ariane/i_cva6/issue_stage_i/i_issue_read_operands/issue_block_cnt_q[4]_i_3_n_1
    SLICE_X35Y10         LUT5 (Prop_lut5_I0_O)        0.152     1.366 r  i_ariane/i_cva6/issue_stage_i/i_issue_read_operands/mem_reg_0_7_0_5_i_12/O
                         net (fo=9, routed)           0.642     2.008    i_ariane/gen_example_coprocessor.i_cvxif_coprocessor/fifo_commit_i/gen_fpga_queue.fifo_ram/issue_is_mac16buf_para
    SLICE_X33Y13         LUT3 (Prop_lut3_I0_O)        0.332     2.340 r  i_ariane/gen_example_coprocessor.i_cvxif_coprocessor/fifo_commit_i/gen_fpga_queue.fifo_ram/acc_q[19]_i_511/O
                         net (fo=114, routed)         1.474     3.815    i_ariane/gen_example_coprocessor.i_cvxif_coprocessor/fifo_commit_i/gen_fpga_queue.fifo_ram/acc_q[19]_i_511_n_1
    SLICE_X30Y22         LUT5 (Prop_lut5_I4_O)        0.124     3.939 r  i_ariane/gen_example_coprocessor.i_cvxif_coprocessor/fifo_commit_i/gen_fpga_queue.fifo_ram/acc_q[15]_i_331/O
                         net (fo=19, routed)          0.833     4.772    i_ariane/i_cva6/issue_stage_i/i_issue_read_operands/acc_q_reg[23]_i_210_0
    SLICE_X28Y19         LUT6 (Prop_lut6_I1_O)        0.124     4.896 r  i_ariane/i_cva6/issue_stage_i/i_issue_read_operands/acc_q[23]_i_343/O
                         net (fo=1, routed)           0.804     5.700    i_ariane/i_cva6/issue_stage_i/i_issue_read_operands/acc_q[23]_i_343_n_1
    SLICE_X30Y16         CARRY4 (Prop_carry4_DI[0]_CO[3])
                                                      0.550     6.250 r  i_ariane/i_cva6/issue_stage_i/i_issue_read_operands/acc_q_reg[23]_i_212/CO[3]
                         net (fo=1, routed)           0.000     6.250    i_ariane/i_cva6/issue_stage_i/i_issue_read_operands/acc_q_reg[23]_i_212_n_1
    SLICE_X30Y17         CARRY4 (Prop_carry4_CI_O[0])
                                                      0.219     6.469 r  i_ariane/i_cva6/issue_stage_i/i_issue_read_operands/acc_q_reg[31]_i_275/O[0]
                         net (fo=2, routed)           0.581     7.050    i_ariane/i_cva6/issue_stage_i/i_issue_read_operands/acc_q_reg[31]_i_275_n_8
    SLICE_X30Y18         LUT3 (Prop_lut3_I2_O)        0.295     7.345 r  i_ariane/i_cva6/issue_stage_i/i_issue_read_operands/acc_q[23]_i_118/O
                         net (fo=2, routed)           0.986     8.331    i_ariane/i_cva6/issue_stage_i/i_issue_read_operands/acc_q[23]_i_118_n_1
    SLICE_X29Y17         CARRY4 (Prop_carry4_DI[1]_CO[3])
                                                      0.507     8.838 r  i_ariane/i_cva6/issue_stage_i/i_issue_read_operands/acc_q_reg[23]_i_71/CO[3]
                         net (fo=1, routed)           0.000     8.838    i_ariane/i_cva6/issue_stage_i/i_issue_read_operands/acc_q_reg[23]_i_71_n_1
    SLICE_X29Y18         CARRY4 (Prop_carry4_CI_O[3])
                                                      0.313     9.151 r  i_ariane/i_cva6/issue_stage_i/i_issue_read_operands/acc_q_reg[31]_i_114/O[3]
                         net (fo=4, routed)           0.776     9.927    i_ariane/i_cva6/issue_stage_i/i_issue_read_operands/acc_q_reg[31]_i_114_n_5
    SLICE_X26Y17         LUT3 (Prop_lut3_I1_O)        0.306    10.233 r  i_ariane/i_cva6/issue_stage_i/i_issue_read_operands/acc_q[23]_i_37/O
                         net (fo=1, routed)           0.666    10.899    i_ariane/i_cva6/issue_stage_i/i_issue_read_operands/acc_q[23]_i_37_n_1
    SLICE_X31Y15         CARRY4 (Prop_carry4_DI[3]_CO[3])
                                                      0.385    11.284 r  i_ariane/i_cva6/issue_stage_i/i_issue_read_operands/acc_q_reg[23]_i_25/CO[3]
                         net (fo=1, routed)           0.000    11.284    i_ariane/i_cva6/issue_stage_i/i_issue_read_operands/acc_q_reg[23]_i_25_n_1
    SLICE_X31Y16         CARRY4 (Prop_carry4_CI_O[0])
                                                      0.222    11.506 r  i_ariane/i_cva6/issue_stage_i/i_issue_read_operands/acc_q_reg[31]_i_42/O[0]
                         net (fo=2, routed)           0.992    12.499    i_ariane/i_cva6/issue_stage_i/i_issue_read_operands/acc_q_reg[31]_i_42_n_8
    SLICE_X35Y14         LUT3 (Prop_lut3_I1_O)        0.299    12.798 r  i_ariane/i_cva6/issue_stage_i/i_issue_read_operands/acc_q[23]_i_13/O
                         net (fo=2, routed)           0.695    13.492    i_ariane/i_cva6/issue_stage_i/i_issue_read_operands/acc_q[23]_i_13_n_1
    SLICE_X36Y14         LUT4 (Prop_lut4_I0_O)        0.124    13.616 r  i_ariane/i_cva6/issue_stage_i/i_issue_read_operands/acc_q[23]_i_17/O
                         net (fo=1, routed)           0.000    13.616    i_ariane/i_cva6/issue_stage_i/i_issue_read_operands/acc_q[23]_i_17_n_1
    SLICE_X36Y14         CARRY4 (Prop_carry4_S[1]_O[3])
                                                      0.643    14.259 r  i_ariane/i_cva6/issue_stage_i/i_issue_read_operands/acc_q_reg[23]_i_11/O[3]
                         net (fo=2, routed)           0.723    14.982    i_ariane/i_cva6/issue_stage_i/i_issue_read_operands/acc_q_reg[23]_i_11_n_5
    SLICE_X43Y14         LUT3 (Prop_lut3_I0_O)        0.307    15.289 r  i_ariane/i_cva6/issue_stage_i/i_issue_read_operands/acc_q[23]_i_6/O
                         net (fo=2, routed)           0.529    15.818    i_ariane/i_cva6/issue_stage_i/i_issue_read_operands/acc_q[23]_i_6_n_1
    SLICE_X42Y15         CARRY4 (Prop_carry4_DI[0]_O[2])
                                                      0.579    16.397 r  i_ariane/i_cva6/issue_stage_i/i_issue_read_operands/acc_q_reg[23]_i_2/O[2]
                         net (fo=2, routed)           0.603    17.000    i_ariane/gen_example_coprocessor.i_cvxif_coprocessor/fifo_commit_i/gen_fpga_queue.fifo_ram/acc_q_reg[23][2]
    SLICE_X43Y20         LUT3 (Prop_lut3_I0_O)        0.295    17.295 r  i_ariane/gen_example_coprocessor.i_cvxif_coprocessor/fifo_commit_i/gen_fpga_queue.fifo_ram/mem_q[0][sbe][result][22]_i_2/O
                         net (fo=5, routed)           0.631    17.926    i_ariane/gen_example_coprocessor.i_cvxif_coprocessor/fifo_commit_i/gen_fpga_queue.fifo_ram/mem_q[0][sbe][result][31]_i_8_22
    SLICE_X40Y21         LUT2 (Prop_lut2_I1_O)        0.351    18.277 r  i_ariane/gen_example_coprocessor.i_cvxif_coprocessor/fifo_commit_i/gen_fpga_queue.fifo_ram/operand_g_q[22]_i_5/O
                         net (fo=8, routed)           0.719    18.995    i_ariane/i_cva6/issue_stage_i/i_scoreboard/x_result_ex_id[22]
    SLICE_X39Y27         LUT6 (Prop_lut6_I3_O)        0.332    19.327 r  i_ariane/i_cva6/issue_stage_i/i_scoreboard/operand_h_q[22]_i_3/O
                         net (fo=1, routed)           0.661    19.988    i_ariane/i_cva6/issue_stage_i/i_scoreboard/operand_h_q[22]_i_3_n_1
    SLICE_X38Y27         LUT6 (Prop_lut6_I4_O)        0.124    20.112 r  i_ariane/i_cva6/issue_stage_i/i_scoreboard/operand_h_q[22]_i_1/O
                         net (fo=1, routed)           0.000    20.112    i_ariane/i_cva6/issue_stage_i/i_issue_read_operands/operand_h_q_reg[31]_4[22]
    SLICE_X38Y27         FDCE                                         r  i_ariane/i_cva6/issue_stage_i/i_issue_read_operands/operand_h_q_reg[22]/D
  -------------------------------------------------------------------    -------------------

                         (clock clk_out1_xlnx_clk_gen rise edge)
                                                     20.000    20.000 r  
    K17                                               0.000    20.000 r  clk_sys (IN)
                         net (fo=0)                   0.000    20.000    i_xlnx_clk_gen/inst/clk_in1
    K17                  IBUF (Prop_ibuf_I_O)         1.404    21.404 r  i_xlnx_clk_gen/inst/clkin1_ibufg/O
                         net (fo=1, routed)           1.162    22.566    i_xlnx_clk_gen/inst/clk_in1_xlnx_clk_gen
    MMCME2_ADV_X1Y2      MMCME2_ADV (Prop_mmcme2_adv_CLKIN1_CLKOUT0)
                                                     -7.814    14.752 r  i_xlnx_clk_gen/inst/mmcm_adv_inst/CLKOUT0
                         net (fo=1, routed)           2.012    16.764    i_xlnx_clk_gen/inst/clk_out1_xlnx_clk_gen
    BUFGCTRL_X0Y16       BUFG (Prop_bufg_I_O)         0.091    16.855 r  i_xlnx_clk_gen/inst/clkout1_buf/O
                         net (fo=20013, routed)       1.481    18.336    i_ariane/i_cva6/issue_stage_i/i_issue_read_operands/clk_out1
    SLICE_X38Y27         FDCE                                         r  i_ariane/i_cva6/issue_stage_i/i_issue_read_operands/operand_h_q_reg[22]/C
                         clock pessimism              0.567    18.904    
                         clock uncertainty           -0.079    18.824    
    SLICE_X38Y27         FDCE (Setup_fdce_C_D)        0.077    18.901    i_ariane/i_cva6/issue_stage_i/i_issue_read_operands/operand_h_q_reg[22]
  -------------------------------------------------------------------
                         required time                         18.901    
                         arrival time                         -20.112    
  -------------------------------------------------------------------
                         slack                                 -1.211    

Slack (VIOLATED) :        -1.138ns  (required time - arrival time)
  Source:                 i_ariane/i_cva6/issue_stage_i/i_issue_read_operands/cvxif_off_instr_q_reg[2]/C
                            (rising edge-triggered cell FDCE clocked by clk_out1_xlnx_clk_gen  {rise@0.000ns fall@10.000ns period=20.000ns})
  Destination:            i_ariane/i_cva6/issue_stage_i/i_issue_read_operands/operand_e_q_reg[22]/D
                            (rising edge-triggered cell FDCE clocked by clk_out1_xlnx_clk_gen  {rise@0.000ns fall@10.000ns period=20.000ns})
  Path Group:             clk_out1_xlnx_clk_gen
  Path Type:              Setup (Max at Slow Process Corner)
  Requirement:            20.000ns  (clk_out1_xlnx_clk_gen rise@20.000ns - clk_out1_xlnx_clk_gen rise@0.000ns)
  Data Path Delay:        21.019ns  (logic 7.163ns (34.079%)  route 13.856ns (65.921%))
  Logic Levels:           22  (CARRY4=8 LUT2=1 LUT3=6 LUT4=1 LUT5=3 LUT6=3)
  Clock Path Skew:        -0.069ns (DCD - SCD + CPR)
    Destination Clock Delay (DCD):    -1.662ns = ( 18.338 - 20.000 ) 
    Source Clock Delay      (SCD):    -1.025ns
    Clock Pessimism Removal (CPR):    0.567ns
  Clock Uncertainty:      0.079ns  ((TSJ^2 + DJ^2)^1/2) / 2 + PE
    Total System Jitter     (TSJ):    0.071ns
    Discrete Jitter          (DJ):    0.142ns
    Phase Error              (PE):    0.000ns

    Location             Delay type                Incr(ns)  Path(ns)    Netlist Resource(s)
  -------------------------------------------------------------------    -------------------
                         (clock clk_out1_xlnx_clk_gen rise edge)
                                                      0.000     0.000 r  
    K17                                               0.000     0.000 r  clk_sys (IN)
                         net (fo=0)                   0.000     0.000    i_xlnx_clk_gen/inst/clk_in1
    K17                  IBUF (Prop_ibuf_I_O)         1.475     1.475 r  i_xlnx_clk_gen/inst/clkin1_ibufg/O
                         net (fo=1, routed)           1.285     2.760    i_xlnx_clk_gen/inst/clk_in1_xlnx_clk_gen
    MMCME2_ADV_X1Y2      MMCME2_ADV (Prop_mmcme2_adv_CLKIN1_CLKOUT0)
                                                     -7.759    -4.999 r  i_xlnx_clk_gen/inst/mmcm_adv_inst/CLKOUT0
                         net (fo=1, routed)           2.206    -2.793    i_xlnx_clk_gen/inst/clk_out1_xlnx_clk_gen
    BUFGCTRL_X0Y16       BUFG (Prop_bufg_I_O)         0.101    -2.692 r  i_xlnx_clk_gen/inst/clkout1_buf/O
                         net (fo=20013, routed)       1.667    -1.025    i_ariane/i_cva6/issue_stage_i/i_issue_read_operands/clk_out1
    SLICE_X35Y10         FDCE                                         r  i_ariane/i_cva6/issue_stage_i/i_issue_read_operands/cvxif_off_instr_q_reg[2]/C
  -------------------------------------------------------------------    -------------------
    SLICE_X35Y10         FDCE (Prop_fdce_C_Q)         0.456    -0.569 f  i_ariane/i_cva6/issue_stage_i/i_issue_read_operands/cvxif_off_instr_q_reg[2]/Q
                         net (fo=3, routed)           0.815     0.245    i_ariane/i_cva6/issue_stage_i/i_issue_read_operands/x_off_instr_id_ex__0[2]
    SLICE_X35Y9          LUT5 (Prop_lut5_I4_O)        0.124     0.369 r  i_ariane/i_cva6/issue_stage_i/i_issue_read_operands/issue_block_cnt_q[4]_i_3/O
                         net (fo=8, routed)           0.845     1.214    i_ariane/i_cva6/issue_stage_i/i_issue_read_operands/issue_block_cnt_q[4]_i_3_n_1
    SLICE_X35Y10         LUT5 (Prop_lut5_I0_O)        0.152     1.366 r  i_ariane/i_cva6/issue_stage_i/i_issue_read_operands/mem_reg_0_7_0_5_i_12/O
                         net (fo=9, routed)           0.642     2.008    i_ariane/gen_example_coprocessor.i_cvxif_coprocessor/fifo_commit_i/gen_fpga_queue.fifo_ram/issue_is_mac16buf_para
    SLICE_X33Y13         LUT3 (Prop_lut3_I0_O)        0.332     2.340 r  i_ariane/gen_example_coprocessor.i_cvxif_coprocessor/fifo_commit_i/gen_fpga_queue.fifo_ram/acc_q[19]_i_511/O
                         net (fo=114, routed)         1.474     3.815    i_ariane/gen_example_coprocessor.i_cvxif_coprocessor/fifo_commit_i/gen_fpga_queue.fifo_ram/acc_q[19]_i_511_n_1
    SLICE_X30Y22         LUT5 (Prop_lut5_I4_O)        0.124     3.939 r  i_ariane/gen_example_coprocessor.i_cvxif_coprocessor/fifo_commit_i/gen_fpga_queue.fifo_ram/acc_q[15]_i_331/O
                         net (fo=19, routed)          0.833     4.772    i_ariane/i_cva6/issue_stage_i/i_issue_read_operands/acc_q_reg[23]_i_210_0
    SLICE_X28Y19         LUT6 (Prop_lut6_I1_O)        0.124     4.896 r  i_ariane/i_cva6/issue_stage_i/i_issue_read_operands/acc_q[23]_i_343/O
                         net (fo=1, routed)           0.804     5.700    i_ariane/i_cva6/issue_stage_i/i_issue_read_operands/acc_q[23]_i_343_n_1
    SLICE_X30Y16         CARRY4 (Prop_carry4_DI[0]_CO[3])
                                                      0.550     6.250 r  i_ariane/i_cva6/issue_stage_i/i_issue_read_operands/acc_q_reg[23]_i_212/CO[3]
                         net (fo=1, routed)           0.000     6.250    i_ariane/i_cva6/issue_stage_i/i_issue_read_operands/acc_q_reg[23]_i_212_n_1
    SLICE_X30Y17         CARRY4 (Prop_carry4_CI_O[0])
                                                      0.219     6.469 r  i_ariane/i_cva6/issue_stage_i/i_issue_read_operands/acc_q_reg[31]_i_275/O[0]
                         net (fo=2, routed)           0.581     7.050    i_ariane/i_cva6/issue_stage_i/i_issue_read_operands/acc_q_reg[31]_i_275_n_8
    SLICE_X30Y18         LUT3 (Prop_lut3_I2_O)        0.295     7.345 r  i_ariane/i_cva6/issue_stage_i/i_issue_read_operands/acc_q[23]_i_118/O
                         net (fo=2, routed)           0.986     8.331    i_ariane/i_cva6/issue_stage_i/i_issue_read_operands/acc_q[23]_i_118_n_1
    SLICE_X29Y17         CARRY4 (Prop_carry4_DI[1]_CO[3])
                                                      0.507     8.838 r  i_ariane/i_cva6/issue_stage_i/i_issue_read_operands/acc_q_reg[23]_i_71/CO[3]
                         net (fo=1, routed)           0.000     8.838    i_ariane/i_cva6/issue_stage_i/i_issue_read_operands/acc_q_reg[23]_i_71_n_1
    SLICE_X29Y18         CARRY4 (Prop_carry4_CI_O[3])
                                                      0.313     9.151 r  i_ariane/i_cva6/issue_stage_i/i_issue_read_operands/acc_q_reg[31]_i_114/O[3]
                         net (fo=4, routed)           0.776     9.927    i_ariane/i_cva6/issue_stage_i/i_issue_read_operands/acc_q_reg[31]_i_114_n_5
    SLICE_X26Y17         LUT3 (Prop_lut3_I1_O)        0.306    10.233 r  i_ariane/i_cva6/issue_stage_i/i_issue_read_operands/acc_q[23]_i_37/O
                         net (fo=1, routed)           0.666    10.899    i_ariane/i_cva6/issue_stage_i/i_issue_read_operands/acc_q[23]_i_37_n_1
    SLICE_X31Y15         CARRY4 (Prop_carry4_DI[3]_CO[3])
                                                      0.385    11.284 r  i_ariane/i_cva6/issue_stage_i/i_issue_read_operands/acc_q_reg[23]_i_25/CO[3]
                         net (fo=1, routed)           0.000    11.284    i_ariane/i_cva6/issue_stage_i/i_issue_read_operands/acc_q_reg[23]_i_25_n_1
    SLICE_X31Y16         CARRY4 (Prop_carry4_CI_O[0])
                                                      0.222    11.506 r  i_ariane/i_cva6/issue_stage_i/i_issue_read_operands/acc_q_reg[31]_i_42/O[0]
                         net (fo=2, routed)           0.992    12.499    i_ariane/i_cva6/issue_stage_i/i_issue_read_operands/acc_q_reg[31]_i_42_n_8
    SLICE_X35Y14         LUT3 (Prop_lut3_I1_O)        0.299    12.798 r  i_ariane/i_cva6/issue_stage_i/i_issue_read_operands/acc_q[23]_i_13/O
                         net (fo=2, routed)           0.695    13.492    i_ariane/i_cva6/issue_stage_i/i_issue_read_operands/acc_q[23]_i_13_n_1
    SLICE_X36Y14         LUT4 (Prop_lut4_I0_O)        0.124    13.616 r  i_ariane/i_cva6/issue_stage_i/i_issue_read_operands/acc_q[23]_i_17/O
                         net (fo=1, routed)           0.000    13.616    i_ariane/i_cva6/issue_stage_i/i_issue_read_operands/acc_q[23]_i_17_n_1
    SLICE_X36Y14         CARRY4 (Prop_carry4_S[1]_O[3])
                                                      0.643    14.259 r  i_ariane/i_cva6/issue_stage_i/i_issue_read_operands/acc_q_reg[23]_i_11/O[3]
                         net (fo=2, routed)           0.723    14.982    i_ariane/i_cva6/issue_stage_i/i_issue_read_operands/acc_q_reg[23]_i_11_n_5
    SLICE_X43Y14         LUT3 (Prop_lut3_I0_O)        0.307    15.289 r  i_ariane/i_cva6/issue_stage_i/i_issue_read_operands/acc_q[23]_i_6/O
                         net (fo=2, routed)           0.529    15.818    i_ariane/i_cva6/issue_stage_i/i_issue_read_operands/acc_q[23]_i_6_n_1
    SLICE_X42Y15         CARRY4 (Prop_carry4_DI[0]_O[2])
                                                      0.579    16.397 r  i_ariane/i_cva6/issue_stage_i/i_issue_read_operands/acc_q_reg[23]_i_2/O[2]
                         net (fo=2, routed)           0.603    17.000    i_ariane/gen_example_coprocessor.i_cvxif_coprocessor/fifo_commit_i/gen_fpga_queue.fifo_ram/acc_q_reg[23][2]
    SLICE_X43Y20         LUT3 (Prop_lut3_I0_O)        0.295    17.295 r  i_ariane/gen_example_coprocessor.i_cvxif_coprocessor/fifo_commit_i/gen_fpga_queue.fifo_ram/mem_q[0][sbe][result][22]_i_2/O
                         net (fo=5, routed)           0.631    17.926    i_ariane/gen_example_coprocessor.i_cvxif_coprocessor/fifo_commit_i/gen_fpga_queue.fifo_ram/mem_q[0][sbe][result][31]_i_8_22
    SLICE_X40Y21         LUT2 (Prop_lut2_I1_O)        0.351    18.277 r  i_ariane/gen_example_coprocessor.i_cvxif_coprocessor/fifo_commit_i/gen_fpga_queue.fifo_ram/operand_g_q[22]_i_5/O
                         net (fo=8, routed)           0.851    19.128    i_ariane/i_cva6/issue_stage_i/i_scoreboard/x_result_ex_id[22]
    SLICE_X42Y27         LUT6 (Prop_lut6_I3_O)        0.332    19.460 r  i_ariane/i_cva6/issue_stage_i/i_scoreboard/operand_e_q[22]_i_4/O
                         net (fo=1, routed)           0.410    19.870    i_ariane/i_cva6/issue_stage_i/i_scoreboard/operand_e_q[22]_i_4_n_1
    SLICE_X40Y28         LUT6 (Prop_lut6_I4_O)        0.124    19.994 r  i_ariane/i_cva6/issue_stage_i/i_scoreboard/operand_e_q[22]_i_1/O
                         net (fo=1, routed)           0.000    19.994    i_ariane/i_cva6/issue_stage_i/i_issue_read_operands/operand_e_q_reg[31]_3[22]
    SLICE_X40Y28         FDCE                                         r  i_ariane/i_cva6/issue_stage_i/i_issue_read_operands/operand_e_q_reg[22]/D
  -------------------------------------------------------------------    -------------------

                         (clock clk_out1_xlnx_clk_gen rise edge)
                                                     20.000    20.000 r  
    K17                                               0.000    20.000 r  clk_sys (IN)
                         net (fo=0)                   0.000    20.000    i_xlnx_clk_gen/inst/clk_in1
    K17                  IBUF (Prop_ibuf_I_O)         1.404    21.404 r  i_xlnx_clk_gen/inst/clkin1_ibufg/O
                         net (fo=1, routed)           1.162    22.566    i_xlnx_clk_gen/inst/clk_in1_xlnx_clk_gen
    MMCME2_ADV_X1Y2      MMCME2_ADV (Prop_mmcme2_adv_CLKIN1_CLKOUT0)
                                                     -7.814    14.752 r  i_xlnx_clk_gen/inst/mmcm_adv_inst/CLKOUT0
                         net (fo=1, routed)           2.012    16.764    i_xlnx_clk_gen/inst/clk_out1_xlnx_clk_gen
    BUFGCTRL_X0Y16       BUFG (Prop_bufg_I_O)         0.091    16.855 r  i_xlnx_clk_gen/inst/clkout1_buf/O
                         net (fo=20013, routed)       1.483    18.338    i_ariane/i_cva6/issue_stage_i/i_issue_read_operands/clk_out1
    SLICE_X40Y28         FDCE                                         r  i_ariane/i_cva6/issue_stage_i/i_issue_read_operands/operand_e_q_reg[22]/C
                         clock pessimism              0.567    18.906    
                         clock uncertainty           -0.079    18.826    
    SLICE_X40Y28         FDCE (Setup_fdce_C_D)        0.029    18.855    i_ariane/i_cva6/issue_stage_i/i_issue_read_operands/operand_e_q_reg[22]
  -------------------------------------------------------------------
                         required time                         18.855    
                         arrival time                         -19.994    
  -------------------------------------------------------------------
                         slack                                 -1.138    

Slack (VIOLATED) :        -1.136ns  (required time - arrival time)
  Source:                 i_ariane/i_cva6/issue_stage_i/i_issue_read_operands/cvxif_off_instr_q_reg[2]/C
                            (rising edge-triggered cell FDCE clocked by clk_out1_xlnx_clk_gen  {rise@0.000ns fall@10.000ns period=20.000ns})
  Destination:            i_ariane/i_cva6/issue_stage_i/i_issue_read_operands/operand_g_q_reg[29]/D
                            (rising edge-triggered cell FDCE clocked by clk_out1_xlnx_clk_gen  {rise@0.000ns fall@10.000ns period=20.000ns})
  Path Group:             clk_out1_xlnx_clk_gen
  Path Type:              Setup (Max at Slow Process Corner)
  Requirement:            20.000ns  (clk_out1_xlnx_clk_gen rise@20.000ns - clk_out1_xlnx_clk_gen rise@0.000ns)
  Data Path Delay:        21.013ns  (logic 7.238ns (34.446%)  route 13.775ns (65.554%))
  Logic Levels:           24  (CARRY4=10 LUT2=1 LUT3=6 LUT4=1 LUT5=3 LUT6=3)
  Clock Path Skew:        -0.075ns (DCD - SCD + CPR)
    Destination Clock Delay (DCD):    -1.668ns = ( 18.332 - 20.000 ) 
    Source Clock Delay      (SCD):    -1.025ns
    Clock Pessimism Removal (CPR):    0.567ns
  Clock Uncertainty:      0.079ns  ((TSJ^2 + DJ^2)^1/2) / 2 + PE
    Total System Jitter     (TSJ):    0.071ns
    Discrete Jitter          (DJ):    0.142ns
    Phase Error              (PE):    0.000ns

    Location             Delay type                Incr(ns)  Path(ns)    Netlist Resource(s)
  -------------------------------------------------------------------    -------------------
                         (clock clk_out1_xlnx_clk_gen rise edge)
                                                      0.000     0.000 r  
    K17                                               0.000     0.000 r  clk_sys (IN)
                         net (fo=0)                   0.000     0.000    i_xlnx_clk_gen/inst/clk_in1
    K17                  IBUF (Prop_ibuf_I_O)         1.475     1.475 r  i_xlnx_clk_gen/inst/clkin1_ibufg/O
                         net (fo=1, routed)           1.285     2.760    i_xlnx_clk_gen/inst/clk_in1_xlnx_clk_gen
    MMCME2_ADV_X1Y2      MMCME2_ADV (Prop_mmcme2_adv_CLKIN1_CLKOUT0)
                                                     -7.759    -4.999 r  i_xlnx_clk_gen/inst/mmcm_adv_inst/CLKOUT0
                         net (fo=1, routed)           2.206    -2.793    i_xlnx_clk_gen/inst/clk_out1_xlnx_clk_gen
    BUFGCTRL_X0Y16       BUFG (Prop_bufg_I_O)         0.101    -2.692 r  i_xlnx_clk_gen/inst/clkout1_buf/O
                         net (fo=20013, routed)       1.667    -1.025    i_ariane/i_cva6/issue_stage_i/i_issue_read_operands/clk_out1
    SLICE_X35Y10         FDCE                                         r  i_ariane/i_cva6/issue_stage_i/i_issue_read_operands/cvxif_off_instr_q_reg[2]/C
  -------------------------------------------------------------------    -------------------
    SLICE_X35Y10         FDCE (Prop_fdce_C_Q)         0.456    -0.569 f  i_ariane/i_cva6/issue_stage_i/i_issue_read_operands/cvxif_off_instr_q_reg[2]/Q
                         net (fo=3, routed)           0.815     0.245    i_ariane/i_cva6/issue_stage_i/i_issue_read_operands/x_off_instr_id_ex__0[2]
    SLICE_X35Y9          LUT5 (Prop_lut5_I4_O)        0.124     0.369 r  i_ariane/i_cva6/issue_stage_i/i_issue_read_operands/issue_block_cnt_q[4]_i_3/O
                         net (fo=8, routed)           0.845     1.214    i_ariane/i_cva6/issue_stage_i/i_issue_read_operands/issue_block_cnt_q[4]_i_3_n_1
    SLICE_X35Y10         LUT5 (Prop_lut5_I0_O)        0.152     1.366 r  i_ariane/i_cva6/issue_stage_i/i_issue_read_operands/mem_reg_0_7_0_5_i_12/O
                         net (fo=9, routed)           0.642     2.008    i_ariane/gen_example_coprocessor.i_cvxif_coprocessor/fifo_commit_i/gen_fpga_queue.fifo_ram/issue_is_mac16buf_para
    SLICE_X33Y13         LUT3 (Prop_lut3_I0_O)        0.332     2.340 r  i_ariane/gen_example_coprocessor.i_cvxif_coprocessor/fifo_commit_i/gen_fpga_queue.fifo_ram/acc_q[19]_i_511/O
                         net (fo=114, routed)         1.474     3.815    i_ariane/gen_example_coprocessor.i_cvxif_coprocessor/fifo_commit_i/gen_fpga_queue.fifo_ram/acc_q[19]_i_511_n_1
    SLICE_X30Y22         LUT5 (Prop_lut5_I4_O)        0.124     3.939 r  i_ariane/gen_example_coprocessor.i_cvxif_coprocessor/fifo_commit_i/gen_fpga_queue.fifo_ram/acc_q[15]_i_331/O
                         net (fo=19, routed)          0.833     4.772    i_ariane/i_cva6/issue_stage_i/i_issue_read_operands/acc_q_reg[23]_i_210_0
    SLICE_X28Y19         LUT6 (Prop_lut6_I1_O)        0.124     4.896 r  i_ariane/i_cva6/issue_stage_i/i_issue_read_operands/acc_q[23]_i_343/O
                         net (fo=1, routed)           0.804     5.700    i_ariane/i_cva6/issue_stage_i/i_issue_read_operands/acc_q[23]_i_343_n_1
    SLICE_X30Y16         CARRY4 (Prop_carry4_DI[0]_CO[3])
                                                      0.550     6.250 r  i_ariane/i_cva6/issue_stage_i/i_issue_read_operands/acc_q_reg[23]_i_212/CO[3]
                         net (fo=1, routed)           0.000     6.250    i_ariane/i_cva6/issue_stage_i/i_issue_read_operands/acc_q_reg[23]_i_212_n_1
    SLICE_X30Y17         CARRY4 (Prop_carry4_CI_O[0])
                                                      0.219     6.469 r  i_ariane/i_cva6/issue_stage_i/i_issue_read_operands/acc_q_reg[31]_i_275/O[0]
                         net (fo=2, routed)           0.581     7.050    i_ariane/i_cva6/issue_stage_i/i_issue_read_operands/acc_q_reg[31]_i_275_n_8
    SLICE_X30Y18         LUT3 (Prop_lut3_I2_O)        0.295     7.345 r  i_ariane/i_cva6/issue_stage_i/i_issue_read_operands/acc_q[23]_i_118/O
                         net (fo=2, routed)           0.986     8.331    i_ariane/i_cva6/issue_stage_i/i_issue_read_operands/acc_q[23]_i_118_n_1
    SLICE_X29Y17         CARRY4 (Prop_carry4_DI[1]_CO[3])
                                                      0.507     8.838 r  i_ariane/i_cva6/issue_stage_i/i_issue_read_operands/acc_q_reg[23]_i_71/CO[3]
                         net (fo=1, routed)           0.000     8.838    i_ariane/i_cva6/issue_stage_i/i_issue_read_operands/acc_q_reg[23]_i_71_n_1
    SLICE_X29Y18         CARRY4 (Prop_carry4_CI_O[3])
                                                      0.313     9.151 r  i_ariane/i_cva6/issue_stage_i/i_issue_read_operands/acc_q_reg[31]_i_114/O[3]
                         net (fo=4, routed)           0.776     9.927    i_ariane/i_cva6/issue_stage_i/i_issue_read_operands/acc_q_reg[31]_i_114_n_5
    SLICE_X26Y17         LUT3 (Prop_lut3_I1_O)        0.306    10.233 r  i_ariane/i_cva6/issue_stage_i/i_issue_read_operands/acc_q[23]_i_37/O
                         net (fo=1, routed)           0.666    10.899    i_ariane/i_cva6/issue_stage_i/i_issue_read_operands/acc_q[23]_i_37_n_1
    SLICE_X31Y15         CARRY4 (Prop_carry4_DI[3]_CO[3])
                                                      0.385    11.284 r  i_ariane/i_cva6/issue_stage_i/i_issue_read_operands/acc_q_reg[23]_i_25/CO[3]
                         net (fo=1, routed)           0.000    11.284    i_ariane/i_cva6/issue_stage_i/i_issue_read_operands/acc_q_reg[23]_i_25_n_1
    SLICE_X31Y16         CARRY4 (Prop_carry4_CI_O[0])
                                                      0.222    11.506 r  i_ariane/i_cva6/issue_stage_i/i_issue_read_operands/acc_q_reg[31]_i_42/O[0]
                         net (fo=2, routed)           0.992    12.499    i_ariane/i_cva6/issue_stage_i/i_issue_read_operands/acc_q_reg[31]_i_42_n_8
    SLICE_X35Y14         LUT3 (Prop_lut3_I1_O)        0.299    12.798 r  i_ariane/i_cva6/issue_stage_i/i_issue_read_operands/acc_q[23]_i_13/O
                         net (fo=2, routed)           0.695    13.492    i_ariane/i_cva6/issue_stage_i/i_issue_read_operands/acc_q[23]_i_13_n_1
    SLICE_X36Y14         LUT4 (Prop_lut4_I0_O)        0.124    13.616 r  i_ariane/i_cva6/issue_stage_i/i_issue_read_operands/acc_q[23]_i_17/O
                         net (fo=1, routed)           0.000    13.616    i_ariane/i_cva6/issue_stage_i/i_issue_read_operands/acc_q[23]_i_17_n_1
    SLICE_X36Y14         CARRY4 (Prop_carry4_S[1]_CO[3])
                                                      0.533    14.149 r  i_ariane/i_cva6/issue_stage_i/i_issue_read_operands/acc_q_reg[23]_i_11/CO[3]
                         net (fo=1, routed)           0.000    14.149    i_ariane/i_cva6/issue_stage_i/i_issue_read_operands/acc_q_reg[23]_i_11_n_1
    SLICE_X36Y15         CARRY4 (Prop_carry4_CI_O[3])
                                                      0.315    14.464 r  i_ariane/i_cva6/issue_stage_i/i_issue_read_operands/acc_q_reg[27]_i_11/O[3]
                         net (fo=2, routed)           0.687    15.152    i_ariane/i_cva6/issue_stage_i/i_issue_read_operands/acc_q_reg[27]_i_11_n_5
    SLICE_X46Y16         LUT3 (Prop_lut3_I0_O)        0.307    15.459 r  i_ariane/i_cva6/issue_stage_i/i_issue_read_operands/acc_q[27]_i_6/O
                         net (fo=2, routed)           0.483    15.942    i_ariane/i_cva6/issue_stage_i/i_issue_read_operands/acc_q[27]_i_6_n_1
    SLICE_X42Y16         CARRY4 (Prop_carry4_DI[0]_CO[3])
                                                      0.550    16.492 r  i_ariane/i_cva6/issue_stage_i/i_issue_read_operands/acc_q_reg[27]_i_2/CO[3]
                         net (fo=1, routed)           0.000    16.492    i_ariane/i_cva6/issue_stage_i/i_issue_read_operands/acc_q_reg[27]_i_2_n_1
    SLICE_X42Y17         CARRY4 (Prop_carry4_CI_O[1])
                                                      0.323    16.815 r  i_ariane/i_cva6/issue_stage_i/i_issue_read_operands/acc_q_reg[31]_i_6/O[1]
                         net (fo=2, routed)           0.732    17.547    i_ariane/gen_example_coprocessor.i_cvxif_coprocessor/fifo_commit_i/gen_fpga_queue.fifo_ram/acc_q_reg[31]_0[1]
    SLICE_X44Y21         LUT3 (Prop_lut3_I0_O)        0.306    17.853 r  i_ariane/gen_example_coprocessor.i_cvxif_coprocessor/fifo_commit_i/gen_fpga_queue.fifo_ram/mem_q[0][sbe][result][29]_i_2/O
                         net (fo=5, routed)           0.589    18.442    i_ariane/gen_example_coprocessor.i_cvxif_coprocessor/fifo_commit_i/gen_fpga_queue.fifo_ram/mem_q[0][sbe][result][31]_i_8_29
    SLICE_X45Y22         LUT2 (Prop_lut2_I1_O)        0.124    18.566 r  i_ariane/gen_example_coprocessor.i_cvxif_coprocessor/fifo_commit_i/gen_fpga_queue.fifo_ram/operand_g_q[29]_i_5/O
                         net (fo=8, routed)           0.510    19.075    i_ariane/i_cva6/issue_stage_i/i_scoreboard/x_result_ex_id[29]
    SLICE_X47Y24         LUT6 (Prop_lut6_I3_O)        0.124    19.199 r  i_ariane/i_cva6/issue_stage_i/i_scoreboard/operand_g_q[29]_i_3/O
                         net (fo=1, routed)           0.664    19.863    i_ariane/i_cva6/issue_stage_i/i_scoreboard/operand_g_q[29]_i_3_n_1
    SLICE_X47Y25         LUT6 (Prop_lut6_I4_O)        0.124    19.987 r  i_ariane/i_cva6/issue_stage_i/i_scoreboard/operand_g_q[29]_i_1/O
                         net (fo=1, routed)           0.000    19.987    i_ariane/i_cva6/issue_stage_i/i_issue_read_operands/operand_g_q_reg[31]_3[29]
    SLICE_X47Y25         FDCE                                         r  i_ariane/i_cva6/issue_stage_i/i_issue_read_operands/operand_g_q_reg[29]/D
  -------------------------------------------------------------------    -------------------

                         (clock clk_out1_xlnx_clk_gen rise edge)
                                                     20.000    20.000 r  
    K17                                               0.000    20.000 r  clk_sys (IN)
                         net (fo=0)                   0.000    20.000    i_xlnx_clk_gen/inst/clk_in1
    K17                  IBUF (Prop_ibuf_I_O)         1.404    21.404 r  i_xlnx_clk_gen/inst/clkin1_ibufg/O
                         net (fo=1, routed)           1.162    22.566    i_xlnx_clk_gen/inst/clk_in1_xlnx_clk_gen
    MMCME2_ADV_X1Y2      MMCME2_ADV (Prop_mmcme2_adv_CLKIN1_CLKOUT0)
                                                     -7.814    14.752 r  i_xlnx_clk_gen/inst/mmcm_adv_inst/CLKOUT0
                         net (fo=1, routed)           2.012    16.764    i_xlnx_clk_gen/inst/clk_out1_xlnx_clk_gen
    BUFGCTRL_X0Y16       BUFG (Prop_bufg_I_O)         0.091    16.855 r  i_xlnx_clk_gen/inst/clkout1_buf/O
                         net (fo=20013, routed)       1.477    18.332    i_ariane/i_cva6/issue_stage_i/i_issue_read_operands/clk_out1
    SLICE_X47Y25         FDCE                                         r  i_ariane/i_cva6/issue_stage_i/i_issue_read_operands/operand_g_q_reg[29]/C
                         clock pessimism              0.567    18.900    
                         clock uncertainty           -0.079    18.820    
    SLICE_X47Y25         FDCE (Setup_fdce_C_D)        0.031    18.851    i_ariane/i_cva6/issue_stage_i/i_issue_read_operands/operand_g_q_reg[29]
  -------------------------------------------------------------------
                         required time                         18.851    
                         arrival time                         -19.987    
  -------------------------------------------------------------------
                         slack                                 -1.136    

Slack (VIOLATED) :        -1.133ns  (required time - arrival time)
  Source:                 i_ariane/i_cva6/issue_stage_i/i_issue_read_operands/cvxif_off_instr_q_reg[2]/C
                            (rising edge-triggered cell FDCE clocked by clk_out1_xlnx_clk_gen  {rise@0.000ns fall@10.000ns period=20.000ns})
  Destination:            i_ariane/i_cva6/issue_stage_i/i_issue_read_operands/operand_i_q_reg[26]/D
                            (rising edge-triggered cell FDCE clocked by clk_out1_xlnx_clk_gen  {rise@0.000ns fall@10.000ns period=20.000ns})
  Path Group:             clk_out1_xlnx_clk_gen
  Path Type:              Setup (Max at Slow Process Corner)
  Requirement:            20.000ns  (clk_out1_xlnx_clk_gen rise@20.000ns - clk_out1_xlnx_clk_gen rise@0.000ns)
  Data Path Delay:        21.016ns  (logic 7.145ns (33.999%)  route 13.871ns (66.001%))
  Logic Levels:           23  (CARRY4=9 LUT2=1 LUT3=6 LUT4=1 LUT5=3 LUT6=3)
  Clock Path Skew:        -0.069ns (DCD - SCD + CPR)
    Destination Clock Delay (DCD):    -1.662ns = ( 18.338 - 20.000 ) 
    Source Clock Delay      (SCD):    -1.025ns
    Clock Pessimism Removal (CPR):    0.567ns
  Clock Uncertainty:      0.079ns  ((TSJ^2 + DJ^2)^1/2) / 2 + PE
    Total System Jitter     (TSJ):    0.071ns
    Discrete Jitter          (DJ):    0.142ns
    Phase Error              (PE):    0.000ns

    Location             Delay type                Incr(ns)  Path(ns)    Netlist Resource(s)
  -------------------------------------------------------------------    -------------------
                         (clock clk_out1_xlnx_clk_gen rise edge)
                                                      0.000     0.000 r  
    K17                                               0.000     0.000 r  clk_sys (IN)
                         net (fo=0)                   0.000     0.000    i_xlnx_clk_gen/inst/clk_in1
    K17                  IBUF (Prop_ibuf_I_O)         1.475     1.475 r  i_xlnx_clk_gen/inst/clkin1_ibufg/O
                         net (fo=1, routed)           1.285     2.760    i_xlnx_clk_gen/inst/clk_in1_xlnx_clk_gen
    MMCME2_ADV_X1Y2      MMCME2_ADV (Prop_mmcme2_adv_CLKIN1_CLKOUT0)
                                                     -7.759    -4.999 r  i_xlnx_clk_gen/inst/mmcm_adv_inst/CLKOUT0
                         net (fo=1, routed)           2.206    -2.793    i_xlnx_clk_gen/inst/clk_out1_xlnx_clk_gen
    BUFGCTRL_X0Y16       BUFG (Prop_bufg_I_O)         0.101    -2.692 r  i_xlnx_clk_gen/inst/clkout1_buf/O
                         net (fo=20013, routed)       1.667    -1.025    i_ariane/i_cva6/issue_stage_i/i_issue_read_operands/clk_out1
    SLICE_X35Y10         FDCE                                         r  i_ariane/i_cva6/issue_stage_i/i_issue_read_operands/cvxif_off_instr_q_reg[2]/C
  -------------------------------------------------------------------    -------------------
    SLICE_X35Y10         FDCE (Prop_fdce_C_Q)         0.456    -0.569 f  i_ariane/i_cva6/issue_stage_i/i_issue_read_operands/cvxif_off_instr_q_reg[2]/Q
                         net (fo=3, routed)           0.815     0.245    i_ariane/i_cva6/issue_stage_i/i_issue_read_operands/x_off_instr_id_ex__0[2]
    SLICE_X35Y9          LUT5 (Prop_lut5_I4_O)        0.124     0.369 r  i_ariane/i_cva6/issue_stage_i/i_issue_read_operands/issue_block_cnt_q[4]_i_3/O
                         net (fo=8, routed)           0.845     1.214    i_ariane/i_cva6/issue_stage_i/i_issue_read_operands/issue_block_cnt_q[4]_i_3_n_1
    SLICE_X35Y10         LUT5 (Prop_lut5_I0_O)        0.152     1.366 r  i_ariane/i_cva6/issue_stage_i/i_issue_read_operands/mem_reg_0_7_0_5_i_12/O
                         net (fo=9, routed)           0.642     2.008    i_ariane/gen_example_coprocessor.i_cvxif_coprocessor/fifo_commit_i/gen_fpga_queue.fifo_ram/issue_is_mac16buf_para
    SLICE_X33Y13         LUT3 (Prop_lut3_I0_O)        0.332     2.340 r  i_ariane/gen_example_coprocessor.i_cvxif_coprocessor/fifo_commit_i/gen_fpga_queue.fifo_ram/acc_q[19]_i_511/O
                         net (fo=114, routed)         1.474     3.815    i_ariane/gen_example_coprocessor.i_cvxif_coprocessor/fifo_commit_i/gen_fpga_queue.fifo_ram/acc_q[19]_i_511_n_1
    SLICE_X30Y22         LUT5 (Prop_lut5_I4_O)        0.124     3.939 r  i_ariane/gen_example_coprocessor.i_cvxif_coprocessor/fifo_commit_i/gen_fpga_queue.fifo_ram/acc_q[15]_i_331/O
                         net (fo=19, routed)          0.833     4.772    i_ariane/i_cva6/issue_stage_i/i_issue_read_operands/acc_q_reg[23]_i_210_0
    SLICE_X28Y19         LUT6 (Prop_lut6_I1_O)        0.124     4.896 r  i_ariane/i_cva6/issue_stage_i/i_issue_read_operands/acc_q[23]_i_343/O
                         net (fo=1, routed)           0.804     5.700    i_ariane/i_cva6/issue_stage_i/i_issue_read_operands/acc_q[23]_i_343_n_1
    SLICE_X30Y16         CARRY4 (Prop_carry4_DI[0]_CO[3])
                                                      0.550     6.250 r  i_ariane/i_cva6/issue_stage_i/i_issue_read_operands/acc_q_reg[23]_i_212/CO[3]
                         net (fo=1, routed)           0.000     6.250    i_ariane/i_cva6/issue_stage_i/i_issue_read_operands/acc_q_reg[23]_i_212_n_1
    SLICE_X30Y17         CARRY4 (Prop_carry4_CI_O[0])
                                                      0.219     6.469 r  i_ariane/i_cva6/issue_stage_i/i_issue_read_operands/acc_q_reg[31]_i_275/O[0]
                         net (fo=2, routed)           0.581     7.050    i_ariane/i_cva6/issue_stage_i/i_issue_read_operands/acc_q_reg[31]_i_275_n_8
    SLICE_X30Y18         LUT3 (Prop_lut3_I2_O)        0.295     7.345 r  i_ariane/i_cva6/issue_stage_i/i_issue_read_operands/acc_q[23]_i_118/O
                         net (fo=2, routed)           0.986     8.331    i_ariane/i_cva6/issue_stage_i/i_issue_read_operands/acc_q[23]_i_118_n_1
    SLICE_X29Y17         CARRY4 (Prop_carry4_DI[1]_CO[3])
                                                      0.507     8.838 r  i_ariane/i_cva6/issue_stage_i/i_issue_read_operands/acc_q_reg[23]_i_71/CO[3]
                         net (fo=1, routed)           0.000     8.838    i_ariane/i_cva6/issue_stage_i/i_issue_read_operands/acc_q_reg[23]_i_71_n_1
    SLICE_X29Y18         CARRY4 (Prop_carry4_CI_O[3])
                                                      0.313     9.151 r  i_ariane/i_cva6/issue_stage_i/i_issue_read_operands/acc_q_reg[31]_i_114/O[3]
                         net (fo=4, routed)           0.776     9.927    i_ariane/i_cva6/issue_stage_i/i_issue_read_operands/acc_q_reg[31]_i_114_n_5
    SLICE_X26Y17         LUT3 (Prop_lut3_I1_O)        0.306    10.233 r  i_ariane/i_cva6/issue_stage_i/i_issue_read_operands/acc_q[23]_i_37/O
                         net (fo=1, routed)           0.666    10.899    i_ariane/i_cva6/issue_stage_i/i_issue_read_operands/acc_q[23]_i_37_n_1
    SLICE_X31Y15         CARRY4 (Prop_carry4_DI[3]_CO[3])
                                                      0.385    11.284 r  i_ariane/i_cva6/issue_stage_i/i_issue_read_operands/acc_q_reg[23]_i_25/CO[3]
                         net (fo=1, routed)           0.000    11.284    i_ariane/i_cva6/issue_stage_i/i_issue_read_operands/acc_q_reg[23]_i_25_n_1
    SLICE_X31Y16         CARRY4 (Prop_carry4_CI_O[0])
                                                      0.222    11.506 r  i_ariane/i_cva6/issue_stage_i/i_issue_read_operands/acc_q_reg[31]_i_42/O[0]
                         net (fo=2, routed)           0.992    12.499    i_ariane/i_cva6/issue_stage_i/i_issue_read_operands/acc_q_reg[31]_i_42_n_8
    SLICE_X35Y14         LUT3 (Prop_lut3_I1_O)        0.299    12.798 r  i_ariane/i_cva6/issue_stage_i/i_issue_read_operands/acc_q[23]_i_13/O
                         net (fo=2, routed)           0.695    13.492    i_ariane/i_cva6/issue_stage_i/i_issue_read_operands/acc_q[23]_i_13_n_1
    SLICE_X36Y14         LUT4 (Prop_lut4_I0_O)        0.124    13.616 r  i_ariane/i_cva6/issue_stage_i/i_issue_read_operands/acc_q[23]_i_17/O
                         net (fo=1, routed)           0.000    13.616    i_ariane/i_cva6/issue_stage_i/i_issue_read_operands/acc_q[23]_i_17_n_1
    SLICE_X36Y14         CARRY4 (Prop_carry4_S[1]_O[3])
                                                      0.643    14.259 r  i_ariane/i_cva6/issue_stage_i/i_issue_read_operands/acc_q_reg[23]_i_11/O[3]
                         net (fo=2, routed)           0.723    14.982    i_ariane/i_cva6/issue_stage_i/i_issue_read_operands/acc_q_reg[23]_i_11_n_5
    SLICE_X43Y14         LUT3 (Prop_lut3_I0_O)        0.307    15.289 r  i_ariane/i_cva6/issue_stage_i/i_issue_read_operands/acc_q[23]_i_6/O
                         net (fo=2, routed)           0.529    15.818    i_ariane/i_cva6/issue_stage_i/i_issue_read_operands/acc_q[23]_i_6_n_1
    SLICE_X42Y15         CARRY4 (Prop_carry4_DI[0]_CO[3])
                                                      0.550    16.368 r  i_ariane/i_cva6/issue_stage_i/i_issue_read_operands/acc_q_reg[23]_i_2/CO[3]
                         net (fo=1, routed)           0.000    16.368    i_ariane/i_cva6/issue_stage_i/i_issue_read_operands/acc_q_reg[23]_i_2_n_1
    SLICE_X42Y16         CARRY4 (Prop_carry4_CI_O[2])
                                                      0.239    16.607 r  i_ariane/i_cva6/issue_stage_i/i_issue_read_operands/acc_q_reg[27]_i_2/O[2]
                         net (fo=2, routed)           0.559    17.166    i_ariane/gen_example_coprocessor.i_cvxif_coprocessor/fifo_commit_i/gen_fpga_queue.fifo_ram/acc_q_reg[27][2]
    SLICE_X41Y16         LUT3 (Prop_lut3_I0_O)        0.294    17.460 r  i_ariane/gen_example_coprocessor.i_cvxif_coprocessor/fifo_commit_i/gen_fpga_queue.fifo_ram/mem_q[0][sbe][result][26]_i_2/O
                         net (fo=5, routed)           0.610    18.071    i_ariane/gen_example_coprocessor.i_cvxif_coprocessor/fifo_commit_i/gen_fpga_queue.fifo_ram/mem_q[0][sbe][result][31]_i_8_26
    SLICE_X45Y21         LUT2 (Prop_lut2_I1_O)        0.332    18.403 r  i_ariane/gen_example_coprocessor.i_cvxif_coprocessor/fifo_commit_i/gen_fpga_queue.fifo_ram/operand_g_q[26]_i_5/O
                         net (fo=8, routed)           0.718    19.120    i_ariane/i_cva6/issue_stage_i/i_scoreboard/x_result_ex_id[26]
    SLICE_X44Y29         LUT6 (Prop_lut6_I3_O)        0.124    19.244 r  i_ariane/i_cva6/issue_stage_i/i_scoreboard/operand_i_q[26]_i_3/O
                         net (fo=1, routed)           0.622    19.866    i_ariane/i_cva6/issue_stage_i/i_scoreboard/operand_i_q[26]_i_3_n_1
    SLICE_X44Y29         LUT6 (Prop_lut6_I4_O)        0.124    19.990 r  i_ariane/i_cva6/issue_stage_i/i_scoreboard/operand_i_q[26]_i_1/O
                         net (fo=1, routed)           0.000    19.990    i_ariane/i_cva6/issue_stage_i/i_issue_read_operands/operand_i_q_reg[31]_1[26]
    SLICE_X44Y29         FDCE                                         r  i_ariane/i_cva6/issue_stage_i/i_issue_read_operands/operand_i_q_reg[26]/D
  -------------------------------------------------------------------    -------------------

                         (clock clk_out1_xlnx_clk_gen rise edge)
                                                     20.000    20.000 r  
    K17                                               0.000    20.000 r  clk_sys (IN)
                         net (fo=0)                   0.000    20.000    i_xlnx_clk_gen/inst/clk_in1
    K17                  IBUF (Prop_ibuf_I_O)         1.404    21.404 r  i_xlnx_clk_gen/inst/clkin1_ibufg/O
                         net (fo=1, routed)           1.162    22.566    i_xlnx_clk_gen/inst/clk_in1_xlnx_clk_gen
    MMCME2_ADV_X1Y2      MMCME2_ADV (Prop_mmcme2_adv_CLKIN1_CLKOUT0)
                                                     -7.814    14.752 r  i_xlnx_clk_gen/inst/mmcm_adv_inst/CLKOUT0
                         net (fo=1, routed)           2.012    16.764    i_xlnx_clk_gen/inst/clk_out1_xlnx_clk_gen
    BUFGCTRL_X0Y16       BUFG (Prop_bufg_I_O)         0.091    16.855 r  i_xlnx_clk_gen/inst/clkout1_buf/O
                         net (fo=20013, routed)       1.483    18.338    i_ariane/i_cva6/issue_stage_i/i_issue_read_operands/clk_out1
    SLICE_X44Y29         FDCE                                         r  i_ariane/i_cva6/issue_stage_i/i_issue_read_operands/operand_i_q_reg[26]/C
                         clock pessimism              0.567    18.906    
                         clock uncertainty           -0.079    18.826    
    SLICE_X44Y29         FDCE (Setup_fdce_C_D)        0.031    18.857    i_ariane/i_cva6/issue_stage_i/i_issue_read_operands/operand_i_q_reg[26]
  -------------------------------------------------------------------
                         required time                         18.857    
                         arrival time                         -19.990    
  -------------------------------------------------------------------
                         slack                                 -1.133    

Slack (VIOLATED) :        -1.130ns  (required time - arrival time)
  Source:                 i_ariane/i_cva6/issue_stage_i/i_issue_read_operands/cvxif_off_instr_q_reg[2]/C
                            (rising edge-triggered cell FDCE clocked by clk_out1_xlnx_clk_gen  {rise@0.000ns fall@10.000ns period=20.000ns})
  Destination:            i_ariane/i_cva6/issue_stage_i/i_issue_read_operands/operand_f_q_reg[22]/D
                            (rising edge-triggered cell FDCE clocked by clk_out1_xlnx_clk_gen  {rise@0.000ns fall@10.000ns period=20.000ns})
  Path Group:             clk_out1_xlnx_clk_gen
  Path Type:              Setup (Max at Slow Process Corner)
  Requirement:            20.000ns  (clk_out1_xlnx_clk_gen rise@20.000ns - clk_out1_xlnx_clk_gen rise@0.000ns)
  Data Path Delay:        21.010ns  (logic 7.163ns (34.093%)  route 13.847ns (65.907%))
  Logic Levels:           22  (CARRY4=8 LUT2=1 LUT3=6 LUT4=1 LUT5=3 LUT6=3)
  Clock Path Skew:        -0.072ns (DCD - SCD + CPR)
    Destination Clock Delay (DCD):    -1.665ns = ( 18.335 - 20.000 ) 
    Source Clock Delay      (SCD):    -1.025ns
    Clock Pessimism Removal (CPR):    0.567ns
  Clock Uncertainty:      0.079ns  ((TSJ^2 + DJ^2)^1/2) / 2 + PE
    Total System Jitter     (TSJ):    0.071ns
    Discrete Jitter          (DJ):    0.142ns
    Phase Error              (PE):    0.000ns

    Location             Delay type                Incr(ns)  Path(ns)    Netlist Resource(s)
  -------------------------------------------------------------------    -------------------
                         (clock clk_out1_xlnx_clk_gen rise edge)
                                                      0.000     0.000 r  
    K17                                               0.000     0.000 r  clk_sys (IN)
                         net (fo=0)                   0.000     0.000    i_xlnx_clk_gen/inst/clk_in1
    K17                  IBUF (Prop_ibuf_I_O)         1.475     1.475 r  i_xlnx_clk_gen/inst/clkin1_ibufg/O
                         net (fo=1, routed)           1.285     2.760    i_xlnx_clk_gen/inst/clk_in1_xlnx_clk_gen
    MMCME2_ADV_X1Y2      MMCME2_ADV (Prop_mmcme2_adv_CLKIN1_CLKOUT0)
                                                     -7.759    -4.999 r  i_xlnx_clk_gen/inst/mmcm_adv_inst/CLKOUT0
                         net (fo=1, routed)           2.206    -2.793    i_xlnx_clk_gen/inst/clk_out1_xlnx_clk_gen
    BUFGCTRL_X0Y16       BUFG (Prop_bufg_I_O)         0.101    -2.692 r  i_xlnx_clk_gen/inst/clkout1_buf/O
                         net (fo=20013, routed)       1.667    -1.025    i_ariane/i_cva6/issue_stage_i/i_issue_read_operands/clk_out1
    SLICE_X35Y10         FDCE                                         r  i_ariane/i_cva6/issue_stage_i/i_issue_read_operands/cvxif_off_instr_q_reg[2]/C
  -------------------------------------------------------------------    -------------------
    SLICE_X35Y10         FDCE (Prop_fdce_C_Q)         0.456    -0.569 f  i_ariane/i_cva6/issue_stage_i/i_issue_read_operands/cvxif_off_instr_q_reg[2]/Q
                         net (fo=3, routed)           0.815     0.245    i_ariane/i_cva6/issue_stage_i/i_issue_read_operands/x_off_instr_id_ex__0[2]
    SLICE_X35Y9          LUT5 (Prop_lut5_I4_O)        0.124     0.369 r  i_ariane/i_cva6/issue_stage_i/i_issue_read_operands/issue_block_cnt_q[4]_i_3/O
                         net (fo=8, routed)           0.845     1.214    i_ariane/i_cva6/issue_stage_i/i_issue_read_operands/issue_block_cnt_q[4]_i_3_n_1
    SLICE_X35Y10         LUT5 (Prop_lut5_I0_O)        0.152     1.366 r  i_ariane/i_cva6/issue_stage_i/i_issue_read_operands/mem_reg_0_7_0_5_i_12/O
                         net (fo=9, routed)           0.642     2.008    i_ariane/gen_example_coprocessor.i_cvxif_coprocessor/fifo_commit_i/gen_fpga_queue.fifo_ram/issue_is_mac16buf_para
    SLICE_X33Y13         LUT3 (Prop_lut3_I0_O)        0.332     2.340 r  i_ariane/gen_example_coprocessor.i_cvxif_coprocessor/fifo_commit_i/gen_fpga_queue.fifo_ram/acc_q[19]_i_511/O
                         net (fo=114, routed)         1.474     3.815    i_ariane/gen_example_coprocessor.i_cvxif_coprocessor/fifo_commit_i/gen_fpga_queue.fifo_ram/acc_q[19]_i_511_n_1
    SLICE_X30Y22         LUT5 (Prop_lut5_I4_O)        0.124     3.939 r  i_ariane/gen_example_coprocessor.i_cvxif_coprocessor/fifo_commit_i/gen_fpga_queue.fifo_ram/acc_q[15]_i_331/O
                         net (fo=19, routed)          0.833     4.772    i_ariane/i_cva6/issue_stage_i/i_issue_read_operands/acc_q_reg[23]_i_210_0
    SLICE_X28Y19         LUT6 (Prop_lut6_I1_O)        0.124     4.896 r  i_ariane/i_cva6/issue_stage_i/i_issue_read_operands/acc_q[23]_i_343/O
                         net (fo=1, routed)           0.804     5.700    i_ariane/i_cva6/issue_stage_i/i_issue_read_operands/acc_q[23]_i_343_n_1
    SLICE_X30Y16         CARRY4 (Prop_carry4_DI[0]_CO[3])
                                                      0.550     6.250 r  i_ariane/i_cva6/issue_stage_i/i_issue_read_operands/acc_q_reg[23]_i_212/CO[3]
                         net (fo=1, routed)           0.000     6.250    i_ariane/i_cva6/issue_stage_i/i_issue_read_operands/acc_q_reg[23]_i_212_n_1
    SLICE_X30Y17         CARRY4 (Prop_carry4_CI_O[0])
                                                      0.219     6.469 r  i_ariane/i_cva6/issue_stage_i/i_issue_read_operands/acc_q_reg[31]_i_275/O[0]
                         net (fo=2, routed)           0.581     7.050    i_ariane/i_cva6/issue_stage_i/i_issue_read_operands/acc_q_reg[31]_i_275_n_8
    SLICE_X30Y18         LUT3 (Prop_lut3_I2_O)        0.295     7.345 r  i_ariane/i_cva6/issue_stage_i/i_issue_read_operands/acc_q[23]_i_118/O
                         net (fo=2, routed)           0.986     8.331    i_ariane/i_cva6/issue_stage_i/i_issue_read_operands/acc_q[23]_i_118_n_1
    SLICE_X29Y17         CARRY4 (Prop_carry4_DI[1]_CO[3])
                                                      0.507     8.838 r  i_ariane/i_cva6/issue_stage_i/i_issue_read_operands/acc_q_reg[23]_i_71/CO[3]
                         net (fo=1, routed)           0.000     8.838    i_ariane/i_cva6/issue_stage_i/i_issue_read_operands/acc_q_reg[23]_i_71_n_1
    SLICE_X29Y18         CARRY4 (Prop_carry4_CI_O[3])
                                                      0.313     9.151 r  i_ariane/i_cva6/issue_stage_i/i_issue_read_operands/acc_q_reg[31]_i_114/O[3]
                         net (fo=4, routed)           0.776     9.927    i_ariane/i_cva6/issue_stage_i/i_issue_read_operands/acc_q_reg[31]_i_114_n_5
    SLICE_X26Y17         LUT3 (Prop_lut3_I1_O)        0.306    10.233 r  i_ariane/i_cva6/issue_stage_i/i_issue_read_operands/acc_q[23]_i_37/O
                         net (fo=1, routed)           0.666    10.899    i_ariane/i_cva6/issue_stage_i/i_issue_read_operands/acc_q[23]_i_37_n_1
    SLICE_X31Y15         CARRY4 (Prop_carry4_DI[3]_CO[3])
                                                      0.385    11.284 r  i_ariane/i_cva6/issue_stage_i/i_issue_read_operands/acc_q_reg[23]_i_25/CO[3]
                         net (fo=1, routed)           0.000    11.284    i_ariane/i_cva6/issue_stage_i/i_issue_read_operands/acc_q_reg[23]_i_25_n_1
    SLICE_X31Y16         CARRY4 (Prop_carry4_CI_O[0])
                                                      0.222    11.506 r  i_ariane/i_cva6/issue_stage_i/i_issue_read_operands/acc_q_reg[31]_i_42/O[0]
                         net (fo=2, routed)           0.992    12.499    i_ariane/i_cva6/issue_stage_i/i_issue_read_operands/acc_q_reg[31]_i_42_n_8
    SLICE_X35Y14         LUT3 (Prop_lut3_I1_O)        0.299    12.798 r  i_ariane/i_cva6/issue_stage_i/i_issue_read_operands/acc_q[23]_i_13/O
                         net (fo=2, routed)           0.695    13.492    i_ariane/i_cva6/issue_stage_i/i_issue_read_operands/acc_q[23]_i_13_n_1
    SLICE_X36Y14         LUT4 (Prop_lut4_I0_O)        0.124    13.616 r  i_ariane/i_cva6/issue_stage_i/i_issue_read_operands/acc_q[23]_i_17/O
                         net (fo=1, routed)           0.000    13.616    i_ariane/i_cva6/issue_stage_i/i_issue_read_operands/acc_q[23]_i_17_n_1
    SLICE_X36Y14         CARRY4 (Prop_carry4_S[1]_O[3])
                                                      0.643    14.259 r  i_ariane/i_cva6/issue_stage_i/i_issue_read_operands/acc_q_reg[23]_i_11/O[3]
                         net (fo=2, routed)           0.723    14.982    i_ariane/i_cva6/issue_stage_i/i_issue_read_operands/acc_q_reg[23]_i_11_n_5
    SLICE_X43Y14         LUT3 (Prop_lut3_I0_O)        0.307    15.289 r  i_ariane/i_cva6/issue_stage_i/i_issue_read_operands/acc_q[23]_i_6/O
                         net (fo=2, routed)           0.529    15.818    i_ariane/i_cva6/issue_stage_i/i_issue_read_operands/acc_q[23]_i_6_n_1
    SLICE_X42Y15         CARRY4 (Prop_carry4_DI[0]_O[2])
                                                      0.579    16.397 r  i_ariane/i_cva6/issue_stage_i/i_issue_read_operands/acc_q_reg[23]_i_2/O[2]
                         net (fo=2, routed)           0.603    17.000    i_ariane/gen_example_coprocessor.i_cvxif_coprocessor/fifo_commit_i/gen_fpga_queue.fifo_ram/acc_q_reg[23][2]
    SLICE_X43Y20         LUT3 (Prop_lut3_I0_O)        0.295    17.295 r  i_ariane/gen_example_coprocessor.i_cvxif_coprocessor/fifo_commit_i/gen_fpga_queue.fifo_ram/mem_q[0][sbe][result][22]_i_2/O
                         net (fo=5, routed)           0.631    17.926    i_ariane/gen_example_coprocessor.i_cvxif_coprocessor/fifo_commit_i/gen_fpga_queue.fifo_ram/mem_q[0][sbe][result][31]_i_8_22
    SLICE_X40Y21         LUT2 (Prop_lut2_I1_O)        0.351    18.277 r  i_ariane/gen_example_coprocessor.i_cvxif_coprocessor/fifo_commit_i/gen_fpga_queue.fifo_ram/operand_g_q[22]_i_5/O
                         net (fo=8, routed)           0.839    19.115    i_ariane/i_cva6/issue_stage_i/i_scoreboard/x_result_ex_id[22]
    SLICE_X40Y26         LUT6 (Prop_lut6_I3_O)        0.332    19.447 r  i_ariane/i_cva6/issue_stage_i/i_scoreboard/operand_f_q[22]_i_3/O
                         net (fo=1, routed)           0.413    19.861    i_ariane/i_cva6/issue_stage_i/i_scoreboard/operand_f_q[22]_i_3_n_1
    SLICE_X39Y26         LUT6 (Prop_lut6_I4_O)        0.124    19.985 r  i_ariane/i_cva6/issue_stage_i/i_scoreboard/operand_f_q[22]_i_1/O
                         net (fo=1, routed)           0.000    19.985    i_ariane/i_cva6/issue_stage_i/i_issue_read_operands/operand_f_q_reg[31]_9[22]
    SLICE_X39Y26         FDCE                                         r  i_ariane/i_cva6/issue_stage_i/i_issue_read_operands/operand_f_q_reg[22]/D
  -------------------------------------------------------------------    -------------------

                         (clock clk_out1_xlnx_clk_gen rise edge)
                                                     20.000    20.000 r  
    K17                                               0.000    20.000 r  clk_sys (IN)
                         net (fo=0)                   0.000    20.000    i_xlnx_clk_gen/inst/clk_in1
    K17                  IBUF (Prop_ibuf_I_O)         1.404    21.404 r  i_xlnx_clk_gen/inst/clkin1_ibufg/O
                         net (fo=1, routed)           1.162    22.566    i_xlnx_clk_gen/inst/clk_in1_xlnx_clk_gen
    MMCME2_ADV_X1Y2      MMCME2_ADV (Prop_mmcme2_adv_CLKIN1_CLKOUT0)
                                                     -7.814    14.752 r  i_xlnx_clk_gen/inst/mmcm_adv_inst/CLKOUT0
                         net (fo=1, routed)           2.012    16.764    i_xlnx_clk_gen/inst/clk_out1_xlnx_clk_gen
    BUFGCTRL_X0Y16       BUFG (Prop_bufg_I_O)         0.091    16.855 r  i_xlnx_clk_gen/inst/clkout1_buf/O
                         net (fo=20013, routed)       1.480    18.335    i_ariane/i_cva6/issue_stage_i/i_issue_read_operands/clk_out1
    SLICE_X39Y26         FDCE                                         r  i_ariane/i_cva6/issue_stage_i/i_issue_read_operands/operand_f_q_reg[22]/C
                         clock pessimism              0.567    18.903    
                         clock uncertainty           -0.079    18.823    
    SLICE_X39Y26         FDCE (Setup_fdce_C_D)        0.031    18.854    i_ariane/i_cva6/issue_stage_i/i_issue_read_operands/operand_f_q_reg[22]
  -------------------------------------------------------------------
                         required time                         18.854    
                         arrival time                         -19.985    
  -------------------------------------------------------------------
                         slack                                 -1.130    

Slack (VIOLATED) :        -1.130ns  (required time - arrival time)
  Source:                 i_ariane/i_cva6/issue_stage_i/i_issue_read_operands/cvxif_off_instr_q_reg[2]/C
                            (rising edge-triggered cell FDCE clocked by clk_out1_xlnx_clk_gen  {rise@0.000ns fall@10.000ns period=20.000ns})
  Destination:            i_ariane/i_cva6/ex_stage_i/vaddr_to_be_flushed_reg[22]/D
                            (rising edge-triggered cell FDCE clocked by clk_out1_xlnx_clk_gen  {rise@0.000ns fall@10.000ns period=20.000ns})
  Path Group:             clk_out1_xlnx_clk_gen
  Path Type:              Setup (Max at Slow Process Corner)
  Requirement:            20.000ns  (clk_out1_xlnx_clk_gen rise@20.000ns - clk_out1_xlnx_clk_gen rise@0.000ns)
  Data Path Delay:        20.923ns  (logic 7.039ns (33.643%)  route 13.884ns (66.357%))
  Logic Levels:           21  (CARRY4=8 LUT2=1 LUT3=6 LUT4=1 LUT5=3 LUT6=2)
  Clock Path Skew:        -0.067ns (DCD - SCD + CPR)
    Destination Clock Delay (DCD):    -1.660ns = ( 18.340 - 20.000 ) 
    Source Clock Delay      (SCD):    -1.025ns
    Clock Pessimism Removal (CPR):    0.567ns
  Clock Uncertainty:      0.079ns  ((TSJ^2 + DJ^2)^1/2) / 2 + PE
    Total System Jitter     (TSJ):    0.071ns
    Discrete Jitter          (DJ):    0.142ns
    Phase Error              (PE):    0.000ns

    Location             Delay type                Incr(ns)  Path(ns)    Netlist Resource(s)
  -------------------------------------------------------------------    -------------------
                         (clock clk_out1_xlnx_clk_gen rise edge)
                                                      0.000     0.000 r  
    K17                                               0.000     0.000 r  clk_sys (IN)
                         net (fo=0)                   0.000     0.000    i_xlnx_clk_gen/inst/clk_in1
    K17                  IBUF (Prop_ibuf_I_O)         1.475     1.475 r  i_xlnx_clk_gen/inst/clkin1_ibufg/O
                         net (fo=1, routed)           1.285     2.760    i_xlnx_clk_gen/inst/clk_in1_xlnx_clk_gen
    MMCME2_ADV_X1Y2      MMCME2_ADV (Prop_mmcme2_adv_CLKIN1_CLKOUT0)
                                                     -7.759    -4.999 r  i_xlnx_clk_gen/inst/mmcm_adv_inst/CLKOUT0
                         net (fo=1, routed)           2.206    -2.793    i_xlnx_clk_gen/inst/clk_out1_xlnx_clk_gen
    BUFGCTRL_X0Y16       BUFG (Prop_bufg_I_O)         0.101    -2.692 r  i_xlnx_clk_gen/inst/clkout1_buf/O
                         net (fo=20013, routed)       1.667    -1.025    i_ariane/i_cva6/issue_stage_i/i_issue_read_operands/clk_out1
    SLICE_X35Y10         FDCE                                         r  i_ariane/i_cva6/issue_stage_i/i_issue_read_operands/cvxif_off_instr_q_reg[2]/C
  -------------------------------------------------------------------    -------------------
    SLICE_X35Y10         FDCE (Prop_fdce_C_Q)         0.456    -0.569 f  i_ariane/i_cva6/issue_stage_i/i_issue_read_operands/cvxif_off_instr_q_reg[2]/Q
                         net (fo=3, routed)           0.815     0.245    i_ariane/i_cva6/issue_stage_i/i_issue_read_operands/x_off_instr_id_ex__0[2]
    SLICE_X35Y9          LUT5 (Prop_lut5_I4_O)        0.124     0.369 r  i_ariane/i_cva6/issue_stage_i/i_issue_read_operands/issue_block_cnt_q[4]_i_3/O
                         net (fo=8, routed)           0.845     1.214    i_ariane/i_cva6/issue_stage_i/i_issue_read_operands/issue_block_cnt_q[4]_i_3_n_1
    SLICE_X35Y10         LUT5 (Prop_lut5_I0_O)        0.152     1.366 r  i_ariane/i_cva6/issue_stage_i/i_issue_read_operands/mem_reg_0_7_0_5_i_12/O
                         net (fo=9, routed)           0.642     2.008    i_ariane/gen_example_coprocessor.i_cvxif_coprocessor/fifo_commit_i/gen_fpga_queue.fifo_ram/issue_is_mac16buf_para
    SLICE_X33Y13         LUT3 (Prop_lut3_I0_O)        0.332     2.340 r  i_ariane/gen_example_coprocessor.i_cvxif_coprocessor/fifo_commit_i/gen_fpga_queue.fifo_ram/acc_q[19]_i_511/O
                         net (fo=114, routed)         1.474     3.815    i_ariane/gen_example_coprocessor.i_cvxif_coprocessor/fifo_commit_i/gen_fpga_queue.fifo_ram/acc_q[19]_i_511_n_1
    SLICE_X30Y22         LUT5 (Prop_lut5_I4_O)        0.124     3.939 r  i_ariane/gen_example_coprocessor.i_cvxif_coprocessor/fifo_commit_i/gen_fpga_queue.fifo_ram/acc_q[15]_i_331/O
                         net (fo=19, routed)          0.833     4.772    i_ariane/i_cva6/issue_stage_i/i_issue_read_operands/acc_q_reg[23]_i_210_0
    SLICE_X28Y19         LUT6 (Prop_lut6_I1_O)        0.124     4.896 r  i_ariane/i_cva6/issue_stage_i/i_issue_read_operands/acc_q[23]_i_343/O
                         net (fo=1, routed)           0.804     5.700    i_ariane/i_cva6/issue_stage_i/i_issue_read_operands/acc_q[23]_i_343_n_1
    SLICE_X30Y16         CARRY4 (Prop_carry4_DI[0]_CO[3])
                                                      0.550     6.250 r  i_ariane/i_cva6/issue_stage_i/i_issue_read_operands/acc_q_reg[23]_i_212/CO[3]
                         net (fo=1, routed)           0.000     6.250    i_ariane/i_cva6/issue_stage_i/i_issue_read_operands/acc_q_reg[23]_i_212_n_1
    SLICE_X30Y17         CARRY4 (Prop_carry4_CI_O[0])
                                                      0.219     6.469 r  i_ariane/i_cva6/issue_stage_i/i_issue_read_operands/acc_q_reg[31]_i_275/O[0]
                         net (fo=2, routed)           0.581     7.050    i_ariane/i_cva6/issue_stage_i/i_issue_read_operands/acc_q_reg[31]_i_275_n_8
    SLICE_X30Y18         LUT3 (Prop_lut3_I2_O)        0.295     7.345 r  i_ariane/i_cva6/issue_stage_i/i_issue_read_operands/acc_q[23]_i_118/O
                         net (fo=2, routed)           0.986     8.331    i_ariane/i_cva6/issue_stage_i/i_issue_read_operands/acc_q[23]_i_118_n_1
    SLICE_X29Y17         CARRY4 (Prop_carry4_DI[1]_CO[3])
                                                      0.507     8.838 r  i_ariane/i_cva6/issue_stage_i/i_issue_read_operands/acc_q_reg[23]_i_71/CO[3]
                         net (fo=1, routed)           0.000     8.838    i_ariane/i_cva6/issue_stage_i/i_issue_read_operands/acc_q_reg[23]_i_71_n_1
    SLICE_X29Y18         CARRY4 (Prop_carry4_CI_O[3])
                                                      0.313     9.151 r  i_ariane/i_cva6/issue_stage_i/i_issue_read_operands/acc_q_reg[31]_i_114/O[3]
                         net (fo=4, routed)           0.776     9.927    i_ariane/i_cva6/issue_stage_i/i_issue_read_operands/acc_q_reg[31]_i_114_n_5
    SLICE_X26Y17         LUT3 (Prop_lut3_I1_O)        0.306    10.233 r  i_ariane/i_cva6/issue_stage_i/i_issue_read_operands/acc_q[23]_i_37/O
                         net (fo=1, routed)           0.666    10.899    i_ariane/i_cva6/issue_stage_i/i_issue_read_operands/acc_q[23]_i_37_n_1
    SLICE_X31Y15         CARRY4 (Prop_carry4_DI[3]_CO[3])
                                                      0.385    11.284 r  i_ariane/i_cva6/issue_stage_i/i_issue_read_operands/acc_q_reg[23]_i_25/CO[3]
                         net (fo=1, routed)           0.000    11.284    i_ariane/i_cva6/issue_stage_i/i_issue_read_operands/acc_q_reg[23]_i_25_n_1
    SLICE_X31Y16         CARRY4 (Prop_carry4_CI_O[0])
                                                      0.222    11.506 r  i_ariane/i_cva6/issue_stage_i/i_issue_read_operands/acc_q_reg[31]_i_42/O[0]
                         net (fo=2, routed)           0.992    12.499    i_ariane/i_cva6/issue_stage_i/i_issue_read_operands/acc_q_reg[31]_i_42_n_8
    SLICE_X35Y14         LUT3 (Prop_lut3_I1_O)        0.299    12.798 r  i_ariane/i_cva6/issue_stage_i/i_issue_read_operands/acc_q[23]_i_13/O
                         net (fo=2, routed)           0.695    13.492    i_ariane/i_cva6/issue_stage_i/i_issue_read_operands/acc_q[23]_i_13_n_1
    SLICE_X36Y14         LUT4 (Prop_lut4_I0_O)        0.124    13.616 r  i_ariane/i_cva6/issue_stage_i/i_issue_read_operands/acc_q[23]_i_17/O
                         net (fo=1, routed)           0.000    13.616    i_ariane/i_cva6/issue_stage_i/i_issue_read_operands/acc_q[23]_i_17_n_1
    SLICE_X36Y14         CARRY4 (Prop_carry4_S[1]_O[3])
                                                      0.643    14.259 r  i_ariane/i_cva6/issue_stage_i/i_issue_read_operands/acc_q_reg[23]_i_11/O[3]
                         net (fo=2, routed)           0.723    14.982    i_ariane/i_cva6/issue_stage_i/i_issue_read_operands/acc_q_reg[23]_i_11_n_5
    SLICE_X43Y14         LUT3 (Prop_lut3_I0_O)        0.307    15.289 r  i_ariane/i_cva6/issue_stage_i/i_issue_read_operands/acc_q[23]_i_6/O
                         net (fo=2, routed)           0.529    15.818    i_ariane/i_cva6/issue_stage_i/i_issue_read_operands/acc_q[23]_i_6_n_1
    SLICE_X42Y15         CARRY4 (Prop_carry4_DI[0]_O[2])
                                                      0.579    16.397 r  i_ariane/i_cva6/issue_stage_i/i_issue_read_operands/acc_q_reg[23]_i_2/O[2]
                         net (fo=2, routed)           0.603    17.000    i_ariane/gen_example_coprocessor.i_cvxif_coprocessor/fifo_commit_i/gen_fpga_queue.fifo_ram/acc_q_reg[23][2]
    SLICE_X43Y20         LUT3 (Prop_lut3_I0_O)        0.295    17.295 r  i_ariane/gen_example_coprocessor.i_cvxif_coprocessor/fifo_commit_i/gen_fpga_queue.fifo_ram/mem_q[0][sbe][result][22]_i_2/O
                         net (fo=5, routed)           0.631    17.926    i_ariane/gen_example_coprocessor.i_cvxif_coprocessor/fifo_commit_i/gen_fpga_queue.fifo_ram/mem_q[0][sbe][result][31]_i_8_22
    SLICE_X40Y21         LUT2 (Prop_lut2_I1_O)        0.351    18.277 r  i_ariane/gen_example_coprocessor.i_cvxif_coprocessor/fifo_commit_i/gen_fpga_queue.fifo_ram/operand_g_q[22]_i_5/O
                         net (fo=8, routed)           0.940    19.217    i_ariane/i_cva6/id_stage_i/x_result_ex_id[22]_alias
    SLICE_X38Y31         LUT6 (Prop_lut6_I5_O)        0.332    19.549 r  i_ariane/i_cva6/id_stage_i/vaddr_to_be_flushed[22]_i_1_comp_1/O
                         net (fo=2, routed)           0.349    19.898    i_ariane/i_cva6/ex_stage_i/vaddr_to_be_flushed_reg[31]_0[22]
    SLICE_X41Y31         FDCE                                         r  i_ariane/i_cva6/ex_stage_i/vaddr_to_be_flushed_reg[22]/D
  -------------------------------------------------------------------    -------------------

                         (clock clk_out1_xlnx_clk_gen rise edge)
                                                     20.000    20.000 r  
    K17                                               0.000    20.000 r  clk_sys (IN)
                         net (fo=0)                   0.000    20.000    i_xlnx_clk_gen/inst/clk_in1
    K17                  IBUF (Prop_ibuf_I_O)         1.404    21.404 r  i_xlnx_clk_gen/inst/clkin1_ibufg/O
                         net (fo=1, routed)           1.162    22.566    i_xlnx_clk_gen/inst/clk_in1_xlnx_clk_gen
    MMCME2_ADV_X1Y2      MMCME2_ADV (Prop_mmcme2_adv_CLKIN1_CLKOUT0)
                                                     -7.814    14.752 r  i_xlnx_clk_gen/inst/mmcm_adv_inst/CLKOUT0
                         net (fo=1, routed)           2.012    16.764    i_xlnx_clk_gen/inst/clk_out1_xlnx_clk_gen
    BUFGCTRL_X0Y16       BUFG (Prop_bufg_I_O)         0.091    16.855 r  i_xlnx_clk_gen/inst/clkout1_buf/O
                         net (fo=20013, routed)       1.485    18.340    i_ariane/i_cva6/ex_stage_i/clk_out1
    SLICE_X41Y31         FDCE                                         r  i_ariane/i_cva6/ex_stage_i/vaddr_to_be_flushed_reg[22]/C
                         clock pessimism              0.567    18.908    
                         clock uncertainty           -0.079    18.828    
    SLICE_X41Y31         FDCE (Setup_fdce_C_D)       -0.061    18.767    i_ariane/i_cva6/ex_stage_i/vaddr_to_be_flushed_reg[22]
  -------------------------------------------------------------------
                         required time                         18.767    
                         arrival time                         -19.898    
  -------------------------------------------------------------------
                         slack                                 -1.130    

Slack (VIOLATED) :        -1.124ns  (required time - arrival time)
  Source:                 i_ariane/gen_example_coprocessor.i_cvxif_coprocessor/input_buffer_reg[12][2]/C
                            (rising edge-triggered cell FDCE clocked by clk_out1_xlnx_clk_gen  {rise@0.000ns fall@10.000ns period=20.000ns})
  Destination:            i_ariane/i_cva6/issue_stage_i/i_issue_read_operands/operand_b_q_reg[16]/D
                            (rising edge-triggered cell FDCE clocked by clk_out1_xlnx_clk_gen  {rise@0.000ns fall@10.000ns period=20.000ns})
  Path Group:             clk_out1_xlnx_clk_gen
  Path Type:              Setup (Max at Slow Process Corner)
  Requirement:            20.000ns  (clk_out1_xlnx_clk_gen rise@20.000ns - clk_out1_xlnx_clk_gen rise@0.000ns)
  Data Path Delay:        20.797ns  (logic 6.960ns (33.467%)  route 13.837ns (66.533%))
  Logic Levels:           25  (CARRY4=8 LUT2=1 LUT3=5 LUT4=1 LUT5=1 LUT6=7 MUXF7=1 MUXF8=1)
  Clock Path Skew:        -0.278ns (DCD - SCD + CPR)
    Destination Clock Delay (DCD):    -1.603ns = ( 18.397 - 20.000 ) 
    Source Clock Delay      (SCD):    -0.858ns
    Clock Pessimism Removal (CPR):    0.467ns
  Clock Uncertainty:      0.079ns  ((TSJ^2 + DJ^2)^1/2) / 2 + PE
    Total System Jitter     (TSJ):    0.071ns
    Discrete Jitter          (DJ):    0.142ns
    Phase Error              (PE):    0.000ns

    Location             Delay type                Incr(ns)  Path(ns)    Netlist Resource(s)
  -------------------------------------------------------------------    -------------------
                         (clock clk_out1_xlnx_clk_gen rise edge)
                                                      0.000     0.000 r  
    K17                                               0.000     0.000 r  clk_sys (IN)
                         net (fo=0)                   0.000     0.000    i_xlnx_clk_gen/inst/clk_in1
    K17                  IBUF (Prop_ibuf_I_O)         1.475     1.475 r  i_xlnx_clk_gen/inst/clkin1_ibufg/O
                         net (fo=1, routed)           1.285     2.760    i_xlnx_clk_gen/inst/clk_in1_xlnx_clk_gen
    MMCME2_ADV_X1Y2      MMCME2_ADV (Prop_mmcme2_adv_CLKIN1_CLKOUT0)
                                                     -7.759    -4.999 r  i_xlnx_clk_gen/inst/mmcm_adv_inst/CLKOUT0
                         net (fo=1, routed)           2.206    -2.793    i_xlnx_clk_gen/inst/clk_out1_xlnx_clk_gen
    BUFGCTRL_X0Y16       BUFG (Prop_bufg_I_O)         0.101    -2.692 r  i_xlnx_clk_gen/inst/clkout1_buf/O
                         net (fo=20013, routed)       1.834    -0.858    i_ariane/gen_example_coprocessor.i_cvxif_coprocessor/clk_out1
    SLICE_X7Y11          FDCE                                         r  i_ariane/gen_example_coprocessor.i_cvxif_coprocessor/input_buffer_reg[12][2]/C
  -------------------------------------------------------------------    -------------------
    SLICE_X7Y11          FDCE (Prop_fdce_C_Q)         0.419    -0.439 r  i_ariane/gen_example_coprocessor.i_cvxif_coprocessor/input_buffer_reg[12][2]/Q
                         net (fo=1, routed)           1.369     0.930    i_ariane/gen_example_coprocessor.i_cvxif_coprocessor/input_buffer_reg[12]_48[2]
    SLICE_X10Y10         LUT6 (Prop_lut6_I0_O)        0.296     1.226 r  i_ariane/gen_example_coprocessor.i_cvxif_coprocessor/acc_q[15]_i_762/O
                         net (fo=1, routed)           0.000     1.226    i_ariane/gen_example_coprocessor.i_cvxif_coprocessor/acc_q[15]_i_762_n_1
    SLICE_X10Y10         MUXF7 (Prop_muxf7_I0_O)      0.241     1.467 r  i_ariane/gen_example_coprocessor.i_cvxif_coprocessor/acc_q_reg[15]_i_636/O
                         net (fo=1, routed)           0.000     1.467    i_ariane/gen_example_coprocessor.i_cvxif_coprocessor/acc_q_reg[15]_i_636_n_1
    SLICE_X10Y10         MUXF8 (Prop_muxf8_I0_O)      0.098     1.565 r  i_ariane/gen_example_coprocessor.i_cvxif_coprocessor/acc_q_reg[15]_i_547/O
                         net (fo=1, routed)           1.932     3.498    i_ariane/gen_example_coprocessor.i_cvxif_coprocessor/acc_q_reg[15]_i_547_n_1
    SLICE_X46Y8          LUT6 (Prop_lut6_I0_O)        0.319     3.817 r  i_ariane/gen_example_coprocessor.i_cvxif_coprocessor/acc_q[15]_i_438/O
                         net (fo=5, routed)           0.439     4.255    i_ariane/gen_example_coprocessor.i_cvxif_coprocessor/fifo_commit_i/gen_fpga_queue.fifo_ram/acc_q[27]_i_183_2
    SLICE_X46Y7          LUT3 (Prop_lut3_I1_O)        0.124     4.379 r  i_ariane/gen_example_coprocessor.i_cvxif_coprocessor/fifo_commit_i/gen_fpga_queue.fifo_ram/acc_q[15]_i_360/O
                         net (fo=15, routed)          0.630     5.009    i_ariane/i_cva6/issue_stage_i/i_issue_read_operands/acc_q_reg[27]_i_93_1
    SLICE_X44Y6          LUT6 (Prop_lut6_I1_O)        0.124     5.133 r  i_ariane/i_cva6/issue_stage_i/i_issue_read_operands/acc_q[15]_i_297/O
                         net (fo=1, routed)           0.616     5.750    i_ariane/i_cva6/issue_stage_i/i_issue_read_operands/acc_q[15]_i_297_n_1
    SLICE_X40Y6          CARRY4 (Prop_carry4_DI[3]_CO[3])
                                                      0.385     6.135 r  i_ariane/i_cva6/issue_stage_i/i_issue_read_operands/acc_q_reg[15]_i_143/CO[3]
                         net (fo=1, routed)           0.000     6.135    i_ariane/i_cva6/issue_stage_i/i_issue_read_operands/acc_q_reg[15]_i_143_n_1
    SLICE_X40Y7          CARRY4 (Prop_carry4_CI_O[3])
                                                      0.313     6.448 r  i_ariane/i_cva6/issue_stage_i/i_issue_read_operands/acc_q_reg[27]_i_95/O[3]
                         net (fo=2, routed)           0.957     7.405    i_ariane/i_cva6/issue_stage_i/i_issue_read_operands/acc_q_reg[27]_i_95_n_5
    SLICE_X46Y6          LUT3 (Prop_lut3_I2_O)        0.306     7.711 r  i_ariane/i_cva6/issue_stage_i/i_issue_read_operands/acc_q[27]_i_77/O
                         net (fo=2, routed)           0.882     8.593    i_ariane/i_cva6/issue_stage_i/i_issue_read_operands/acc_q[27]_i_77_n_1
    SLICE_X43Y8          LUT4 (Prop_lut4_I3_O)        0.124     8.717 r  i_ariane/i_cva6/issue_stage_i/i_issue_read_operands/acc_q[27]_i_81/O
                         net (fo=1, routed)           0.000     8.717    i_ariane/i_cva6/issue_stage_i/i_issue_read_operands/acc_q[27]_i_81_n_1
    SLICE_X43Y8          CARRY4 (Prop_carry4_S[0]_O[1])
                                                      0.424     9.141 r  i_ariane/i_cva6/issue_stage_i/i_issue_read_operands/acc_q_reg[27]_i_50/O[1]
                         net (fo=2, routed)           0.707     9.848    i_ariane/i_cva6/issue_stage_i/i_issue_read_operands/gen_example_coprocessor.i_cvxif_coprocessor/p_1_in[9]
    SLICE_X47Y10         LUT5 (Prop_lut5_I1_O)        0.303    10.151 r  i_ariane/i_cva6/issue_stage_i/i_issue_read_operands/acc_q[19]_i_72/O
                         net (fo=2, routed)           0.743    10.894    i_ariane/i_cva6/issue_stage_i/i_issue_read_operands/acc_q[19]_i_72_n_1
    SLICE_X44Y11         LUT6 (Prop_lut6_I0_O)        0.124    11.018 r  i_ariane/i_cva6/issue_stage_i/i_issue_read_operands/acc_q[19]_i_76/O
                         net (fo=1, routed)           0.000    11.018    i_ariane/i_cva6/issue_stage_i/i_issue_read_operands/acc_q[19]_i_76_n_1
    SLICE_X44Y11         CARRY4 (Prop_carry4_S[2]_CO[3])
                                                      0.398    11.416 r  i_ariane/i_cva6/issue_stage_i/i_issue_read_operands/acc_q_reg[19]_i_41/CO[3]
                         net (fo=1, routed)           0.000    11.416    i_ariane/i_cva6/issue_stage_i/i_issue_read_operands/acc_q_reg[19]_i_41_n_1
    SLICE_X44Y12         CARRY4 (Prop_carry4_CI_O[0])
                                                      0.222    11.638 r  i_ariane/i_cva6/issue_stage_i/i_issue_read_operands/acc_q_reg[27]_i_22/O[0]
                         net (fo=2, routed)           0.597    12.235    i_ariane/i_cva6/issue_stage_i/i_issue_read_operands/acc_q_reg[27]_i_22_n_8
    SLICE_X47Y13         LUT3 (Prop_lut3_I0_O)        0.299    12.534 r  i_ariane/i_cva6/issue_stage_i/i_issue_read_operands/acc_q[19]_i_24/O
                         net (fo=2, routed)           0.675    13.209    i_ariane/i_cva6/issue_stage_i/i_issue_read_operands/acc_q[19]_i_24_n_1
    SLICE_X45Y12         CARRY4 (Prop_carry4_DI[1]_O[2])
                                                      0.537    13.746 r  i_ariane/i_cva6/issue_stage_i/i_issue_read_operands/acc_q_reg[19]_i_12/O[2]
                         net (fo=2, routed)           0.766    14.512    i_ariane/i_cva6/issue_stage_i/i_issue_read_operands/acc_q_reg[19]_i_12_n_6
    SLICE_X41Y13         LUT3 (Prop_lut3_I1_O)        0.302    14.814 r  i_ariane/i_cva6/issue_stage_i/i_issue_read_operands/acc_q[15]_i_3/O
                         net (fo=2, routed)           0.491    15.305    i_ariane/i_cva6/issue_stage_i/i_issue_read_operands/acc_q[15]_i_3_n_1
    SLICE_X42Y13         CARRY4 (Prop_carry4_DI[3]_CO[3])
                                                      0.396    15.701 r  i_ariane/i_cva6/issue_stage_i/i_issue_read_operands/acc_q_reg[15]_i_2/CO[3]
                         net (fo=1, routed)           0.000    15.701    i_ariane/i_cva6/issue_stage_i/i_issue_read_operands/acc_q_reg[15]_i_2_n_1
    SLICE_X42Y14         CARRY4 (Prop_carry4_CI_O[0])
                                                      0.219    15.920 r  i_ariane/i_cva6/issue_stage_i/i_issue_read_operands/acc_q_reg[19]_i_2/O[0]
                         net (fo=2, routed)           0.721    16.641    i_ariane/gen_example_coprocessor.i_cvxif_coprocessor/fifo_commit_i/gen_fpga_queue.fifo_ram/acc_q_reg[19][0]
    SLICE_X48Y16         LUT3 (Prop_lut3_I0_O)        0.289    16.930 r  i_ariane/gen_example_coprocessor.i_cvxif_coprocessor/fifo_commit_i/gen_fpga_queue.fifo_ram/mem_q[0][sbe][result][16]_i_2/O
                         net (fo=5, routed)           0.965    17.895    i_ariane/gen_example_coprocessor.i_cvxif_coprocessor/fifo_commit_i/gen_fpga_queue.fifo_ram/mem_q[0][sbe][result][31]_i_8_16
    SLICE_X52Y18         LUT2 (Prop_lut2_I1_O)        0.326    18.221 r  i_ariane/gen_example_coprocessor.i_cvxif_coprocessor/fifo_commit_i/gen_fpga_queue.fifo_ram/operand_g_q[16]_i_5/O
                         net (fo=8, routed)           0.883    19.104    i_ariane/i_cva6/issue_stage_i/i_scoreboard/x_result_ex_id[16]
    SLICE_X56Y20         LUT6 (Prop_lut6_I3_O)        0.124    19.228 r  i_ariane/i_cva6/issue_stage_i/i_scoreboard/operand_b_q[16]_i_9/O
                         net (fo=1, routed)           0.300    19.529    i_ariane/i_cva6/issue_stage_i/i_scoreboard/operand_b_q[16]_i_9_n_1
    SLICE_X56Y21         LUT6 (Prop_lut6_I3_O)        0.124    19.653 r  i_ariane/i_cva6/issue_stage_i/i_scoreboard/operand_b_q[16]_i_3/O
                         net (fo=1, routed)           0.162    19.814    i_ariane/i_cva6/issue_stage_i/i_scoreboard/rs2_sb_iro[16]
    SLICE_X56Y21         LUT6 (Prop_lut6_I5_O)        0.124    19.938 r  i_ariane/i_cva6/issue_stage_i/i_scoreboard/operand_b_q[16]_i_1/O
                         net (fo=1, routed)           0.000    19.938    i_ariane/i_cva6/issue_stage_i/i_issue_read_operands/operand_b_q_reg[31]_7[16]
    SLICE_X56Y21         FDCE                                         r  i_ariane/i_cva6/issue_stage_i/i_issue_read_operands/operand_b_q_reg[16]/D
  -------------------------------------------------------------------    -------------------

                         (clock clk_out1_xlnx_clk_gen rise edge)
                                                     20.000    20.000 r  
    K17                                               0.000    20.000 r  clk_sys (IN)
                         net (fo=0)                   0.000    20.000    i_xlnx_clk_gen/inst/clk_in1
    K17                  IBUF (Prop_ibuf_I_O)         1.404    21.404 r  i_xlnx_clk_gen/inst/clkin1_ibufg/O
                         net (fo=1, routed)           1.162    22.566    i_xlnx_clk_gen/inst/clk_in1_xlnx_clk_gen
    MMCME2_ADV_X1Y2      MMCME2_ADV (Prop_mmcme2_adv_CLKIN1_CLKOUT0)
                                                     -7.814    14.752 r  i_xlnx_clk_gen/inst/mmcm_adv_inst/CLKOUT0
                         net (fo=1, routed)           2.012    16.764    i_xlnx_clk_gen/inst/clk_out1_xlnx_clk_gen
    BUFGCTRL_X0Y16       BUFG (Prop_bufg_I_O)         0.091    16.855 r  i_xlnx_clk_gen/inst/clkout1_buf/O
                         net (fo=20013, routed)       1.542    18.397    i_ariane/i_cva6/issue_stage_i/i_issue_read_operands/clk_out1
    SLICE_X56Y21         FDCE                                         r  i_ariane/i_cva6/issue_stage_i/i_issue_read_operands/operand_b_q_reg[16]/C
                         clock pessimism              0.467    18.864    
                         clock uncertainty           -0.079    18.785    
    SLICE_X56Y21         FDCE (Setup_fdce_C_D)        0.029    18.814    i_ariane/i_cva6/issue_stage_i/i_issue_read_operands/operand_b_q_reg[16]
  -------------------------------------------------------------------
                         required time                         18.814    
                         arrival time                         -19.938    
  -------------------------------------------------------------------
                         slack                                 -1.124    

Slack (VIOLATED) :        -1.124ns  (required time - arrival time)
  Source:                 i_ariane/i_cva6/issue_stage_i/i_issue_read_operands/cvxif_off_instr_q_reg[2]/C
                            (rising edge-triggered cell FDCE clocked by clk_out1_xlnx_clk_gen  {rise@0.000ns fall@10.000ns period=20.000ns})
  Destination:            i_ariane/i_cva6/issue_stage_i/i_issue_read_operands/operand_f_q_reg[23]/D
                            (rising edge-triggered cell FDCE clocked by clk_out1_xlnx_clk_gen  {rise@0.000ns fall@10.000ns period=20.000ns})
  Path Group:             clk_out1_xlnx_clk_gen
  Path Type:              Setup (Max at Slow Process Corner)
  Requirement:            20.000ns  (clk_out1_xlnx_clk_gen rise@20.000ns - clk_out1_xlnx_clk_gen rise@0.000ns)
  Data Path Delay:        21.006ns  (logic 7.200ns (34.276%)  route 13.806ns (65.724%))
  Logic Levels:           22  (CARRY4=8 LUT2=1 LUT3=6 LUT4=1 LUT5=3 LUT6=3)
  Clock Path Skew:        -0.068ns (DCD - SCD + CPR)
    Destination Clock Delay (DCD):    -1.661ns = ( 18.339 - 20.000 ) 
    Source Clock Delay      (SCD):    -1.025ns
    Clock Pessimism Removal (CPR):    0.567ns
  Clock Uncertainty:      0.079ns  ((TSJ^2 + DJ^2)^1/2) / 2 + PE
    Total System Jitter     (TSJ):    0.071ns
    Discrete Jitter          (DJ):    0.142ns
    Phase Error              (PE):    0.000ns

    Location             Delay type                Incr(ns)  Path(ns)    Netlist Resource(s)
  -------------------------------------------------------------------    -------------------
                         (clock clk_out1_xlnx_clk_gen rise edge)
                                                      0.000     0.000 r  
    K17                                               0.000     0.000 r  clk_sys (IN)
                         net (fo=0)                   0.000     0.000    i_xlnx_clk_gen/inst/clk_in1
    K17                  IBUF (Prop_ibuf_I_O)         1.475     1.475 r  i_xlnx_clk_gen/inst/clkin1_ibufg/O
                         net (fo=1, routed)           1.285     2.760    i_xlnx_clk_gen/inst/clk_in1_xlnx_clk_gen
    MMCME2_ADV_X1Y2      MMCME2_ADV (Prop_mmcme2_adv_CLKIN1_CLKOUT0)
                                                     -7.759    -4.999 r  i_xlnx_clk_gen/inst/mmcm_adv_inst/CLKOUT0
                         net (fo=1, routed)           2.206    -2.793    i_xlnx_clk_gen/inst/clk_out1_xlnx_clk_gen
    BUFGCTRL_X0Y16       BUFG (Prop_bufg_I_O)         0.101    -2.692 r  i_xlnx_clk_gen/inst/clkout1_buf/O
                         net (fo=20013, routed)       1.667    -1.025    i_ariane/i_cva6/issue_stage_i/i_issue_read_operands/clk_out1
    SLICE_X35Y10         FDCE                                         r  i_ariane/i_cva6/issue_stage_i/i_issue_read_operands/cvxif_off_instr_q_reg[2]/C
  -------------------------------------------------------------------    -------------------
    SLICE_X35Y10         FDCE (Prop_fdce_C_Q)         0.456    -0.569 f  i_ariane/i_cva6/issue_stage_i/i_issue_read_operands/cvxif_off_instr_q_reg[2]/Q
                         net (fo=3, routed)           0.815     0.245    i_ariane/i_cva6/issue_stage_i/i_issue_read_operands/x_off_instr_id_ex__0[2]
    SLICE_X35Y9          LUT5 (Prop_lut5_I4_O)        0.124     0.369 r  i_ariane/i_cva6/issue_stage_i/i_issue_read_operands/issue_block_cnt_q[4]_i_3/O
                         net (fo=8, routed)           0.845     1.214    i_ariane/i_cva6/issue_stage_i/i_issue_read_operands/issue_block_cnt_q[4]_i_3_n_1
    SLICE_X35Y10         LUT5 (Prop_lut5_I0_O)        0.152     1.366 r  i_ariane/i_cva6/issue_stage_i/i_issue_read_operands/mem_reg_0_7_0_5_i_12/O
                         net (fo=9, routed)           0.642     2.008    i_ariane/gen_example_coprocessor.i_cvxif_coprocessor/fifo_commit_i/gen_fpga_queue.fifo_ram/issue_is_mac16buf_para
    SLICE_X33Y13         LUT3 (Prop_lut3_I0_O)        0.332     2.340 r  i_ariane/gen_example_coprocessor.i_cvxif_coprocessor/fifo_commit_i/gen_fpga_queue.fifo_ram/acc_q[19]_i_511/O
                         net (fo=114, routed)         1.474     3.815    i_ariane/gen_example_coprocessor.i_cvxif_coprocessor/fifo_commit_i/gen_fpga_queue.fifo_ram/acc_q[19]_i_511_n_1
    SLICE_X30Y22         LUT5 (Prop_lut5_I4_O)        0.124     3.939 r  i_ariane/gen_example_coprocessor.i_cvxif_coprocessor/fifo_commit_i/gen_fpga_queue.fifo_ram/acc_q[15]_i_331/O
                         net (fo=19, routed)          0.833     4.772    i_ariane/i_cva6/issue_stage_i/i_issue_read_operands/acc_q_reg[23]_i_210_0
    SLICE_X28Y19         LUT6 (Prop_lut6_I1_O)        0.124     4.896 r  i_ariane/i_cva6/issue_stage_i/i_issue_read_operands/acc_q[23]_i_343/O
                         net (fo=1, routed)           0.804     5.700    i_ariane/i_cva6/issue_stage_i/i_issue_read_operands/acc_q[23]_i_343_n_1
    SLICE_X30Y16         CARRY4 (Prop_carry4_DI[0]_CO[3])
                                                      0.550     6.250 r  i_ariane/i_cva6/issue_stage_i/i_issue_read_operands/acc_q_reg[23]_i_212/CO[3]
                         net (fo=1, routed)           0.000     6.250    i_ariane/i_cva6/issue_stage_i/i_issue_read_operands/acc_q_reg[23]_i_212_n_1
    SLICE_X30Y17         CARRY4 (Prop_carry4_CI_O[0])
                                                      0.219     6.469 r  i_ariane/i_cva6/issue_stage_i/i_issue_read_operands/acc_q_reg[31]_i_275/O[0]
                         net (fo=2, routed)           0.581     7.050    i_ariane/i_cva6/issue_stage_i/i_issue_read_operands/acc_q_reg[31]_i_275_n_8
    SLICE_X30Y18         LUT3 (Prop_lut3_I2_O)        0.295     7.345 r  i_ariane/i_cva6/issue_stage_i/i_issue_read_operands/acc_q[23]_i_118/O
                         net (fo=2, routed)           0.986     8.331    i_ariane/i_cva6/issue_stage_i/i_issue_read_operands/acc_q[23]_i_118_n_1
    SLICE_X29Y17         CARRY4 (Prop_carry4_DI[1]_CO[3])
                                                      0.507     8.838 r  i_ariane/i_cva6/issue_stage_i/i_issue_read_operands/acc_q_reg[23]_i_71/CO[3]
                         net (fo=1, routed)           0.000     8.838    i_ariane/i_cva6/issue_stage_i/i_issue_read_operands/acc_q_reg[23]_i_71_n_1
    SLICE_X29Y18         CARRY4 (Prop_carry4_CI_O[3])
                                                      0.313     9.151 r  i_ariane/i_cva6/issue_stage_i/i_issue_read_operands/acc_q_reg[31]_i_114/O[3]
                         net (fo=4, routed)           0.776     9.927    i_ariane/i_cva6/issue_stage_i/i_issue_read_operands/acc_q_reg[31]_i_114_n_5
    SLICE_X26Y17         LUT3 (Prop_lut3_I1_O)        0.306    10.233 r  i_ariane/i_cva6/issue_stage_i/i_issue_read_operands/acc_q[23]_i_37/O
                         net (fo=1, routed)           0.666    10.899    i_ariane/i_cva6/issue_stage_i/i_issue_read_operands/acc_q[23]_i_37_n_1
    SLICE_X31Y15         CARRY4 (Prop_carry4_DI[3]_CO[3])
                                                      0.385    11.284 r  i_ariane/i_cva6/issue_stage_i/i_issue_read_operands/acc_q_reg[23]_i_25/CO[3]
                         net (fo=1, routed)           0.000    11.284    i_ariane/i_cva6/issue_stage_i/i_issue_read_operands/acc_q_reg[23]_i_25_n_1
    SLICE_X31Y16         CARRY4 (Prop_carry4_CI_O[0])
                                                      0.222    11.506 r  i_ariane/i_cva6/issue_stage_i/i_issue_read_operands/acc_q_reg[31]_i_42/O[0]
                         net (fo=2, routed)           0.992    12.499    i_ariane/i_cva6/issue_stage_i/i_issue_read_operands/acc_q_reg[31]_i_42_n_8
    SLICE_X35Y14         LUT3 (Prop_lut3_I1_O)        0.299    12.798 r  i_ariane/i_cva6/issue_stage_i/i_issue_read_operands/acc_q[23]_i_13/O
                         net (fo=2, routed)           0.695    13.492    i_ariane/i_cva6/issue_stage_i/i_issue_read_operands/acc_q[23]_i_13_n_1
    SLICE_X36Y14         LUT4 (Prop_lut4_I0_O)        0.124    13.616 r  i_ariane/i_cva6/issue_stage_i/i_issue_read_operands/acc_q[23]_i_17/O
                         net (fo=1, routed)           0.000    13.616    i_ariane/i_cva6/issue_stage_i/i_issue_read_operands/acc_q[23]_i_17_n_1
    SLICE_X36Y14         CARRY4 (Prop_carry4_S[1]_O[3])
                                                      0.643    14.259 r  i_ariane/i_cva6/issue_stage_i/i_issue_read_operands/acc_q_reg[23]_i_11/O[3]
                         net (fo=2, routed)           0.723    14.982    i_ariane/i_cva6/issue_stage_i/i_issue_read_operands/acc_q_reg[23]_i_11_n_5
    SLICE_X43Y14         LUT3 (Prop_lut3_I0_O)        0.307    15.289 r  i_ariane/i_cva6/issue_stage_i/i_issue_read_operands/acc_q[23]_i_6/O
                         net (fo=2, routed)           0.529    15.818    i_ariane/i_cva6/issue_stage_i/i_issue_read_operands/acc_q[23]_i_6_n_1
    SLICE_X42Y15         CARRY4 (Prop_carry4_DI[0]_O[3])
                                                      0.642    16.460 r  i_ariane/i_cva6/issue_stage_i/i_issue_read_operands/acc_q_reg[23]_i_2/O[3]
                         net (fo=2, routed)           0.729    17.190    i_ariane/gen_example_coprocessor.i_cvxif_coprocessor/fifo_commit_i/gen_fpga_queue.fifo_ram/acc_q_reg[23][3]
    SLICE_X43Y19         LUT3 (Prop_lut3_I0_O)        0.301    17.491 r  i_ariane/gen_example_coprocessor.i_cvxif_coprocessor/fifo_commit_i/gen_fpga_queue.fifo_ram/mem_q[0][sbe][result][23]_i_2/O
                         net (fo=5, routed)           0.594    18.084    i_ariane/gen_example_coprocessor.i_cvxif_coprocessor/fifo_commit_i/gen_fpga_queue.fifo_ram/mem_q[0][sbe][result][31]_i_8_23
    SLICE_X41Y21         LUT2 (Prop_lut2_I1_O)        0.319    18.403 r  i_ariane/gen_example_coprocessor.i_cvxif_coprocessor/fifo_commit_i/gen_fpga_queue.fifo_ram/operand_g_q[23]_i_5/O
                         net (fo=8, routed)           0.711    19.114    i_ariane/i_cva6/issue_stage_i/i_scoreboard/x_result_ex_id[23]
    SLICE_X40Y28         LUT6 (Prop_lut6_I3_O)        0.332    19.446 r  i_ariane/i_cva6/issue_stage_i/i_scoreboard/operand_f_q[23]_i_3/O
                         net (fo=1, routed)           0.410    19.857    i_ariane/i_cva6/issue_stage_i/i_scoreboard/operand_f_q[23]_i_3_n_1
    SLICE_X39Y29         LUT6 (Prop_lut6_I4_O)        0.124    19.981 r  i_ariane/i_cva6/issue_stage_i/i_scoreboard/operand_f_q[23]_i_1/O
                         net (fo=1, routed)           0.000    19.981    i_ariane/i_cva6/issue_stage_i/i_issue_read_operands/operand_f_q_reg[31]_9[23]
    SLICE_X39Y29         FDCE                                         r  i_ariane/i_cva6/issue_stage_i/i_issue_read_operands/operand_f_q_reg[23]/D
  -------------------------------------------------------------------    -------------------

                         (clock clk_out1_xlnx_clk_gen rise edge)
                                                     20.000    20.000 r  
    K17                                               0.000    20.000 r  clk_sys (IN)
                         net (fo=0)                   0.000    20.000    i_xlnx_clk_gen/inst/clk_in1
    K17                  IBUF (Prop_ibuf_I_O)         1.404    21.404 r  i_xlnx_clk_gen/inst/clkin1_ibufg/O
                         net (fo=1, routed)           1.162    22.566    i_xlnx_clk_gen/inst/clk_in1_xlnx_clk_gen
    MMCME2_ADV_X1Y2      MMCME2_ADV (Prop_mmcme2_adv_CLKIN1_CLKOUT0)
                                                     -7.814    14.752 r  i_xlnx_clk_gen/inst/mmcm_adv_inst/CLKOUT0
                         net (fo=1, routed)           2.012    16.764    i_xlnx_clk_gen/inst/clk_out1_xlnx_clk_gen
    BUFGCTRL_X0Y16       BUFG (Prop_bufg_I_O)         0.091    16.855 r  i_xlnx_clk_gen/inst/clkout1_buf/O
                         net (fo=20013, routed)       1.484    18.339    i_ariane/i_cva6/issue_stage_i/i_issue_read_operands/clk_out1
    SLICE_X39Y29         FDCE                                         r  i_ariane/i_cva6/issue_stage_i/i_issue_read_operands/operand_f_q_reg[23]/C
                         clock pessimism              0.567    18.907    
                         clock uncertainty           -0.079    18.827    
    SLICE_X39Y29         FDCE (Setup_fdce_C_D)        0.029    18.856    i_ariane/i_cva6/issue_stage_i/i_issue_read_operands/operand_f_q_reg[23]
  -------------------------------------------------------------------
                         required time                         18.856    
                         arrival time                         -19.981    
  -------------------------------------------------------------------
                         slack                                 -1.124    





Min Delay Paths
--------------------------------------------------------------------------------------
Slack (MET) :             0.054ns  (arrival time - required time)
  Source:                 i_axi_xbar/i_xbar/gen_mst_port_mux[6].i_axi_mux/gen_mux.i_ar_spill_reg/spill_register_flushable_i/gen_spill_reg.a_data_q_reg[addr][15]/C
                            (rising edge-triggered cell FDCE clocked by clk_out1_xlnx_clk_gen  {rise@0.000ns fall@10.000ns period=20.000ns})
  Destination:            i_axi_xbar/i_xbar/gen_mst_port_mux[6].i_axi_mux/gen_mux.i_ar_spill_reg/spill_register_flushable_i/gen_spill_reg.b_data_q_reg[addr][15]/D
                            (rising edge-triggered cell FDCE clocked by clk_out1_xlnx_clk_gen  {rise@0.000ns fall@10.000ns period=20.000ns})
  Path Group:             clk_out1_xlnx_clk_gen
  Path Type:              Hold (Min at Fast Process Corner)
  Requirement:            0.000ns  (clk_out1_xlnx_clk_gen rise@0.000ns - clk_out1_xlnx_clk_gen rise@0.000ns)
  Data Path Delay:        0.369ns  (logic 0.164ns (44.400%)  route 0.205ns (55.600%))
  Logic Levels:           0  
  Clock Path Skew:        0.263ns (DCD - SCD - CPR)
    Destination Clock Delay (DCD):    -0.839ns
    Source Clock Delay      (SCD):    -0.595ns
    Clock Pessimism Removal (CPR):    -0.508ns

    Location             Delay type                Incr(ns)  Path(ns)    Netlist Resource(s)
  -------------------------------------------------------------------    -------------------
                         (clock clk_out1_xlnx_clk_gen rise edge)
                                                      0.000     0.000 r  
    K17                                               0.000     0.000 r  clk_sys (IN)
                         net (fo=0)                   0.000     0.000    i_xlnx_clk_gen/inst/clk_in1
    K17                  IBUF (Prop_ibuf_I_O)         0.243     0.243 r  i_xlnx_clk_gen/inst/clkin1_ibufg/O
                         net (fo=1, routed)           0.440     0.683    i_xlnx_clk_gen/inst/clk_in1_xlnx_clk_gen
    MMCME2_ADV_X1Y2      MMCME2_ADV (Prop_mmcme2_adv_CLKIN1_CLKOUT0)
                                                     -2.613    -1.930 r  i_xlnx_clk_gen/inst/mmcm_adv_inst/CLKOUT0
                         net (fo=1, routed)           0.696    -1.233    i_xlnx_clk_gen/inst/clk_out1_xlnx_clk_gen
    BUFGCTRL_X0Y16       BUFG (Prop_bufg_I_O)         0.026    -1.207 r  i_xlnx_clk_gen/inst/clkout1_buf/O
                         net (fo=20013, routed)       0.613    -0.595    i_axi_xbar/i_xbar/gen_mst_port_mux[6].i_axi_mux/gen_mux.i_ar_spill_reg/spill_register_flushable_i/clk_out1
    SLICE_X90Y47         FDCE                                         r  i_axi_xbar/i_xbar/gen_mst_port_mux[6].i_axi_mux/gen_mux.i_ar_spill_reg/spill_register_flushable_i/gen_spill_reg.a_data_q_reg[addr][15]/C
  -------------------------------------------------------------------    -------------------
    SLICE_X90Y47         FDCE (Prop_fdce_C_Q)         0.164    -0.431 r  i_axi_xbar/i_xbar/gen_mst_port_mux[6].i_axi_mux/gen_mux.i_ar_spill_reg/spill_register_flushable_i/gen_spill_reg.a_data_q_reg[addr][15]/Q
                         net (fo=2, routed)           0.205    -0.225    i_axi_xbar/i_xbar/gen_mst_port_mux[6].i_axi_mux/gen_mux.i_ar_spill_reg/spill_register_flushable_i/gen_spill_reg.a_data_q_reg[addr_n_1_][15]
    SLICE_X90Y54         FDCE                                         r  i_axi_xbar/i_xbar/gen_mst_port_mux[6].i_axi_mux/gen_mux.i_ar_spill_reg/spill_register_flushable_i/gen_spill_reg.b_data_q_reg[addr][15]/D
  -------------------------------------------------------------------    -------------------

                         (clock clk_out1_xlnx_clk_gen rise edge)
                                                      0.000     0.000 r  
    K17                                               0.000     0.000 r  clk_sys (IN)
                         net (fo=0)                   0.000     0.000    i_xlnx_clk_gen/inst/clk_in1
    K17                  IBUF (Prop_ibuf_I_O)         0.431     0.431 r  i_xlnx_clk_gen/inst/clkin1_ibufg/O
                         net (fo=1, routed)           0.480     0.911    i_xlnx_clk_gen/inst/clk_in1_xlnx_clk_gen
    MMCME2_ADV_X1Y2      MMCME2_ADV (Prop_mmcme2_adv_CLKIN1_CLKOUT0)
                                                     -3.407    -2.496 r  i_xlnx_clk_gen/inst/mmcm_adv_inst/CLKOUT0
                         net (fo=1, routed)           0.752    -1.744    i_xlnx_clk_gen/inst/clk_out1_xlnx_clk_gen
    BUFGCTRL_X0Y16       BUFG (Prop_bufg_I_O)         0.029    -1.715 r  i_xlnx_clk_gen/inst/clkout1_buf/O
                         net (fo=20013, routed)       0.876    -0.839    i_axi_xbar/i_xbar/gen_mst_port_mux[6].i_axi_mux/gen_mux.i_ar_spill_reg/spill_register_flushable_i/clk_out1
    SLICE_X90Y54         FDCE                                         r  i_axi_xbar/i_xbar/gen_mst_port_mux[6].i_axi_mux/gen_mux.i_ar_spill_reg/spill_register_flushable_i/gen_spill_reg.b_data_q_reg[addr][15]/C
                         clock pessimism              0.508    -0.331    
    SLICE_X90Y54         FDCE (Hold_fdce_C_D)         0.052    -0.279    i_axi_xbar/i_xbar/gen_mst_port_mux[6].i_axi_mux/gen_mux.i_ar_spill_reg/spill_register_flushable_i/gen_spill_reg.b_data_q_reg[addr][15]
  -------------------------------------------------------------------
                         required time                          0.279    
                         arrival time                          -0.225    
  -------------------------------------------------------------------
                         slack                                  0.054    

Slack (MET) :             0.055ns  (arrival time - required time)
  Source:                 i_axi_xbar/i_xbar/gen_slv_port_demux[1].i_axi_demux/gen_demux.i_aw_spill_reg/spill_register_flushable_i/gen_spill_reg.a_data_q_reg[aw_chan][addr][4]/C
                            (rising edge-triggered cell FDCE clocked by clk_out1_xlnx_clk_gen  {rise@0.000ns fall@10.000ns period=20.000ns})
  Destination:            i_axi_xbar/i_xbar/gen_slv_port_demux[1].i_axi_demux/gen_demux.i_aw_spill_reg/spill_register_flushable_i/gen_spill_reg.b_data_q_reg[aw_chan][addr][4]/D
                            (rising edge-triggered cell FDCE clocked by clk_out1_xlnx_clk_gen  {rise@0.000ns fall@10.000ns period=20.000ns})
  Path Group:             clk_out1_xlnx_clk_gen
  Path Type:              Hold (Min at Fast Process Corner)
  Requirement:            0.000ns  (clk_out1_xlnx_clk_gen rise@0.000ns - clk_out1_xlnx_clk_gen rise@0.000ns)
  Data Path Delay:        0.400ns  (logic 0.141ns (35.265%)  route 0.259ns (64.735%))
  Logic Levels:           0  
  Clock Path Skew:        0.275ns (DCD - SCD - CPR)
    Destination Clock Delay (DCD):    -0.831ns
    Source Clock Delay      (SCD):    -0.599ns
    Clock Pessimism Removal (CPR):    -0.508ns

    Location             Delay type                Incr(ns)  Path(ns)    Netlist Resource(s)
  -------------------------------------------------------------------    -------------------
                         (clock clk_out1_xlnx_clk_gen rise edge)
                                                      0.000     0.000 r  
    K17                                               0.000     0.000 r  clk_sys (IN)
                         net (fo=0)                   0.000     0.000    i_xlnx_clk_gen/inst/clk_in1
    K17                  IBUF (Prop_ibuf_I_O)         0.243     0.243 r  i_xlnx_clk_gen/inst/clkin1_ibufg/O
                         net (fo=1, routed)           0.440     0.683    i_xlnx_clk_gen/inst/clk_in1_xlnx_clk_gen
    MMCME2_ADV_X1Y2      MMCME2_ADV (Prop_mmcme2_adv_CLKIN1_CLKOUT0)
                                                     -2.613    -1.930 r  i_xlnx_clk_gen/inst/mmcm_adv_inst/CLKOUT0
                         net (fo=1, routed)           0.696    -1.233    i_xlnx_clk_gen/inst/clk_out1_xlnx_clk_gen
    BUFGCTRL_X0Y16       BUFG (Prop_bufg_I_O)         0.026    -1.207 r  i_xlnx_clk_gen/inst/clkout1_buf/O
                         net (fo=20013, routed)       0.609    -0.599    i_axi_xbar/i_xbar/gen_slv_port_demux[1].i_axi_demux/gen_demux.i_aw_spill_reg/spill_register_flushable_i/clk_out1
    SLICE_X105Y51        FDCE                                         r  i_axi_xbar/i_xbar/gen_slv_port_demux[1].i_axi_demux/gen_demux.i_aw_spill_reg/spill_register_flushable_i/gen_spill_reg.a_data_q_reg[aw_chan][addr][4]/C
  -------------------------------------------------------------------    -------------------
    SLICE_X105Y51        FDCE (Prop_fdce_C_Q)         0.141    -0.458 r  i_axi_xbar/i_xbar/gen_slv_port_demux[1].i_axi_demux/gen_demux.i_aw_spill_reg/spill_register_flushable_i/gen_spill_reg.a_data_q_reg[aw_chan][addr][4]/Q
                         net (fo=2, routed)           0.259    -0.199    i_axi_xbar/i_xbar/gen_slv_port_demux[1].i_axi_demux/gen_demux.i_aw_spill_reg/spill_register_flushable_i/gen_spill_reg.a_data_q_reg[aw_chan][addr][4]
    SLICE_X101Y49        FDCE                                         r  i_axi_xbar/i_xbar/gen_slv_port_demux[1].i_axi_demux/gen_demux.i_aw_spill_reg/spill_register_flushable_i/gen_spill_reg.b_data_q_reg[aw_chan][addr][4]/D
  -------------------------------------------------------------------    -------------------

                         (clock clk_out1_xlnx_clk_gen rise edge)
                                                      0.000     0.000 r  
    K17                                               0.000     0.000 r  clk_sys (IN)
                         net (fo=0)                   0.000     0.000    i_xlnx_clk_gen/inst/clk_in1
    K17                  IBUF (Prop_ibuf_I_O)         0.431     0.431 r  i_xlnx_clk_gen/inst/clkin1_ibufg/O
                         net (fo=1, routed)           0.480     0.911    i_xlnx_clk_gen/inst/clk_in1_xlnx_clk_gen
    MMCME2_ADV_X1Y2      MMCME2_ADV (Prop_mmcme2_adv_CLKIN1_CLKOUT0)
                                                     -3.407    -2.496 r  i_xlnx_clk_gen/inst/mmcm_adv_inst/CLKOUT0
                         net (fo=1, routed)           0.752    -1.744    i_xlnx_clk_gen/inst/clk_out1_xlnx_clk_gen
    BUFGCTRL_X0Y16       BUFG (Prop_bufg_I_O)         0.029    -1.715 r  i_xlnx_clk_gen/inst/clkout1_buf/O
                         net (fo=20013, routed)       0.884    -0.831    i_axi_xbar/i_xbar/gen_slv_port_demux[1].i_axi_demux/gen_demux.i_aw_spill_reg/spill_register_flushable_i/clk_out1
    SLICE_X101Y49        FDCE                                         r  i_axi_xbar/i_xbar/gen_slv_port_demux[1].i_axi_demux/gen_demux.i_aw_spill_reg/spill_register_flushable_i/gen_spill_reg.b_data_q_reg[aw_chan][addr][4]/C
                         clock pessimism              0.508    -0.323    
    SLICE_X101Y49        FDCE (Hold_fdce_C_D)         0.070    -0.253    i_axi_xbar/i_xbar/gen_slv_port_demux[1].i_axi_demux/gen_demux.i_aw_spill_reg/spill_register_flushable_i/gen_spill_reg.b_data_q_reg[aw_chan][addr][4]
  -------------------------------------------------------------------
                         required time                          0.253    
                         arrival time                          -0.199    
  -------------------------------------------------------------------
                         slack                                  0.055    

Slack (MET) :             0.057ns  (arrival time - required time)
  Source:                 i_axi_xbar/i_xbar/gen_mst_port_mux[6].i_axi_mux/gen_mux.i_aw_spill_reg/spill_register_flushable_i/gen_spill_reg.a_data_q_reg[addr][32]/C
                            (rising edge-triggered cell FDCE clocked by clk_out1_xlnx_clk_gen  {rise@0.000ns fall@10.000ns period=20.000ns})
  Destination:            i_axi_xbar/i_xbar/gen_mst_port_mux[6].i_axi_mux/gen_mux.i_aw_spill_reg/spill_register_flushable_i/gen_spill_reg.b_data_q_reg[addr][32]/D
                            (rising edge-triggered cell FDCE clocked by clk_out1_xlnx_clk_gen  {rise@0.000ns fall@10.000ns period=20.000ns})
  Path Group:             clk_out1_xlnx_clk_gen
  Path Type:              Hold (Min at Fast Process Corner)
  Requirement:            0.000ns  (clk_out1_xlnx_clk_gen rise@0.000ns - clk_out1_xlnx_clk_gen rise@0.000ns)
  Data Path Delay:        0.338ns  (logic 0.148ns (43.752%)  route 0.190ns (56.248%))
  Logic Levels:           0  
  Clock Path Skew:        0.264ns (DCD - SCD - CPR)
    Destination Clock Delay (DCD):    -0.836ns
    Source Clock Delay      (SCD):    -0.593ns
    Clock Pessimism Removal (CPR):    -0.508ns

    Location             Delay type                Incr(ns)  Path(ns)    Netlist Resource(s)
  -------------------------------------------------------------------    -------------------
                         (clock clk_out1_xlnx_clk_gen rise edge)
                                                      0.000     0.000 r  
    K17                                               0.000     0.000 r  clk_sys (IN)
                         net (fo=0)                   0.000     0.000    i_xlnx_clk_gen/inst/clk_in1
    K17                  IBUF (Prop_ibuf_I_O)         0.243     0.243 r  i_xlnx_clk_gen/inst/clkin1_ibufg/O
                         net (fo=1, routed)           0.440     0.683    i_xlnx_clk_gen/inst/clk_in1_xlnx_clk_gen
    MMCME2_ADV_X1Y2      MMCME2_ADV (Prop_mmcme2_adv_CLKIN1_CLKOUT0)
                                                     -2.613    -1.930 r  i_xlnx_clk_gen/inst/mmcm_adv_inst/CLKOUT0
                         net (fo=1, routed)           0.696    -1.233    i_xlnx_clk_gen/inst/clk_out1_xlnx_clk_gen
    BUFGCTRL_X0Y16       BUFG (Prop_bufg_I_O)         0.026    -1.207 r  i_xlnx_clk_gen/inst/clkout1_buf/O
                         net (fo=20013, routed)       0.615    -0.593    i_axi_xbar/i_xbar/gen_mst_port_mux[6].i_axi_mux/gen_mux.i_aw_spill_reg/spill_register_flushable_i/clk_out1
    SLICE_X104Y49        FDCE                                         r  i_axi_xbar/i_xbar/gen_mst_port_mux[6].i_axi_mux/gen_mux.i_aw_spill_reg/spill_register_flushable_i/gen_spill_reg.a_data_q_reg[addr][32]/C
  -------------------------------------------------------------------    -------------------
    SLICE_X104Y49        FDCE (Prop_fdce_C_Q)         0.148    -0.445 r  i_axi_xbar/i_xbar/gen_mst_port_mux[6].i_axi_mux/gen_mux.i_aw_spill_reg/spill_register_flushable_i/gen_spill_reg.a_data_q_reg[addr][32]/Q
                         net (fo=2, routed)           0.190    -0.254    i_axi_xbar/i_xbar/gen_mst_port_mux[6].i_axi_mux/gen_mux.i_aw_spill_reg/spill_register_flushable_i/gen_spill_reg.a_data_q_reg[addr][32]
    SLICE_X105Y53        FDCE                                         r  i_axi_xbar/i_xbar/gen_mst_port_mux[6].i_axi_mux/gen_mux.i_aw_spill_reg/spill_register_flushable_i/gen_spill_reg.b_data_q_reg[addr][32]/D
  -------------------------------------------------------------------    -------------------

                         (clock clk_out1_xlnx_clk_gen rise edge)
                                                      0.000     0.000 r  
    K17                                               0.000     0.000 r  clk_sys (IN)
                         net (fo=0)                   0.000     0.000    i_xlnx_clk_gen/inst/clk_in1
    K17                  IBUF (Prop_ibuf_I_O)         0.431     0.431 r  i_xlnx_clk_gen/inst/clkin1_ibufg/O
                         net (fo=1, routed)           0.480     0.911    i_xlnx_clk_gen/inst/clk_in1_xlnx_clk_gen
    MMCME2_ADV_X1Y2      MMCME2_ADV (Prop_mmcme2_adv_CLKIN1_CLKOUT0)
                                                     -3.407    -2.496 r  i_xlnx_clk_gen/inst/mmcm_adv_inst/CLKOUT0
                         net (fo=1, routed)           0.752    -1.744    i_xlnx_clk_gen/inst/clk_out1_xlnx_clk_gen
    BUFGCTRL_X0Y16       BUFG (Prop_bufg_I_O)         0.029    -1.715 r  i_xlnx_clk_gen/inst/clkout1_buf/O
                         net (fo=20013, routed)       0.879    -0.836    i_axi_xbar/i_xbar/gen_mst_port_mux[6].i_axi_mux/gen_mux.i_aw_spill_reg/spill_register_flushable_i/clk_out1
    SLICE_X105Y53        FDCE                                         r  i_axi_xbar/i_xbar/gen_mst_port_mux[6].i_axi_mux/gen_mux.i_aw_spill_reg/spill_register_flushable_i/gen_spill_reg.b_data_q_reg[addr][32]/C
                         clock pessimism              0.508    -0.328    
    SLICE_X105Y53        FDCE (Hold_fdce_C_D)         0.017    -0.311    i_axi_xbar/i_xbar/gen_mst_port_mux[6].i_axi_mux/gen_mux.i_aw_spill_reg/spill_register_flushable_i/gen_spill_reg.b_data_q_reg[addr][32]
  -------------------------------------------------------------------
                         required time                          0.311    
                         arrival time                          -0.254    
  -------------------------------------------------------------------
                         slack                                  0.057    

Slack (MET) :             0.057ns  (arrival time - required time)
  Source:                 i_axi_xbar/i_xbar/gen_mst_port_mux[7].i_axi_mux/gen_mux.i_ar_spill_reg/spill_register_flushable_i/gen_spill_reg.a_data_q_reg[addr][7]/C
                            (rising edge-triggered cell FDCE clocked by clk_out1_xlnx_clk_gen  {rise@0.000ns fall@10.000ns period=20.000ns})
  Destination:            i_axi_xbar/i_xbar/gen_mst_port_mux[7].i_axi_mux/gen_mux.i_ar_spill_reg/spill_register_flushable_i/gen_spill_reg.b_data_q_reg[addr][7]/D
                            (rising edge-triggered cell FDCE clocked by clk_out1_xlnx_clk_gen  {rise@0.000ns fall@10.000ns period=20.000ns})
  Path Group:             clk_out1_xlnx_clk_gen
  Path Type:              Hold (Min at Fast Process Corner)
  Requirement:            0.000ns  (clk_out1_xlnx_clk_gen rise@0.000ns - clk_out1_xlnx_clk_gen rise@0.000ns)
  Data Path Delay:        0.395ns  (logic 0.164ns (41.468%)  route 0.231ns (58.532%))
  Logic Levels:           0  
  Clock Path Skew:        0.275ns (DCD - SCD - CPR)
    Destination Clock Delay (DCD):    -0.832ns
    Source Clock Delay      (SCD):    -0.600ns
    Clock Pessimism Removal (CPR):    -0.508ns

    Location             Delay type                Incr(ns)  Path(ns)    Netlist Resource(s)
  -------------------------------------------------------------------    -------------------
                         (clock clk_out1_xlnx_clk_gen rise edge)
                                                      0.000     0.000 r  
    K17                                               0.000     0.000 r  clk_sys (IN)
                         net (fo=0)                   0.000     0.000    i_xlnx_clk_gen/inst/clk_in1
    K17                  IBUF (Prop_ibuf_I_O)         0.243     0.243 r  i_xlnx_clk_gen/inst/clkin1_ibufg/O
                         net (fo=1, routed)           0.440     0.683    i_xlnx_clk_gen/inst/clk_in1_xlnx_clk_gen
    MMCME2_ADV_X1Y2      MMCME2_ADV (Prop_mmcme2_adv_CLKIN1_CLKOUT0)
                                                     -2.613    -1.930 r  i_xlnx_clk_gen/inst/mmcm_adv_inst/CLKOUT0
                         net (fo=1, routed)           0.696    -1.233    i_xlnx_clk_gen/inst/clk_out1_xlnx_clk_gen
    BUFGCTRL_X0Y16       BUFG (Prop_bufg_I_O)         0.026    -1.207 r  i_xlnx_clk_gen/inst/clkout1_buf/O
                         net (fo=20013, routed)       0.608    -0.600    i_axi_xbar/i_xbar/gen_mst_port_mux[7].i_axi_mux/gen_mux.i_ar_spill_reg/spill_register_flushable_i/clk_out1
    SLICE_X96Y50         FDCE                                         r  i_axi_xbar/i_xbar/gen_mst_port_mux[7].i_axi_mux/gen_mux.i_ar_spill_reg/spill_register_flushable_i/gen_spill_reg.a_data_q_reg[addr][7]/C
  -------------------------------------------------------------------    -------------------
    SLICE_X96Y50         FDCE (Prop_fdce_C_Q)         0.164    -0.436 r  i_axi_xbar/i_xbar/gen_mst_port_mux[7].i_axi_mux/gen_mux.i_ar_spill_reg/spill_register_flushable_i/gen_spill_reg.a_data_q_reg[addr][7]/Q
                         net (fo=2, routed)           0.231    -0.204    i_axi_xbar/i_xbar/gen_mst_port_mux[7].i_axi_mux/gen_mux.i_ar_spill_reg/spill_register_flushable_i/gen_spill_reg.a_data_q_reg[addr_n_1_][7]
    SLICE_X98Y46         FDCE                                         r  i_axi_xbar/i_xbar/gen_mst_port_mux[7].i_axi_mux/gen_mux.i_ar_spill_reg/spill_register_flushable_i/gen_spill_reg.b_data_q_reg[addr][7]/D
  -------------------------------------------------------------------    -------------------

                         (clock clk_out1_xlnx_clk_gen rise edge)
                                                      0.000     0.000 r  
    K17                                               0.000     0.000 r  clk_sys (IN)
                         net (fo=0)                   0.000     0.000    i_xlnx_clk_gen/inst/clk_in1
    K17                  IBUF (Prop_ibuf_I_O)         0.431     0.431 r  i_xlnx_clk_gen/inst/clkin1_ibufg/O
                         net (fo=1, routed)           0.480     0.911    i_xlnx_clk_gen/inst/clk_in1_xlnx_clk_gen
    MMCME2_ADV_X1Y2      MMCME2_ADV (Prop_mmcme2_adv_CLKIN1_CLKOUT0)
                                                     -3.407    -2.496 r  i_xlnx_clk_gen/inst/mmcm_adv_inst/CLKOUT0
                         net (fo=1, routed)           0.752    -1.744    i_xlnx_clk_gen/inst/clk_out1_xlnx_clk_gen
    BUFGCTRL_X0Y16       BUFG (Prop_bufg_I_O)         0.029    -1.715 r  i_xlnx_clk_gen/inst/clkout1_buf/O
                         net (fo=20013, routed)       0.883    -0.832    i_axi_xbar/i_xbar/gen_mst_port_mux[7].i_axi_mux/gen_mux.i_ar_spill_reg/spill_register_flushable_i/clk_out1
    SLICE_X98Y46         FDCE                                         r  i_axi_xbar/i_xbar/gen_mst_port_mux[7].i_axi_mux/gen_mux.i_ar_spill_reg/spill_register_flushable_i/gen_spill_reg.b_data_q_reg[addr][7]/C
                         clock pessimism              0.508    -0.324    
    SLICE_X98Y46         FDCE (Hold_fdce_C_D)         0.063    -0.261    i_axi_xbar/i_xbar/gen_mst_port_mux[7].i_axi_mux/gen_mux.i_ar_spill_reg/spill_register_flushable_i/gen_spill_reg.b_data_q_reg[addr][7]
  -------------------------------------------------------------------
                         required time                          0.261    
                         arrival time                          -0.204    
  -------------------------------------------------------------------
                         slack                                  0.057    

Slack (MET) :             0.061ns  (arrival time - required time)
  Source:                 i_axi_xbar/i_xbar/gen_slv_port_demux[0].i_axi_demux/gen_demux.i_aw_spill_reg/spill_register_flushable_i/gen_spill_reg.b_data_q_reg[aw_chan][addr][1]/C
                            (rising edge-triggered cell FDCE clocked by clk_out1_xlnx_clk_gen  {rise@0.000ns fall@10.000ns period=20.000ns})
  Destination:            i_axi_xbar/i_xbar/gen_mst_port_mux[7].i_axi_mux/gen_mux.i_aw_spill_reg/spill_register_flushable_i/gen_spill_reg.a_data_q_reg[addr][1]/D
                            (rising edge-triggered cell FDCE clocked by clk_out1_xlnx_clk_gen  {rise@0.000ns fall@10.000ns period=20.000ns})
  Path Group:             clk_out1_xlnx_clk_gen
  Path Type:              Hold (Min at Fast Process Corner)
  Requirement:            0.000ns  (clk_out1_xlnx_clk_gen rise@0.000ns - clk_out1_xlnx_clk_gen rise@0.000ns)
  Data Path Delay:        0.457ns  (logic 0.186ns (40.712%)  route 0.271ns (59.288%))
  Logic Levels:           1  (LUT5=1)
  Clock Path Skew:        0.275ns (DCD - SCD - CPR)
    Destination Clock Delay (DCD):    -0.831ns
    Source Clock Delay      (SCD):    -0.599ns
    Clock Pessimism Removal (CPR):    -0.508ns

    Location             Delay type                Incr(ns)  Path(ns)    Netlist Resource(s)
  -------------------------------------------------------------------    -------------------
                         (clock clk_out1_xlnx_clk_gen rise edge)
                                                      0.000     0.000 r  
    K17                                               0.000     0.000 r  clk_sys (IN)
                         net (fo=0)                   0.000     0.000    i_xlnx_clk_gen/inst/clk_in1
    K17                  IBUF (Prop_ibuf_I_O)         0.243     0.243 r  i_xlnx_clk_gen/inst/clkin1_ibufg/O
                         net (fo=1, routed)           0.440     0.683    i_xlnx_clk_gen/inst/clk_in1_xlnx_clk_gen
    MMCME2_ADV_X1Y2      MMCME2_ADV (Prop_mmcme2_adv_CLKIN1_CLKOUT0)
                                                     -2.613    -1.930 r  i_xlnx_clk_gen/inst/mmcm_adv_inst/CLKOUT0
                         net (fo=1, routed)           0.696    -1.233    i_xlnx_clk_gen/inst/clk_out1_xlnx_clk_gen
    BUFGCTRL_X0Y16       BUFG (Prop_bufg_I_O)         0.026    -1.207 r  i_xlnx_clk_gen/inst/clkout1_buf/O
                         net (fo=20013, routed)       0.609    -0.599    i_axi_xbar/i_xbar/gen_slv_port_demux[0].i_axi_demux/gen_demux.i_aw_spill_reg/spill_register_flushable_i/clk_out1
    SLICE_X101Y52        FDCE                                         r  i_axi_xbar/i_xbar/gen_slv_port_demux[0].i_axi_demux/gen_demux.i_aw_spill_reg/spill_register_flushable_i/gen_spill_reg.b_data_q_reg[aw_chan][addr][1]/C
  -------------------------------------------------------------------    -------------------
    SLICE_X101Y52        FDCE (Prop_fdce_C_Q)         0.141    -0.458 r  i_axi_xbar/i_xbar/gen_slv_port_demux[0].i_axi_demux/gen_demux.i_aw_spill_reg/spill_register_flushable_i/gen_spill_reg.b_data_q_reg[aw_chan][addr][1]/Q
                         net (fo=6, routed)           0.271    -0.187    i_axi_xbar/i_xbar/gen_slv_port_demux[0].i_axi_demux/gen_demux.i_aw_spill_reg/spill_register_flushable_i/gen_spill_reg.b_data_q_reg[aw_chan][addr][1]
    SLICE_X94Y48         LUT5 (Prop_lut5_I0_O)        0.045    -0.142 r  i_axi_xbar/i_xbar/gen_slv_port_demux[0].i_axi_demux/gen_demux.i_aw_spill_reg/spill_register_flushable_i/gen_spill_reg.a_data_q[addr][1]_i_1__7/O
                         net (fo=1, routed)           0.000    -0.142    i_axi_xbar/i_xbar/gen_mst_port_mux[7].i_axi_mux/gen_mux.i_aw_spill_reg/spill_register_flushable_i/gen_spill_reg.a_data_q_reg[addr][15]_0[1]
    SLICE_X94Y48         FDCE                                         r  i_axi_xbar/i_xbar/gen_mst_port_mux[7].i_axi_mux/gen_mux.i_aw_spill_reg/spill_register_flushable_i/gen_spill_reg.a_data_q_reg[addr][1]/D
  -------------------------------------------------------------------    -------------------

                         (clock clk_out1_xlnx_clk_gen rise edge)
                                                      0.000     0.000 r  
    K17                                               0.000     0.000 r  clk_sys (IN)
                         net (fo=0)                   0.000     0.000    i_xlnx_clk_gen/inst/clk_in1
    K17                  IBUF (Prop_ibuf_I_O)         0.431     0.431 r  i_xlnx_clk_gen/inst/clkin1_ibufg/O
                         net (fo=1, routed)           0.480     0.911    i_xlnx_clk_gen/inst/clk_in1_xlnx_clk_gen
    MMCME2_ADV_X1Y2      MMCME2_ADV (Prop_mmcme2_adv_CLKIN1_CLKOUT0)
                                                     -3.407    -2.496 r  i_xlnx_clk_gen/inst/mmcm_adv_inst/CLKOUT0
                         net (fo=1, routed)           0.752    -1.744    i_xlnx_clk_gen/inst/clk_out1_xlnx_clk_gen
    BUFGCTRL_X0Y16       BUFG (Prop_bufg_I_O)         0.029    -1.715 r  i_xlnx_clk_gen/inst/clkout1_buf/O
                         net (fo=20013, routed)       0.884    -0.831    i_axi_xbar/i_xbar/gen_mst_port_mux[7].i_axi_mux/gen_mux.i_aw_spill_reg/spill_register_flushable_i/clk_out1
    SLICE_X94Y48         FDCE                                         r  i_axi_xbar/i_xbar/gen_mst_port_mux[7].i_axi_mux/gen_mux.i_aw_spill_reg/spill_register_flushable_i/gen_spill_reg.a_data_q_reg[addr][1]/C
                         clock pessimism              0.508    -0.323    
    SLICE_X94Y48         FDCE (Hold_fdce_C_D)         0.121    -0.202    i_axi_xbar/i_xbar/gen_mst_port_mux[7].i_axi_mux/gen_mux.i_aw_spill_reg/spill_register_flushable_i/gen_spill_reg.a_data_q_reg[addr][1]
  -------------------------------------------------------------------
                         required time                          0.202    
                         arrival time                          -0.142    
  -------------------------------------------------------------------
                         slack                                  0.061    

Slack (MET) :             0.061ns  (arrival time - required time)
  Source:                 i_axi_xbar/i_xbar/gen_mst_port_mux[0].i_axi_mux/gen_mux.i_r_spill_reg/spill_register_flushable_i/gen_spill_reg.a_data_q_reg[data][3]/C
                            (rising edge-triggered cell FDCE clocked by clk_out1_xlnx_clk_gen  {rise@0.000ns fall@10.000ns period=20.000ns})
  Destination:            i_axi_xbar/i_xbar/gen_mst_port_mux[0].i_axi_mux/gen_mux.i_r_spill_reg/spill_register_flushable_i/gen_spill_reg.b_data_q_reg[data][3]/D
                            (rising edge-triggered cell FDCE clocked by clk_out1_xlnx_clk_gen  {rise@0.000ns fall@10.000ns period=20.000ns})
  Path Group:             clk_out1_xlnx_clk_gen
  Path Type:              Hold (Min at Fast Process Corner)
  Requirement:            0.000ns  (clk_out1_xlnx_clk_gen rise@0.000ns - clk_out1_xlnx_clk_gen rise@0.000ns)
  Data Path Delay:        0.396ns  (logic 0.141ns (35.571%)  route 0.255ns (64.429%))
  Logic Levels:           0  
  Clock Path Skew:        0.265ns (DCD - SCD - CPR)
    Destination Clock Delay (DCD):    -0.892ns
    Source Clock Delay      (SCD):    -0.655ns
    Clock Pessimism Removal (CPR):    -0.503ns

    Location             Delay type                Incr(ns)  Path(ns)    Netlist Resource(s)
  -------------------------------------------------------------------    -------------------
                         (clock clk_out1_xlnx_clk_gen rise edge)
                                                      0.000     0.000 r  
    K17                                               0.000     0.000 r  clk_sys (IN)
                         net (fo=0)                   0.000     0.000    i_xlnx_clk_gen/inst/clk_in1
    K17                  IBUF (Prop_ibuf_I_O)         0.243     0.243 r  i_xlnx_clk_gen/inst/clkin1_ibufg/O
                         net (fo=1, routed)           0.440     0.683    i_xlnx_clk_gen/inst/clk_in1_xlnx_clk_gen
    MMCME2_ADV_X1Y2      MMCME2_ADV (Prop_mmcme2_adv_CLKIN1_CLKOUT0)
                                                     -2.613    -1.930 r  i_xlnx_clk_gen/inst/mmcm_adv_inst/CLKOUT0
                         net (fo=1, routed)           0.696    -1.233    i_xlnx_clk_gen/inst/clk_out1_xlnx_clk_gen
    BUFGCTRL_X0Y16       BUFG (Prop_bufg_I_O)         0.026    -1.207 r  i_xlnx_clk_gen/inst/clkout1_buf/O
                         net (fo=20013, routed)       0.553    -0.655    i_axi_xbar/i_xbar/gen_mst_port_mux[0].i_axi_mux/gen_mux.i_r_spill_reg/spill_register_flushable_i/clk_out1
    SLICE_X52Y52         FDCE                                         r  i_axi_xbar/i_xbar/gen_mst_port_mux[0].i_axi_mux/gen_mux.i_r_spill_reg/spill_register_flushable_i/gen_spill_reg.a_data_q_reg[data][3]/C
  -------------------------------------------------------------------    -------------------
    SLICE_X52Y52         FDCE (Prop_fdce_C_Q)         0.141    -0.514 r  i_axi_xbar/i_xbar/gen_mst_port_mux[0].i_axi_mux/gen_mux.i_r_spill_reg/spill_register_flushable_i/gen_spill_reg.a_data_q_reg[data][3]/Q
                         net (fo=3, routed)           0.255    -0.258    i_axi_xbar/i_xbar/gen_mst_port_mux[0].i_axi_mux/gen_mux.i_r_spill_reg/spill_register_flushable_i/gen_spill_reg.a_data_q_reg[data_n_1_][3]
    SLICE_X41Y57         FDCE                                         r  i_axi_xbar/i_xbar/gen_mst_port_mux[0].i_axi_mux/gen_mux.i_r_spill_reg/spill_register_flushable_i/gen_spill_reg.b_data_q_reg[data][3]/D
  -------------------------------------------------------------------    -------------------

                         (clock clk_out1_xlnx_clk_gen rise edge)
                                                      0.000     0.000 r  
    K17                                               0.000     0.000 r  clk_sys (IN)
                         net (fo=0)                   0.000     0.000    i_xlnx_clk_gen/inst/clk_in1
    K17                  IBUF (Prop_ibuf_I_O)         0.431     0.431 r  i_xlnx_clk_gen/inst/clkin1_ibufg/O
                         net (fo=1, routed)           0.480     0.911    i_xlnx_clk_gen/inst/clk_in1_xlnx_clk_gen
    MMCME2_ADV_X1Y2      MMCME2_ADV (Prop_mmcme2_adv_CLKIN1_CLKOUT0)
                                                     -3.407    -2.496 r  i_xlnx_clk_gen/inst/mmcm_adv_inst/CLKOUT0
                         net (fo=1, routed)           0.752    -1.744    i_xlnx_clk_gen/inst/clk_out1_xlnx_clk_gen
    BUFGCTRL_X0Y16       BUFG (Prop_bufg_I_O)         0.029    -1.715 r  i_xlnx_clk_gen/inst/clkout1_buf/O
                         net (fo=20013, routed)       0.823    -0.892    i_axi_xbar/i_xbar/gen_mst_port_mux[0].i_axi_mux/gen_mux.i_r_spill_reg/spill_register_flushable_i/clk_out1
    SLICE_X41Y57         FDCE                                         r  i_axi_xbar/i_xbar/gen_mst_port_mux[0].i_axi_mux/gen_mux.i_r_spill_reg/spill_register_flushable_i/gen_spill_reg.b_data_q_reg[data][3]/C
                         clock pessimism              0.503    -0.389    
    SLICE_X41Y57         FDCE (Hold_fdce_C_D)         0.070    -0.319    i_axi_xbar/i_xbar/gen_mst_port_mux[0].i_axi_mux/gen_mux.i_r_spill_reg/spill_register_flushable_i/gen_spill_reg.b_data_q_reg[data][3]
  -------------------------------------------------------------------
                         required time                          0.319    
                         arrival time                          -0.258    
  -------------------------------------------------------------------
                         slack                                  0.061    

Slack (MET) :             0.062ns  (arrival time - required time)
  Source:                 i_axi_dwidth_converter_dm_slave/inst/gen_downsizer.gen_simple_downsizer.axi_downsizer_inst/USE_WRITE.write_addr_inst/USE_B_CHANNEL.cmd_b_queue/inst/fifo_gen_inst/inst_fifo_gen/gconvfifo.rf/grf.rf/gntv_or_sync_fifo.gl0.wr/wpntr/gcc0.gc0.count_d1_reg[1]/C
                            (rising edge-triggered cell FDCE clocked by clk_out1_xlnx_clk_gen  {rise@0.000ns fall@10.000ns period=20.000ns})
  Destination:            i_axi_dwidth_converter_dm_slave/inst/gen_downsizer.gen_simple_downsizer.axi_downsizer_inst/USE_WRITE.write_addr_inst/USE_B_CHANNEL.cmd_b_queue/inst/fifo_gen_inst/inst_fifo_gen/gconvfifo.rf/grf.rf/gntv_or_sync_fifo.mem/gdm.dm_gen.dm/RAM_reg_0_31_6_8/RAMA/WADR1
                            (rising edge-triggered cell RAMD32 clocked by clk_out1_xlnx_clk_gen  {rise@0.000ns fall@10.000ns period=20.000ns})
  Path Group:             clk_out1_xlnx_clk_gen
  Path Type:              Hold (Min at Fast Process Corner)
  Requirement:            0.000ns  (clk_out1_xlnx_clk_gen rise@0.000ns - clk_out1_xlnx_clk_gen rise@0.000ns)
  Data Path Delay:        0.387ns  (logic 0.141ns (36.425%)  route 0.246ns (63.575%))
  Logic Levels:           0  
  Clock Path Skew:        0.016ns (DCD - SCD - CPR)
    Destination Clock Delay (DCD):    -0.806ns
    Source Clock Delay      (SCD):    -0.571ns
    Clock Pessimism Removal (CPR):    -0.252ns

    Location             Delay type                Incr(ns)  Path(ns)    Netlist Resource(s)
  -------------------------------------------------------------------    -------------------
                         (clock clk_out1_xlnx_clk_gen rise edge)
                                                      0.000     0.000 r  
    K17                                               0.000     0.000 r  clk_sys (IN)
                         net (fo=0)                   0.000     0.000    i_xlnx_clk_gen/inst/clk_in1
    K17                  IBUF (Prop_ibuf_I_O)         0.243     0.243 r  i_xlnx_clk_gen/inst/clkin1_ibufg/O
                         net (fo=1, routed)           0.440     0.683    i_xlnx_clk_gen/inst/clk_in1_xlnx_clk_gen
    MMCME2_ADV_X1Y2      MMCME2_ADV (Prop_mmcme2_adv_CLKIN1_CLKOUT0)
                                                     -2.613    -1.930 r  i_xlnx_clk_gen/inst/mmcm_adv_inst/CLKOUT0
                         net (fo=1, routed)           0.696    -1.233    i_xlnx_clk_gen/inst/clk_out1_xlnx_clk_gen
    BUFGCTRL_X0Y16       BUFG (Prop_bufg_I_O)         0.026    -1.207 r  i_xlnx_clk_gen/inst/clkout1_buf/O
                         net (fo=20013, routed)       0.637    -0.571    i_axi_dwidth_converter_dm_slave/inst/gen_downsizer.gen_simple_downsizer.axi_downsizer_inst/USE_WRITE.write_addr_inst/USE_B_CHANNEL.cmd_b_queue/inst/fifo_gen_inst/inst_fifo_gen/gconvfifo.rf/grf.rf/gntv_or_sync_fifo.gl0.wr/wpntr/clk
    SLICE_X111Y52        FDCE                                         r  i_axi_dwidth_converter_dm_slave/inst/gen_downsizer.gen_simple_downsizer.axi_downsizer_inst/USE_WRITE.write_addr_inst/USE_B_CHANNEL.cmd_b_queue/inst/fifo_gen_inst/inst_fifo_gen/gconvfifo.rf/grf.rf/gntv_or_sync_fifo.gl0.wr/wpntr/gcc0.gc0.count_d1_reg[1]/C
  -------------------------------------------------------------------    -------------------
    SLICE_X111Y52        FDCE (Prop_fdce_C_Q)         0.141    -0.430 r  i_axi_dwidth_converter_dm_slave/inst/gen_downsizer.gen_simple_downsizer.axi_downsizer_inst/USE_WRITE.write_addr_inst/USE_B_CHANNEL.cmd_b_queue/inst/fifo_gen_inst/inst_fifo_gen/gconvfifo.rf/grf.rf/gntv_or_sync_fifo.gl0.wr/wpntr/gcc0.gc0.count_d1_reg[1]/Q
                         net (fo=10, routed)          0.246    -0.183    i_axi_dwidth_converter_dm_slave/inst/gen_downsizer.gen_simple_downsizer.axi_downsizer_inst/USE_WRITE.write_addr_inst/USE_B_CHANNEL.cmd_b_queue/inst/fifo_gen_inst/inst_fifo_gen/gconvfifo.rf/grf.rf/gntv_or_sync_fifo.mem/gdm.dm_gen.dm/RAM_reg_0_31_6_8/ADDRD1
    SLICE_X112Y52        RAMD32                                       r  i_axi_dwidth_converter_dm_slave/inst/gen_downsizer.gen_simple_downsizer.axi_downsizer_inst/USE_WRITE.write_addr_inst/USE_B_CHANNEL.cmd_b_queue/inst/fifo_gen_inst/inst_fifo_gen/gconvfifo.rf/grf.rf/gntv_or_sync_fifo.mem/gdm.dm_gen.dm/RAM_reg_0_31_6_8/RAMA/WADR1
  -------------------------------------------------------------------    -------------------

                         (clock clk_out1_xlnx_clk_gen rise edge)
                                                      0.000     0.000 r  
    K17                                               0.000     0.000 r  clk_sys (IN)
                         net (fo=0)                   0.000     0.000    i_xlnx_clk_gen/inst/clk_in1
    K17                  IBUF (Prop_ibuf_I_O)         0.431     0.431 r  i_xlnx_clk_gen/inst/clkin1_ibufg/O
                         net (fo=1, routed)           0.480     0.911    i_xlnx_clk_gen/inst/clk_in1_xlnx_clk_gen
    MMCME2_ADV_X1Y2      MMCME2_ADV (Prop_mmcme2_adv_CLKIN1_CLKOUT0)
                                                     -3.407    -2.496 r  i_xlnx_clk_gen/inst/mmcm_adv_inst/CLKOUT0
                         net (fo=1, routed)           0.752    -1.744    i_xlnx_clk_gen/inst/clk_out1_xlnx_clk_gen
    BUFGCTRL_X0Y16       BUFG (Prop_bufg_I_O)         0.029    -1.715 r  i_xlnx_clk_gen/inst/clkout1_buf/O
                         net (fo=20013, routed)       0.909    -0.806    i_axi_dwidth_converter_dm_slave/inst/gen_downsizer.gen_simple_downsizer.axi_downsizer_inst/USE_WRITE.write_addr_inst/USE_B_CHANNEL.cmd_b_queue/inst/fifo_gen_inst/inst_fifo_gen/gconvfifo.rf/grf.rf/gntv_or_sync_fifo.mem/gdm.dm_gen.dm/RAM_reg_0_31_6_8/WCLK
    SLICE_X112Y52        RAMD32                                       r  i_axi_dwidth_converter_dm_slave/inst/gen_downsizer.gen_simple_downsizer.axi_downsizer_inst/USE_WRITE.write_addr_inst/USE_B_CHANNEL.cmd_b_queue/inst/fifo_gen_inst/inst_fifo_gen/gconvfifo.rf/grf.rf/gntv_or_sync_fifo.mem/gdm.dm_gen.dm/RAM_reg_0_31_6_8/RAMA/CLK
                         clock pessimism              0.252    -0.555    
    SLICE_X112Y52        RAMD32 (Hold_ramd32_CLK_WADR1)
                                                      0.309    -0.246    i_axi_dwidth_converter_dm_slave/inst/gen_downsizer.gen_simple_downsizer.axi_downsizer_inst/USE_WRITE.write_addr_inst/USE_B_CHANNEL.cmd_b_queue/inst/fifo_gen_inst/inst_fifo_gen/gconvfifo.rf/grf.rf/gntv_or_sync_fifo.mem/gdm.dm_gen.dm/RAM_reg_0_31_6_8/RAMA
  -------------------------------------------------------------------
                         required time                          0.246    
                         arrival time                          -0.183    
  -------------------------------------------------------------------
                         slack                                  0.062    

Slack (MET) :             0.062ns  (arrival time - required time)
  Source:                 i_axi_dwidth_converter_dm_slave/inst/gen_downsizer.gen_simple_downsizer.axi_downsizer_inst/USE_WRITE.write_addr_inst/USE_B_CHANNEL.cmd_b_queue/inst/fifo_gen_inst/inst_fifo_gen/gconvfifo.rf/grf.rf/gntv_or_sync_fifo.gl0.wr/wpntr/gcc0.gc0.count_d1_reg[1]/C
                            (rising edge-triggered cell FDCE clocked by clk_out1_xlnx_clk_gen  {rise@0.000ns fall@10.000ns period=20.000ns})
  Destination:            i_axi_dwidth_converter_dm_slave/inst/gen_downsizer.gen_simple_downsizer.axi_downsizer_inst/USE_WRITE.write_addr_inst/USE_B_CHANNEL.cmd_b_queue/inst/fifo_gen_inst/inst_fifo_gen/gconvfifo.rf/grf.rf/gntv_or_sync_fifo.mem/gdm.dm_gen.dm/RAM_reg_0_31_6_8/RAMA_D1/WADR1
                            (rising edge-triggered cell RAMD32 clocked by clk_out1_xlnx_clk_gen  {rise@0.000ns fall@10.000ns period=20.000ns})
  Path Group:             clk_out1_xlnx_clk_gen
  Path Type:              Hold (Min at Fast Process Corner)
  Requirement:            0.000ns  (clk_out1_xlnx_clk_gen rise@0.000ns - clk_out1_xlnx_clk_gen rise@0.000ns)
  Data Path Delay:        0.387ns  (logic 0.141ns (36.425%)  route 0.246ns (63.575%))
  Logic Levels:           0  
  Clock Path Skew:        0.016ns (DCD - SCD - CPR)
    Destination Clock Delay (DCD):    -0.806ns
    Source Clock Delay      (SCD):    -0.571ns
    Clock Pessimism Removal (CPR):    -0.252ns

    Location             Delay type                Incr(ns)  Path(ns)    Netlist Resource(s)
  -------------------------------------------------------------------    -------------------
                         (clock clk_out1_xlnx_clk_gen rise edge)
                                                      0.000     0.000 r  
    K17                                               0.000     0.000 r  clk_sys (IN)
                         net (fo=0)                   0.000     0.000    i_xlnx_clk_gen/inst/clk_in1
    K17                  IBUF (Prop_ibuf_I_O)         0.243     0.243 r  i_xlnx_clk_gen/inst/clkin1_ibufg/O
                         net (fo=1, routed)           0.440     0.683    i_xlnx_clk_gen/inst/clk_in1_xlnx_clk_gen
    MMCME2_ADV_X1Y2      MMCME2_ADV (Prop_mmcme2_adv_CLKIN1_CLKOUT0)
                                                     -2.613    -1.930 r  i_xlnx_clk_gen/inst/mmcm_adv_inst/CLKOUT0
                         net (fo=1, routed)           0.696    -1.233    i_xlnx_clk_gen/inst/clk_out1_xlnx_clk_gen
    BUFGCTRL_X0Y16       BUFG (Prop_bufg_I_O)         0.026    -1.207 r  i_xlnx_clk_gen/inst/clkout1_buf/O
                         net (fo=20013, routed)       0.637    -0.571    i_axi_dwidth_converter_dm_slave/inst/gen_downsizer.gen_simple_downsizer.axi_downsizer_inst/USE_WRITE.write_addr_inst/USE_B_CHANNEL.cmd_b_queue/inst/fifo_gen_inst/inst_fifo_gen/gconvfifo.rf/grf.rf/gntv_or_sync_fifo.gl0.wr/wpntr/clk
    SLICE_X111Y52        FDCE                                         r  i_axi_dwidth_converter_dm_slave/inst/gen_downsizer.gen_simple_downsizer.axi_downsizer_inst/USE_WRITE.write_addr_inst/USE_B_CHANNEL.cmd_b_queue/inst/fifo_gen_inst/inst_fifo_gen/gconvfifo.rf/grf.rf/gntv_or_sync_fifo.gl0.wr/wpntr/gcc0.gc0.count_d1_reg[1]/C
  -------------------------------------------------------------------    -------------------
    SLICE_X111Y52        FDCE (Prop_fdce_C_Q)         0.141    -0.430 r  i_axi_dwidth_converter_dm_slave/inst/gen_downsizer.gen_simple_downsizer.axi_downsizer_inst/USE_WRITE.write_addr_inst/USE_B_CHANNEL.cmd_b_queue/inst/fifo_gen_inst/inst_fifo_gen/gconvfifo.rf/grf.rf/gntv_or_sync_fifo.gl0.wr/wpntr/gcc0.gc0.count_d1_reg[1]/Q
                         net (fo=10, routed)          0.246    -0.183    i_axi_dwidth_converter_dm_slave/inst/gen_downsizer.gen_simple_downsizer.axi_downsizer_inst/USE_WRITE.write_addr_inst/USE_B_CHANNEL.cmd_b_queue/inst/fifo_gen_inst/inst_fifo_gen/gconvfifo.rf/grf.rf/gntv_or_sync_fifo.mem/gdm.dm_gen.dm/RAM_reg_0_31_6_8/ADDRD1
    SLICE_X112Y52        RAMD32                                       r  i_axi_dwidth_converter_dm_slave/inst/gen_downsizer.gen_simple_downsizer.axi_downsizer_inst/USE_WRITE.write_addr_inst/USE_B_CHANNEL.cmd_b_queue/inst/fifo_gen_inst/inst_fifo_gen/gconvfifo.rf/grf.rf/gntv_or_sync_fifo.mem/gdm.dm_gen.dm/RAM_reg_0_31_6_8/RAMA_D1/WADR1
  -------------------------------------------------------------------    -------------------

                         (clock clk_out1_xlnx_clk_gen rise edge)
                                                      0.000     0.000 r  
    K17                                               0.000     0.000 r  clk_sys (IN)
                         net (fo=0)                   0.000     0.000    i_xlnx_clk_gen/inst/clk_in1
    K17                  IBUF (Prop_ibuf_I_O)         0.431     0.431 r  i_xlnx_clk_gen/inst/clkin1_ibufg/O
                         net (fo=1, routed)           0.480     0.911    i_xlnx_clk_gen/inst/clk_in1_xlnx_clk_gen
    MMCME2_ADV_X1Y2      MMCME2_ADV (Prop_mmcme2_adv_CLKIN1_CLKOUT0)
                                                     -3.407    -2.496 r  i_xlnx_clk_gen/inst/mmcm_adv_inst/CLKOUT0
                         net (fo=1, routed)           0.752    -1.744    i_xlnx_clk_gen/inst/clk_out1_xlnx_clk_gen
    BUFGCTRL_X0Y16       BUFG (Prop_bufg_I_O)         0.029    -1.715 r  i_xlnx_clk_gen/inst/clkout1_buf/O
                         net (fo=20013, routed)       0.909    -0.806    i_axi_dwidth_converter_dm_slave/inst/gen_downsizer.gen_simple_downsizer.axi_downsizer_inst/USE_WRITE.write_addr_inst/USE_B_CHANNEL.cmd_b_queue/inst/fifo_gen_inst/inst_fifo_gen/gconvfifo.rf/grf.rf/gntv_or_sync_fifo.mem/gdm.dm_gen.dm/RAM_reg_0_31_6_8/WCLK
    SLICE_X112Y52        RAMD32                                       r  i_axi_dwidth_converter_dm_slave/inst/gen_downsizer.gen_simple_downsizer.axi_downsizer_inst/USE_WRITE.write_addr_inst/USE_B_CHANNEL.cmd_b_queue/inst/fifo_gen_inst/inst_fifo_gen/gconvfifo.rf/grf.rf/gntv_or_sync_fifo.mem/gdm.dm_gen.dm/RAM_reg_0_31_6_8/RAMA_D1/CLK
                         clock pessimism              0.252    -0.555    
    SLICE_X112Y52        RAMD32 (Hold_ramd32_CLK_WADR1)
                                                      0.309    -0.246    i_axi_dwidth_converter_dm_slave/inst/gen_downsizer.gen_simple_downsizer.axi_downsizer_inst/USE_WRITE.write_addr_inst/USE_B_CHANNEL.cmd_b_queue/inst/fifo_gen_inst/inst_fifo_gen/gconvfifo.rf/grf.rf/gntv_or_sync_fifo.mem/gdm.dm_gen.dm/RAM_reg_0_31_6_8/RAMA_D1
  -------------------------------------------------------------------
                         required time                          0.246    
                         arrival time                          -0.183    
  -------------------------------------------------------------------
                         slack                                  0.062    

Slack (MET) :             0.062ns  (arrival time - required time)
  Source:                 i_axi_dwidth_converter_dm_slave/inst/gen_downsizer.gen_simple_downsizer.axi_downsizer_inst/USE_WRITE.write_addr_inst/USE_B_CHANNEL.cmd_b_queue/inst/fifo_gen_inst/inst_fifo_gen/gconvfifo.rf/grf.rf/gntv_or_sync_fifo.gl0.wr/wpntr/gcc0.gc0.count_d1_reg[1]/C
                            (rising edge-triggered cell FDCE clocked by clk_out1_xlnx_clk_gen  {rise@0.000ns fall@10.000ns period=20.000ns})
  Destination:            i_axi_dwidth_converter_dm_slave/inst/gen_downsizer.gen_simple_downsizer.axi_downsizer_inst/USE_WRITE.write_addr_inst/USE_B_CHANNEL.cmd_b_queue/inst/fifo_gen_inst/inst_fifo_gen/gconvfifo.rf/grf.rf/gntv_or_sync_fifo.mem/gdm.dm_gen.dm/RAM_reg_0_31_6_8/RAMB/WADR1
                            (rising edge-triggered cell RAMD32 clocked by clk_out1_xlnx_clk_gen  {rise@0.000ns fall@10.000ns period=20.000ns})
  Path Group:             clk_out1_xlnx_clk_gen
  Path Type:              Hold (Min at Fast Process Corner)
  Requirement:            0.000ns  (clk_out1_xlnx_clk_gen rise@0.000ns - clk_out1_xlnx_clk_gen rise@0.000ns)
  Data Path Delay:        0.387ns  (logic 0.141ns (36.425%)  route 0.246ns (63.575%))
  Logic Levels:           0  
  Clock Path Skew:        0.016ns (DCD - SCD - CPR)
    Destination Clock Delay (DCD):    -0.806ns
    Source Clock Delay      (SCD):    -0.571ns
    Clock Pessimism Removal (CPR):    -0.252ns

    Location             Delay type                Incr(ns)  Path(ns)    Netlist Resource(s)
  -------------------------------------------------------------------    -------------------
                         (clock clk_out1_xlnx_clk_gen rise edge)
                                                      0.000     0.000 r  
    K17                                               0.000     0.000 r  clk_sys (IN)
                         net (fo=0)                   0.000     0.000    i_xlnx_clk_gen/inst/clk_in1
    K17                  IBUF (Prop_ibuf_I_O)         0.243     0.243 r  i_xlnx_clk_gen/inst/clkin1_ibufg/O
                         net (fo=1, routed)           0.440     0.683    i_xlnx_clk_gen/inst/clk_in1_xlnx_clk_gen
    MMCME2_ADV_X1Y2      MMCME2_ADV (Prop_mmcme2_adv_CLKIN1_CLKOUT0)
                                                     -2.613    -1.930 r  i_xlnx_clk_gen/inst/mmcm_adv_inst/CLKOUT0
                         net (fo=1, routed)           0.696    -1.233    i_xlnx_clk_gen/inst/clk_out1_xlnx_clk_gen
    BUFGCTRL_X0Y16       BUFG (Prop_bufg_I_O)         0.026    -1.207 r  i_xlnx_clk_gen/inst/clkout1_buf/O
                         net (fo=20013, routed)       0.637    -0.571    i_axi_dwidth_converter_dm_slave/inst/gen_downsizer.gen_simple_downsizer.axi_downsizer_inst/USE_WRITE.write_addr_inst/USE_B_CHANNEL.cmd_b_queue/inst/fifo_gen_inst/inst_fifo_gen/gconvfifo.rf/grf.rf/gntv_or_sync_fifo.gl0.wr/wpntr/clk
    SLICE_X111Y52        FDCE                                         r  i_axi_dwidth_converter_dm_slave/inst/gen_downsizer.gen_simple_downsizer.axi_downsizer_inst/USE_WRITE.write_addr_inst/USE_B_CHANNEL.cmd_b_queue/inst/fifo_gen_inst/inst_fifo_gen/gconvfifo.rf/grf.rf/gntv_or_sync_fifo.gl0.wr/wpntr/gcc0.gc0.count_d1_reg[1]/C
  -------------------------------------------------------------------    -------------------
    SLICE_X111Y52        FDCE (Prop_fdce_C_Q)         0.141    -0.430 r  i_axi_dwidth_converter_dm_slave/inst/gen_downsizer.gen_simple_downsizer.axi_downsizer_inst/USE_WRITE.write_addr_inst/USE_B_CHANNEL.cmd_b_queue/inst/fifo_gen_inst/inst_fifo_gen/gconvfifo.rf/grf.rf/gntv_or_sync_fifo.gl0.wr/wpntr/gcc0.gc0.count_d1_reg[1]/Q
                         net (fo=10, routed)          0.246    -0.183    i_axi_dwidth_converter_dm_slave/inst/gen_downsizer.gen_simple_downsizer.axi_downsizer_inst/USE_WRITE.write_addr_inst/USE_B_CHANNEL.cmd_b_queue/inst/fifo_gen_inst/inst_fifo_gen/gconvfifo.rf/grf.rf/gntv_or_sync_fifo.mem/gdm.dm_gen.dm/RAM_reg_0_31_6_8/ADDRD1
    SLICE_X112Y52        RAMD32                                       r  i_axi_dwidth_converter_dm_slave/inst/gen_downsizer.gen_simple_downsizer.axi_downsizer_inst/USE_WRITE.write_addr_inst/USE_B_CHANNEL.cmd_b_queue/inst/fifo_gen_inst/inst_fifo_gen/gconvfifo.rf/grf.rf/gntv_or_sync_fifo.mem/gdm.dm_gen.dm/RAM_reg_0_31_6_8/RAMB/WADR1
  -------------------------------------------------------------------    -------------------

                         (clock clk_out1_xlnx_clk_gen rise edge)
                                                      0.000     0.000 r  
    K17                                               0.000     0.000 r  clk_sys (IN)
                         net (fo=0)                   0.000     0.000    i_xlnx_clk_gen/inst/clk_in1
    K17                  IBUF (Prop_ibuf_I_O)         0.431     0.431 r  i_xlnx_clk_gen/inst/clkin1_ibufg/O
                         net (fo=1, routed)           0.480     0.911    i_xlnx_clk_gen/inst/clk_in1_xlnx_clk_gen
    MMCME2_ADV_X1Y2      MMCME2_ADV (Prop_mmcme2_adv_CLKIN1_CLKOUT0)
                                                     -3.407    -2.496 r  i_xlnx_clk_gen/inst/mmcm_adv_inst/CLKOUT0
                         net (fo=1, routed)           0.752    -1.744    i_xlnx_clk_gen/inst/clk_out1_xlnx_clk_gen
    BUFGCTRL_X0Y16       BUFG (Prop_bufg_I_O)         0.029    -1.715 r  i_xlnx_clk_gen/inst/clkout1_buf/O
                         net (fo=20013, routed)       0.909    -0.806    i_axi_dwidth_converter_dm_slave/inst/gen_downsizer.gen_simple_downsizer.axi_downsizer_inst/USE_WRITE.write_addr_inst/USE_B_CHANNEL.cmd_b_queue/inst/fifo_gen_inst/inst_fifo_gen/gconvfifo.rf/grf.rf/gntv_or_sync_fifo.mem/gdm.dm_gen.dm/RAM_reg_0_31_6_8/WCLK
    SLICE_X112Y52        RAMD32                                       r  i_axi_dwidth_converter_dm_slave/inst/gen_downsizer.gen_simple_downsizer.axi_downsizer_inst/USE_WRITE.write_addr_inst/USE_B_CHANNEL.cmd_b_queue/inst/fifo_gen_inst/inst_fifo_gen/gconvfifo.rf/grf.rf/gntv_or_sync_fifo.mem/gdm.dm_gen.dm/RAM_reg_0_31_6_8/RAMB/CLK
                         clock pessimism              0.252    -0.555    
    SLICE_X112Y52        RAMD32 (Hold_ramd32_CLK_WADR1)
                                                      0.309    -0.246    i_axi_dwidth_converter_dm_slave/inst/gen_downsizer.gen_simple_downsizer.axi_downsizer_inst/USE_WRITE.write_addr_inst/USE_B_CHANNEL.cmd_b_queue/inst/fifo_gen_inst/inst_fifo_gen/gconvfifo.rf/grf.rf/gntv_or_sync_fifo.mem/gdm.dm_gen.dm/RAM_reg_0_31_6_8/RAMB
  -------------------------------------------------------------------
                         required time                          0.246    
                         arrival time                          -0.183    
  -------------------------------------------------------------------
                         slack                                  0.062    

Slack (MET) :             0.062ns  (arrival time - required time)
  Source:                 i_axi_dwidth_converter_dm_slave/inst/gen_downsizer.gen_simple_downsizer.axi_downsizer_inst/USE_WRITE.write_addr_inst/USE_B_CHANNEL.cmd_b_queue/inst/fifo_gen_inst/inst_fifo_gen/gconvfifo.rf/grf.rf/gntv_or_sync_fifo.gl0.wr/wpntr/gcc0.gc0.count_d1_reg[1]/C
                            (rising edge-triggered cell FDCE clocked by clk_out1_xlnx_clk_gen  {rise@0.000ns fall@10.000ns period=20.000ns})
  Destination:            i_axi_dwidth_converter_dm_slave/inst/gen_downsizer.gen_simple_downsizer.axi_downsizer_inst/USE_WRITE.write_addr_inst/USE_B_CHANNEL.cmd_b_queue/inst/fifo_gen_inst/inst_fifo_gen/gconvfifo.rf/grf.rf/gntv_or_sync_fifo.mem/gdm.dm_gen.dm/RAM_reg_0_31_6_8/RAMB_D1/WADR1
                            (rising edge-triggered cell RAMD32 clocked by clk_out1_xlnx_clk_gen  {rise@0.000ns fall@10.000ns period=20.000ns})
  Path Group:             clk_out1_xlnx_clk_gen
  Path Type:              Hold (Min at Fast Process Corner)
  Requirement:            0.000ns  (clk_out1_xlnx_clk_gen rise@0.000ns - clk_out1_xlnx_clk_gen rise@0.000ns)
  Data Path Delay:        0.387ns  (logic 0.141ns (36.425%)  route 0.246ns (63.575%))
  Logic Levels:           0  
  Clock Path Skew:        0.016ns (DCD - SCD - CPR)
    Destination Clock Delay (DCD):    -0.806ns
    Source Clock Delay      (SCD):    -0.571ns
    Clock Pessimism Removal (CPR):    -0.252ns

    Location             Delay type                Incr(ns)  Path(ns)    Netlist Resource(s)
  -------------------------------------------------------------------    -------------------
                         (clock clk_out1_xlnx_clk_gen rise edge)
                                                      0.000     0.000 r  
    K17                                               0.000     0.000 r  clk_sys (IN)
                         net (fo=0)                   0.000     0.000    i_xlnx_clk_gen/inst/clk_in1
    K17                  IBUF (Prop_ibuf_I_O)         0.243     0.243 r  i_xlnx_clk_gen/inst/clkin1_ibufg/O
                         net (fo=1, routed)           0.440     0.683    i_xlnx_clk_gen/inst/clk_in1_xlnx_clk_gen
    MMCME2_ADV_X1Y2      MMCME2_ADV (Prop_mmcme2_adv_CLKIN1_CLKOUT0)
                                                     -2.613    -1.930 r  i_xlnx_clk_gen/inst/mmcm_adv_inst/CLKOUT0
                         net (fo=1, routed)           0.696    -1.233    i_xlnx_clk_gen/inst/clk_out1_xlnx_clk_gen
    BUFGCTRL_X0Y16       BUFG (Prop_bufg_I_O)         0.026    -1.207 r  i_xlnx_clk_gen/inst/clkout1_buf/O
                         net (fo=20013, routed)       0.637    -0.571    i_axi_dwidth_converter_dm_slave/inst/gen_downsizer.gen_simple_downsizer.axi_downsizer_inst/USE_WRITE.write_addr_inst/USE_B_CHANNEL.cmd_b_queue/inst/fifo_gen_inst/inst_fifo_gen/gconvfifo.rf/grf.rf/gntv_or_sync_fifo.gl0.wr/wpntr/clk
    SLICE_X111Y52        FDCE                                         r  i_axi_dwidth_converter_dm_slave/inst/gen_downsizer.gen_simple_downsizer.axi_downsizer_inst/USE_WRITE.write_addr_inst/USE_B_CHANNEL.cmd_b_queue/inst/fifo_gen_inst/inst_fifo_gen/gconvfifo.rf/grf.rf/gntv_or_sync_fifo.gl0.wr/wpntr/gcc0.gc0.count_d1_reg[1]/C
  -------------------------------------------------------------------    -------------------
    SLICE_X111Y52        FDCE (Prop_fdce_C_Q)         0.141    -0.430 r  i_axi_dwidth_converter_dm_slave/inst/gen_downsizer.gen_simple_downsizer.axi_downsizer_inst/USE_WRITE.write_addr_inst/USE_B_CHANNEL.cmd_b_queue/inst/fifo_gen_inst/inst_fifo_gen/gconvfifo.rf/grf.rf/gntv_or_sync_fifo.gl0.wr/wpntr/gcc0.gc0.count_d1_reg[1]/Q
                         net (fo=10, routed)          0.246    -0.183    i_axi_dwidth_converter_dm_slave/inst/gen_downsizer.gen_simple_downsizer.axi_downsizer_inst/USE_WRITE.write_addr_inst/USE_B_CHANNEL.cmd_b_queue/inst/fifo_gen_inst/inst_fifo_gen/gconvfifo.rf/grf.rf/gntv_or_sync_fifo.mem/gdm.dm_gen.dm/RAM_reg_0_31_6_8/ADDRD1
    SLICE_X112Y52        RAMD32                                       r  i_axi_dwidth_converter_dm_slave/inst/gen_downsizer.gen_simple_downsizer.axi_downsizer_inst/USE_WRITE.write_addr_inst/USE_B_CHANNEL.cmd_b_queue/inst/fifo_gen_inst/inst_fifo_gen/gconvfifo.rf/grf.rf/gntv_or_sync_fifo.mem/gdm.dm_gen.dm/RAM_reg_0_31_6_8/RAMB_D1/WADR1
  -------------------------------------------------------------------    -------------------

                         (clock clk_out1_xlnx_clk_gen rise edge)
                                                      0.000     0.000 r  
    K17                                               0.000     0.000 r  clk_sys (IN)
                         net (fo=0)                   0.000     0.000    i_xlnx_clk_gen/inst/clk_in1
    K17                  IBUF (Prop_ibuf_I_O)         0.431     0.431 r  i_xlnx_clk_gen/inst/clkin1_ibufg/O
                         net (fo=1, routed)           0.480     0.911    i_xlnx_clk_gen/inst/clk_in1_xlnx_clk_gen
    MMCME2_ADV_X1Y2      MMCME2_ADV (Prop_mmcme2_adv_CLKIN1_CLKOUT0)
                                                     -3.407    -2.496 r  i_xlnx_clk_gen/inst/mmcm_adv_inst/CLKOUT0
                         net (fo=1, routed)           0.752    -1.744    i_xlnx_clk_gen/inst/clk_out1_xlnx_clk_gen
    BUFGCTRL_X0Y16       BUFG (Prop_bufg_I_O)         0.029    -1.715 r  i_xlnx_clk_gen/inst/clkout1_buf/O
                         net (fo=20013, routed)       0.909    -0.806    i_axi_dwidth_converter_dm_slave/inst/gen_downsizer.gen_simple_downsizer.axi_downsizer_inst/USE_WRITE.write_addr_inst/USE_B_CHANNEL.cmd_b_queue/inst/fifo_gen_inst/inst_fifo_gen/gconvfifo.rf/grf.rf/gntv_or_sync_fifo.mem/gdm.dm_gen.dm/RAM_reg_0_31_6_8/WCLK
    SLICE_X112Y52        RAMD32                                       r  i_axi_dwidth_converter_dm_slave/inst/gen_downsizer.gen_simple_downsizer.axi_downsizer_inst/USE_WRITE.write_addr_inst/USE_B_CHANNEL.cmd_b_queue/inst/fifo_gen_inst/inst_fifo_gen/gconvfifo.rf/grf.rf/gntv_or_sync_fifo.mem/gdm.dm_gen.dm/RAM_reg_0_31_6_8/RAMB_D1/CLK
                         clock pessimism              0.252    -0.555    
    SLICE_X112Y52        RAMD32 (Hold_ramd32_CLK_WADR1)
                                                      0.309    -0.246    i_axi_dwidth_converter_dm_slave/inst/gen_downsizer.gen_simple_downsizer.axi_downsizer_inst/USE_WRITE.write_addr_inst/USE_B_CHANNEL.cmd_b_queue/inst/fifo_gen_inst/inst_fifo_gen/gconvfifo.rf/grf.rf/gntv_or_sync_fifo.mem/gdm.dm_gen.dm/RAM_reg_0_31_6_8/RAMB_D1
  -------------------------------------------------------------------
                         required time                          0.246    
                         arrival time                          -0.183    
  -------------------------------------------------------------------
                         slack                                  0.062    





Pulse Width Checks
--------------------------------------------------------------------------------------
Clock Name:         clk_out1_xlnx_clk_gen
Waveform(ns):       { 0.000 10.000 }
Period(ns):         20.000
Sources:            { i_xlnx_clk_gen/inst/mmcm_adv_inst/CLKOUT0 }

Check Type        Corner  Lib Pin             Reference Pin  Required(ns)  Actual(ns)  Slack(ns)  Location         Pin
Min Period        n/a     RAMB36E1/CLKARDCLK  n/a            2.944         20.000      17.056     RAMB36_X1Y4      i_ariane/i_cva6/ex_stage_i/lsu_i/gen_mmu_sv32.i_cva6_mmu/i_shared_tlb/gen_sram[0].pte_sram/gen_cut[0].i_tc_sram_wrapper/i_ram/Mem_DP_reg/CLKARDCLK
Min Period        n/a     RAMB36E1/CLKBWRCLK  n/a            2.944         20.000      17.056     RAMB36_X1Y4      i_ariane/i_cva6/ex_stage_i/lsu_i/gen_mmu_sv32.i_cva6_mmu/i_shared_tlb/gen_sram[0].pte_sram/gen_cut[0].i_tc_sram_wrapper/i_ram/Mem_DP_reg/CLKBWRCLK
Min Period        n/a     RAMB36E1/CLKARDCLK  n/a            2.944         20.000      17.056     RAMB36_X0Y3      i_ariane/i_cva6/ex_stage_i/lsu_i/gen_mmu_sv32.i_cva6_mmu/i_shared_tlb/gen_sram[0].tag_sram/gen_cut[0].i_tc_sram_wrapper/i_ram/Mem_DP_reg/CLKARDCLK
Min Period        n/a     RAMB36E1/CLKBWRCLK  n/a            2.944         20.000      17.056     RAMB36_X0Y3      i_ariane/i_cva6/ex_stage_i/lsu_i/gen_mmu_sv32.i_cva6_mmu/i_shared_tlb/gen_sram[0].tag_sram/gen_cut[0].i_tc_sram_wrapper/i_ram/Mem_DP_reg/CLKBWRCLK
Min Period        n/a     RAMB36E1/CLKARDCLK  n/a            2.944         20.000      17.056     RAMB36_X1Y5      i_ariane/i_cva6/ex_stage_i/lsu_i/gen_mmu_sv32.i_cva6_mmu/i_shared_tlb/gen_sram[1].pte_sram/gen_cut[0].i_tc_sram_wrapper/i_ram/Mem_DP_reg/CLKARDCLK
Min Period        n/a     RAMB36E1/CLKBWRCLK  n/a            2.944         20.000      17.056     RAMB36_X1Y5      i_ariane/i_cva6/ex_stage_i/lsu_i/gen_mmu_sv32.i_cva6_mmu/i_shared_tlb/gen_sram[1].pte_sram/gen_cut[0].i_tc_sram_wrapper/i_ram/Mem_DP_reg/CLKBWRCLK
Min Period        n/a     RAMB36E1/CLKARDCLK  n/a            2.944         20.000      17.056     RAMB36_X0Y2      i_ariane/i_cva6/ex_stage_i/lsu_i/gen_mmu_sv32.i_cva6_mmu/i_shared_tlb/gen_sram[1].tag_sram/gen_cut[0].i_tc_sram_wrapper/i_ram/Mem_DP_reg/CLKARDCLK
Min Period        n/a     RAMB36E1/CLKBWRCLK  n/a            2.944         20.000      17.056     RAMB36_X0Y2      i_ariane/i_cva6/ex_stage_i/lsu_i/gen_mmu_sv32.i_cva6_mmu/i_shared_tlb/gen_sram[1].tag_sram/gen_cut[0].i_tc_sram_wrapper/i_ram/Mem_DP_reg/CLKBWRCLK
Min Period        n/a     RAMB36E1/CLKARDCLK  n/a            2.944         20.000      17.056     RAMB36_X1Y8      i_ariane/i_cva6/gen_cache_wt.i_cache_subsystem/i_cva6_icache/gen_sram[0].data_sram/gen_cut[0].i_tc_sram_wrapper/i_ram/Mem_DP_reg/CLKARDCLK
Min Period        n/a     RAMB36E1/CLKBWRCLK  n/a            2.944         20.000      17.056     RAMB36_X1Y8      i_ariane/i_cva6/gen_cache_wt.i_cache_subsystem/i_cva6_icache/gen_sram[0].data_sram/gen_cut[0].i_tc_sram_wrapper/i_ram/Mem_DP_reg/CLKBWRCLK
Max Period        n/a     MMCME2_ADV/CLKOUT0  n/a            213.360       20.000      193.360    MMCME2_ADV_X1Y2  i_xlnx_clk_gen/inst/mmcm_adv_inst/CLKOUT0
Low Pulse Width   Slow    RAMD32/CLK          n/a            1.250         10.000      8.750      SLICE_X34Y9      i_ariane/gen_example_coprocessor.i_cvxif_coprocessor/fifo_commit_i/gen_fpga_queue.fifo_ram/mem_reg_0_7_0_5/RAMA/CLK
Low Pulse Width   Fast    RAMD32/CLK          n/a            1.250         10.000      8.750      SLICE_X34Y9      i_ariane/gen_example_coprocessor.i_cvxif_coprocessor/fifo_commit_i/gen_fpga_queue.fifo_ram/mem_reg_0_7_0_5/RAMA/CLK
Low Pulse Width   Slow    RAMD32/CLK          n/a            1.250         10.000      8.750      SLICE_X34Y9      i_ariane/gen_example_coprocessor.i_cvxif_coprocessor/fifo_commit_i/gen_fpga_queue.fifo_ram/mem_reg_0_7_0_5/RAMA_D1/CLK
Low Pulse Width   Fast    RAMD32/CLK          n/a            1.250         10.000      8.750      SLICE_X34Y9      i_ariane/gen_example_coprocessor.i_cvxif_coprocessor/fifo_commit_i/gen_fpga_queue.fifo_ram/mem_reg_0_7_0_5/RAMA_D1/CLK
Low Pulse Width   Slow    RAMD32/CLK          n/a            1.250         10.000      8.750      SLICE_X34Y9      i_ariane/gen_example_coprocessor.i_cvxif_coprocessor/fifo_commit_i/gen_fpga_queue.fifo_ram/mem_reg_0_7_0_5/RAMB/CLK
Low Pulse Width   Fast    RAMD32/CLK          n/a            1.250         10.000      8.750      SLICE_X34Y9      i_ariane/gen_example_coprocessor.i_cvxif_coprocessor/fifo_commit_i/gen_fpga_queue.fifo_ram/mem_reg_0_7_0_5/RAMB/CLK
Low Pulse Width   Slow    RAMD32/CLK          n/a            1.250         10.000      8.750      SLICE_X34Y9      i_ariane/gen_example_coprocessor.i_cvxif_coprocessor/fifo_commit_i/gen_fpga_queue.fifo_ram/mem_reg_0_7_0_5/RAMB_D1/CLK
Low Pulse Width   Fast    RAMD32/CLK          n/a            1.250         10.000      8.750      SLICE_X34Y9      i_ariane/gen_example_coprocessor.i_cvxif_coprocessor/fifo_commit_i/gen_fpga_queue.fifo_ram/mem_reg_0_7_0_5/RAMB_D1/CLK
Low Pulse Width   Slow    RAMD32/CLK          n/a            1.250         10.000      8.750      SLICE_X34Y9      i_ariane/gen_example_coprocessor.i_cvxif_coprocessor/fifo_commit_i/gen_fpga_queue.fifo_ram/mem_reg_0_7_0_5/RAMC/CLK
Low Pulse Width   Fast    RAMD32/CLK          n/a            1.250         10.000      8.750      SLICE_X34Y9      i_ariane/gen_example_coprocessor.i_cvxif_coprocessor/fifo_commit_i/gen_fpga_queue.fifo_ram/mem_reg_0_7_0_5/RAMC/CLK
High Pulse Width  Slow    RAMD32/CLK          n/a            1.250         10.000      8.750      SLICE_X34Y9      i_ariane/gen_example_coprocessor.i_cvxif_coprocessor/fifo_commit_i/gen_fpga_queue.fifo_ram/mem_reg_0_7_0_5/RAMA/CLK
High Pulse Width  Fast    RAMD32/CLK          n/a            1.250         10.000      8.750      SLICE_X34Y9      i_ariane/gen_example_coprocessor.i_cvxif_coprocessor/fifo_commit_i/gen_fpga_queue.fifo_ram/mem_reg_0_7_0_5/RAMA/CLK
High Pulse Width  Slow    RAMD32/CLK          n/a            1.250         10.000      8.750      SLICE_X34Y9      i_ariane/gen_example_coprocessor.i_cvxif_coprocessor/fifo_commit_i/gen_fpga_queue.fifo_ram/mem_reg_0_7_0_5/RAMA_D1/CLK
High Pulse Width  Fast    RAMD32/CLK          n/a            1.250         10.000      8.750      SLICE_X34Y9      i_ariane/gen_example_coprocessor.i_cvxif_coprocessor/fifo_commit_i/gen_fpga_queue.fifo_ram/mem_reg_0_7_0_5/RAMA_D1/CLK
High Pulse Width  Slow    RAMD32/CLK          n/a            1.250         10.000      8.750      SLICE_X34Y9      i_ariane/gen_example_coprocessor.i_cvxif_coprocessor/fifo_commit_i/gen_fpga_queue.fifo_ram/mem_reg_0_7_0_5/RAMB/CLK
High Pulse Width  Fast    RAMD32/CLK          n/a            1.250         10.000      8.750      SLICE_X34Y9      i_ariane/gen_example_coprocessor.i_cvxif_coprocessor/fifo_commit_i/gen_fpga_queue.fifo_ram/mem_reg_0_7_0_5/RAMB/CLK
High Pulse Width  Slow    RAMD32/CLK          n/a            1.250         10.000      8.750      SLICE_X34Y9      i_ariane/gen_example_coprocessor.i_cvxif_coprocessor/fifo_commit_i/gen_fpga_queue.fifo_ram/mem_reg_0_7_0_5/RAMB_D1/CLK
High Pulse Width  Fast    RAMD32/CLK          n/a            1.250         10.000      8.750      SLICE_X34Y9      i_ariane/gen_example_coprocessor.i_cvxif_coprocessor/fifo_commit_i/gen_fpga_queue.fifo_ram/mem_reg_0_7_0_5/RAMB_D1/CLK
High Pulse Width  Slow    RAMD32/CLK          n/a            1.250         10.000      8.750      SLICE_X34Y9      i_ariane/gen_example_coprocessor.i_cvxif_coprocessor/fifo_commit_i/gen_fpga_queue.fifo_ram/mem_reg_0_7_0_5/RAMC/CLK
High Pulse Width  Fast    RAMD32/CLK          n/a            1.250         10.000      8.750      SLICE_X34Y9      i_ariane/gen_example_coprocessor.i_cvxif_coprocessor/fifo_commit_i/gen_fpga_queue.fifo_ram/mem_reg_0_7_0_5/RAMC/CLK



---------------------------------------------------------------------------------------------------
From Clock:  clkfbout_xlnx_clk_gen
  To Clock:  clkfbout_xlnx_clk_gen

Setup :           NA  Failing Endpoints,  Worst Slack           NA  ,  Total Violation           NA
Hold  :           NA  Failing Endpoints,  Worst Slack           NA  ,  Total Violation           NA
PW    :            0  Failing Endpoints,  Worst Slack        5.845ns,  Total Violation        0.000ns
---------------------------------------------------------------------------------------------------


Pulse Width Checks
--------------------------------------------------------------------------------------
Clock Name:         clkfbout_xlnx_clk_gen
Waveform(ns):       { 0.000 4.000 }
Period(ns):         8.000
Sources:            { i_xlnx_clk_gen/inst/mmcm_adv_inst/CLKFBOUT }

Check Type  Corner  Lib Pin              Reference Pin  Required(ns)  Actual(ns)  Slack(ns)  Location         Pin
Min Period  n/a     BUFG/I               n/a            2.155         8.000       5.845      BUFGCTRL_X0Y17   i_xlnx_clk_gen/inst/clkf_buf/I
Min Period  n/a     MMCME2_ADV/CLKFBOUT  n/a            1.249         8.000       6.751      MMCME2_ADV_X1Y2  i_xlnx_clk_gen/inst/mmcm_adv_inst/CLKFBOUT
Min Period  n/a     MMCME2_ADV/CLKFBIN   n/a            1.249         8.000       6.751      MMCME2_ADV_X1Y2  i_xlnx_clk_gen/inst/mmcm_adv_inst/CLKFBIN
Max Period  n/a     MMCME2_ADV/CLKFBIN   n/a            100.000       8.000       92.000     MMCME2_ADV_X1Y2  i_xlnx_clk_gen/inst/mmcm_adv_inst/CLKFBIN
Max Period  n/a     MMCME2_ADV/CLKFBOUT  n/a            213.360       8.000       205.360    MMCME2_ADV_X1Y2  i_xlnx_clk_gen/inst/mmcm_adv_inst/CLKFBOUT



---------------------------------------------------------------------------------------------------
From Clock:  tck
  To Clock:  tck

Setup :            0  Failing Endpoints,  Worst Slack        1.244ns,  Total Violation        0.000ns
Hold  :            0  Failing Endpoints,  Worst Slack        0.106ns,  Total Violation        0.000ns
PW    :            0  Failing Endpoints,  Worst Slack       49.500ns,  Total Violation        0.000ns
---------------------------------------------------------------------------------------------------


Max Delay Paths
--------------------------------------------------------------------------------------
Slack (MET) :             1.244ns  (required time - arrival time)
  Source:                 i_dmi_jtag/i_dmi_jtag_tap/td_o_reg/C
                            (falling edge-triggered cell FDCE clocked by tck  {rise@0.000ns fall@50.000ns period=100.000ns})
  Destination:            tdo
                            (output port clocked by tck  {rise@0.000ns fall@50.000ns period=100.000ns})
  Path Group:             tck
  Path Type:              Max at Slow Process Corner
  Requirement:            20.000ns  (MaxDelay Path 20.000ns)
  Data Path Delay:        6.129ns  (logic 4.080ns (66.572%)  route 2.049ns (33.428%))
  Logic Levels:           1  (OBUF=1)
  Output Delay:           5.000ns
  Clock Path Skew:        -7.125ns (DCD - SCD + CPR)
    Destination Clock Delay (DCD):    0.000ns
    Source Clock Delay      (SCD):    7.125ns
    Clock Pessimism Removal (CPR):    0.000ns
  Clock Uncertainty:      0.501ns  ((TSJ^2 + TIJ^2)^1/2 + DJ) / 2 + PE
    Total System Jitter     (TSJ):    0.071ns
    Total Input Jitter      (TIJ):    1.000ns
    Discrete Jitter          (DJ):    0.000ns
    Phase Error              (PE):    0.000ns
  Timing Exception:       MaxDelay Path 20.000ns

    Location             Delay type                Incr(ns)  Path(ns)    Netlist Resource(s)
  -------------------------------------------------------------------    -------------------
                         (clock tck fall edge)        0.000     0.000 f  
    H15                                               0.000     0.000 f  tck (IN)
                         net (fo=0)                   0.000     0.000    tck
    H15                  IBUF (Prop_ibuf_I_O)         1.500     1.500 f  tck_IBUF_inst/O
                         net (fo=1, routed)           3.659     5.159    tck_IBUF
    BUFGCTRL_X0Y0        BUFG (Prop_bufg_I_O)         0.101     5.260 f  tck_IBUF_BUFG_inst/O
                         net (fo=258, routed)         1.865     7.125    i_dmi_jtag/i_dmi_jtag_tap/tck_ni
    SLICE_X108Y91        FDCE                                         r  i_dmi_jtag/i_dmi_jtag_tap/td_o_reg/C  (IS_INVERTED)
  -------------------------------------------------------------------    -------------------
    SLICE_X108Y91        FDCE (Prop_fdce_C_Q)         0.524     7.649 r  i_dmi_jtag/i_dmi_jtag_tap/td_o_reg/Q
                         net (fo=1, routed)           2.049     9.698    tdo_OBUF
    J15                  OBUF (Prop_obuf_I_O)         3.556    13.255 r  tdo_OBUF_inst/O
                         net (fo=0)                   0.000    13.255    tdo
    J15                                                               r  tdo (OUT)
  -------------------------------------------------------------------    -------------------

                         max delay                   20.000    20.000    
                         clock pessimism              0.000    20.000    
                         clock uncertainty           -0.501    19.499    
                         output delay                -5.000    14.499    
  -------------------------------------------------------------------
                         required time                         14.499    
                         arrival time                         -13.255    
  -------------------------------------------------------------------
                         slack                                  1.244    

Slack (MET) :             15.090ns  (required time - arrival time)
  Source:                 tdi
                            (input port clocked by tck  {rise@0.000ns fall@50.000ns period=100.000ns})
  Destination:            i_dmi_jtag/i_dmi_jtag_tap/idcode_q_reg[31]/D
                            (rising edge-triggered cell FDCE clocked by tck  {rise@0.000ns fall@50.000ns period=100.000ns})
  Path Group:             tck
  Path Type:              Setup (Max at Fast Process Corner)
  Requirement:            20.000ns  (MaxDelay Path 20.000ns)
  Data Path Delay:        1.863ns  (logic 0.510ns (27.391%)  route 1.353ns (72.609%))
  Logic Levels:           2  (IBUF=1 LUT6=1)
  Input Delay:            5.000ns
  Clock Path Skew:        2.420ns (DCD - SCD + CPR)
    Destination Clock Delay (DCD):    2.420ns
    Source Clock Delay      (SCD):    0.000ns
    Clock Pessimism Removal (CPR):    0.000ns
  Clock Uncertainty:      0.501ns  ((TSJ^2 + TIJ^2)^1/2 + DJ) / 2 + PE
    Total System Jitter     (TSJ):    0.071ns
    Total Input Jitter      (TIJ):    1.000ns
    Discrete Jitter          (DJ):    0.000ns
    Phase Error              (PE):    0.000ns
  Timing Exception:       MaxDelay Path 20.000ns

    Location             Delay type                Incr(ns)  Path(ns)    Netlist Resource(s)
  -------------------------------------------------------------------    -------------------
                         (clock tck fall edge)        0.000     0.000 f  
                         input delay                  5.000     5.000    
    W16                                               0.000     5.000 r  tdi (IN)
                         net (fo=0)                   0.000     5.000    tdi
    W16                  IBUF (Prop_ibuf_I_O)         0.454     5.454 r  tdi_IBUF_inst/O
                         net (fo=5, routed)           1.353     6.807    i_dmi_jtag/i_dmi_jtag_tap/tdi_IBUF
    SLICE_X102Y95        LUT6 (Prop_lut6_I5_O)        0.056     6.863 r  i_dmi_jtag/i_dmi_jtag_tap/idcode_q[31]_i_2/O
                         net (fo=1, routed)           0.000     6.863    i_dmi_jtag/i_dmi_jtag_tap/idcode_d[31]
    SLICE_X102Y95        FDCE                                         r  i_dmi_jtag/i_dmi_jtag_tap/idcode_q_reg[31]/D
  -------------------------------------------------------------------    -------------------

                         max delay                   20.000    20.000    
    H15                                               0.000    20.000 r  tck (IN)
                         net (fo=0)                   0.000    20.000    tck
    H15                  IBUF (Prop_ibuf_I_O)         0.268    20.268 r  tck_IBUF_inst/O
                         net (fo=1, routed)           1.516    21.784    tck_IBUF
    BUFGCTRL_X0Y0        BUFG (Prop_bufg_I_O)         0.026    21.810 r  tck_IBUF_BUFG_inst/O
                         net (fo=258, routed)         0.610    22.420    i_dmi_jtag/i_dmi_jtag_tap/CLK
    SLICE_X102Y95        FDCE                                         r  i_dmi_jtag/i_dmi_jtag_tap/idcode_q_reg[31]/C
                         clock pessimism              0.000    22.420    
                         clock uncertainty           -0.501    21.919    
    SLICE_X102Y95        FDCE (Setup_fdce_C_D)        0.035    21.954    i_dmi_jtag/i_dmi_jtag_tap/idcode_q_reg[31]
  -------------------------------------------------------------------
                         required time                         21.954    
                         arrival time                          -6.863    
  -------------------------------------------------------------------
                         slack                                 15.090    

Slack (MET) :             15.288ns  (required time - arrival time)
  Source:                 tdi
                            (input port clocked by tck  {rise@0.000ns fall@50.000ns period=100.000ns})
  Destination:            i_dmi_jtag/i_dmi_jtag_tap/dtmcs_q_reg[zero1][31]/D
                            (rising edge-triggered cell FDCE clocked by tck  {rise@0.000ns fall@50.000ns period=100.000ns})
  Path Group:             tck
  Path Type:              Setup (Max at Fast Process Corner)
  Requirement:            20.000ns  (MaxDelay Path 20.000ns)
  Data Path Delay:        1.554ns  (logic 0.507ns (32.649%)  route 1.047ns (67.351%))
  Logic Levels:           2  (IBUF=1 LUT2=1)
  Input Delay:            5.000ns
  Clock Path Skew:        2.444ns (DCD - SCD + CPR)
    Destination Clock Delay (DCD):    2.444ns
    Source Clock Delay      (SCD):    0.000ns
    Clock Pessimism Removal (CPR):    0.000ns
  Clock Uncertainty:      0.501ns  ((TSJ^2 + TIJ^2)^1/2 + DJ) / 2 + PE
    Total System Jitter     (TSJ):    0.071ns
    Total Input Jitter      (TIJ):    1.000ns
    Discrete Jitter          (DJ):    0.000ns
    Phase Error              (PE):    0.000ns
  Timing Exception:       MaxDelay Path 20.000ns

    Location             Delay type                Incr(ns)  Path(ns)    Netlist Resource(s)
  -------------------------------------------------------------------    -------------------
                         (clock tck fall edge)        0.000     0.000 f  
                         input delay                  5.000     5.000    
    W16                                               0.000     5.000 r  tdi (IN)
                         net (fo=0)                   0.000     5.000    tdi
    W16                  IBUF (Prop_ibuf_I_O)         0.454     5.454 r  tdi_IBUF_inst/O
                         net (fo=5, routed)           0.923     6.378    i_dmi_jtag/i_dmi_jtag_tap/tdi_IBUF
    SLICE_X106Y87        LUT2 (Prop_lut2_I0_O)        0.053     6.431 r  i_dmi_jtag/i_dmi_jtag_tap/dtmcs_q[zero1][31]_i_1/O
                         net (fo=1, routed)           0.123     6.554    i_dmi_jtag/i_dmi_jtag_tap/dtmcs_d[zero1][31]
    SLICE_X109Y87        FDCE                                         r  i_dmi_jtag/i_dmi_jtag_tap/dtmcs_q_reg[zero1][31]/D
  -------------------------------------------------------------------    -------------------

                         max delay                   20.000    20.000    
    H15                                               0.000    20.000 r  tck (IN)
                         net (fo=0)                   0.000    20.000    tck
    H15                  IBUF (Prop_ibuf_I_O)         0.268    20.268 r  tck_IBUF_inst/O
                         net (fo=1, routed)           1.516    21.784    tck_IBUF
    BUFGCTRL_X0Y0        BUFG (Prop_bufg_I_O)         0.026    21.810 r  tck_IBUF_BUFG_inst/O
                         net (fo=258, routed)         0.634    22.444    i_dmi_jtag/i_dmi_jtag_tap/CLK
    SLICE_X109Y87        FDCE                                         r  i_dmi_jtag/i_dmi_jtag_tap/dtmcs_q_reg[zero1][31]/C
                         clock pessimism              0.000    22.444    
                         clock uncertainty           -0.501    21.943    
    SLICE_X109Y87        FDCE (Setup_fdce_C_D)       -0.100    21.843    i_dmi_jtag/i_dmi_jtag_tap/dtmcs_q_reg[zero1][31]
  -------------------------------------------------------------------
                         required time                         21.843    
                         arrival time                          -6.554    
  -------------------------------------------------------------------
                         slack                                 15.288    

Slack (MET) :             15.330ns  (required time - arrival time)
  Source:                 tdi
                            (input port clocked by tck  {rise@0.000ns fall@50.000ns period=100.000ns})
  Destination:            i_dmi_jtag/i_dmi_jtag_tap/bypass_q_reg/D
                            (rising edge-triggered cell FDCE clocked by tck  {rise@0.000ns fall@50.000ns period=100.000ns})
  Path Group:             tck
  Path Type:              Setup (Max at Fast Process Corner)
  Requirement:            20.000ns  (MaxDelay Path 20.000ns)
  Data Path Delay:        1.628ns  (logic 0.510ns (31.350%)  route 1.118ns (68.650%))
  Logic Levels:           2  (IBUF=1 LUT6=1)
  Input Delay:            5.000ns
  Clock Path Skew:        2.446ns (DCD - SCD + CPR)
    Destination Clock Delay (DCD):    2.446ns
    Source Clock Delay      (SCD):    0.000ns
    Clock Pessimism Removal (CPR):    0.000ns
  Clock Uncertainty:      0.501ns  ((TSJ^2 + TIJ^2)^1/2 + DJ) / 2 + PE
    Total System Jitter     (TSJ):    0.071ns
    Total Input Jitter      (TIJ):    1.000ns
    Discrete Jitter          (DJ):    0.000ns
    Phase Error              (PE):    0.000ns
  Timing Exception:       MaxDelay Path 20.000ns

    Location             Delay type                Incr(ns)  Path(ns)    Netlist Resource(s)
  -------------------------------------------------------------------    -------------------
                         (clock tck fall edge)        0.000     0.000 f  
                         input delay                  5.000     5.000    
    W16                                               0.000     5.000 r  tdi (IN)
                         net (fo=0)                   0.000     5.000    tdi
    W16                  IBUF (Prop_ibuf_I_O)         0.454     5.454 r  tdi_IBUF_inst/O
                         net (fo=5, routed)           1.118     6.572    i_dmi_jtag/i_dmi_jtag_tap/tdi_IBUF
    SLICE_X107Y91        LUT6 (Prop_lut6_I0_O)        0.056     6.628 r  i_dmi_jtag/i_dmi_jtag_tap/bypass_q_i_1/O
                         net (fo=1, routed)           0.000     6.628    i_dmi_jtag/i_dmi_jtag_tap/bypass_q_i_1_n_1
    SLICE_X107Y91        FDCE                                         r  i_dmi_jtag/i_dmi_jtag_tap/bypass_q_reg/D
  -------------------------------------------------------------------    -------------------

                         max delay                   20.000    20.000    
    H15                                               0.000    20.000 r  tck (IN)
                         net (fo=0)                   0.000    20.000    tck
    H15                  IBUF (Prop_ibuf_I_O)         0.268    20.268 r  tck_IBUF_inst/O
                         net (fo=1, routed)           1.516    21.784    tck_IBUF
    BUFGCTRL_X0Y0        BUFG (Prop_bufg_I_O)         0.026    21.810 r  tck_IBUF_BUFG_inst/O
                         net (fo=258, routed)         0.636    22.446    i_dmi_jtag/i_dmi_jtag_tap/CLK
    SLICE_X107Y91        FDCE                                         r  i_dmi_jtag/i_dmi_jtag_tap/bypass_q_reg/C
                         clock pessimism              0.000    22.446    
                         clock uncertainty           -0.501    21.945    
    SLICE_X107Y91        FDCE (Setup_fdce_C_D)        0.013    21.958    i_dmi_jtag/i_dmi_jtag_tap/bypass_q_reg
  -------------------------------------------------------------------
                         required time                         21.958    
                         arrival time                          -6.628    
  -------------------------------------------------------------------
                         slack                                 15.330    

Slack (MET) :             15.482ns  (required time - arrival time)
  Source:                 tdi
                            (input port clocked by tck  {rise@0.000ns fall@50.000ns period=100.000ns})
  Destination:            i_dmi_jtag/i_dmi_jtag_tap/jtag_ir_shift_q_reg[4]/D
                            (rising edge-triggered cell FDCE clocked by tck  {rise@0.000ns fall@50.000ns period=100.000ns})
  Path Group:             tck
  Path Type:              Setup (Max at Fast Process Corner)
  Requirement:            20.000ns  (MaxDelay Path 20.000ns)
  Data Path Delay:        1.499ns  (logic 0.509ns (33.979%)  route 0.990ns (66.021%))
  Logic Levels:           2  (IBUF=1 LUT3=1)
  Input Delay:            5.000ns
  Clock Path Skew:        2.447ns (DCD - SCD + CPR)
    Destination Clock Delay (DCD):    2.447ns
    Source Clock Delay      (SCD):    0.000ns
    Clock Pessimism Removal (CPR):    0.000ns
  Clock Uncertainty:      0.501ns  ((TSJ^2 + TIJ^2)^1/2 + DJ) / 2 + PE
    Total System Jitter     (TSJ):    0.071ns
    Total Input Jitter      (TIJ):    1.000ns
    Discrete Jitter          (DJ):    0.000ns
    Phase Error              (PE):    0.000ns
  Timing Exception:       MaxDelay Path 20.000ns

    Location             Delay type                Incr(ns)  Path(ns)    Netlist Resource(s)
  -------------------------------------------------------------------    -------------------
                         (clock tck fall edge)        0.000     0.000 f  
                         input delay                  5.000     5.000    
    W16                                               0.000     5.000 r  tdi (IN)
                         net (fo=0)                   0.000     5.000    tdi
    W16                  IBUF (Prop_ibuf_I_O)         0.454     5.454 r  tdi_IBUF_inst/O
                         net (fo=5, routed)           0.990     6.444    i_dmi_jtag/i_dmi_jtag_tap/tdi_IBUF
    SLICE_X111Y90        LUT3 (Prop_lut3_I2_O)        0.055     6.499 r  i_dmi_jtag/i_dmi_jtag_tap/jtag_ir_shift_q[4]_i_2/O
                         net (fo=1, routed)           0.000     6.499    i_dmi_jtag/i_dmi_jtag_tap/jtag_ir_shift_d[4]
    SLICE_X111Y90        FDCE                                         r  i_dmi_jtag/i_dmi_jtag_tap/jtag_ir_shift_q_reg[4]/D
  -------------------------------------------------------------------    -------------------

                         max delay                   20.000    20.000    
    H15                                               0.000    20.000 r  tck (IN)
                         net (fo=0)                   0.000    20.000    tck
    H15                  IBUF (Prop_ibuf_I_O)         0.268    20.268 r  tck_IBUF_inst/O
                         net (fo=1, routed)           1.516    21.784    tck_IBUF
    BUFGCTRL_X0Y0        BUFG (Prop_bufg_I_O)         0.026    21.810 r  tck_IBUF_BUFG_inst/O
                         net (fo=258, routed)         0.637    22.447    i_dmi_jtag/i_dmi_jtag_tap/CLK
    SLICE_X111Y90        FDCE                                         r  i_dmi_jtag/i_dmi_jtag_tap/jtag_ir_shift_q_reg[4]/C
                         clock pessimism              0.000    22.447    
                         clock uncertainty           -0.501    21.946    
    SLICE_X111Y90        FDCE (Setup_fdce_C_D)        0.036    21.982    i_dmi_jtag/i_dmi_jtag_tap/jtag_ir_shift_q_reg[4]
  -------------------------------------------------------------------
                         required time                         21.982    
                         arrival time                          -6.499    
  -------------------------------------------------------------------
                         slack                                 15.482    

Slack (MET) :             15.523ns  (required time - arrival time)
  Source:                 tdi
                            (input port clocked by tck  {rise@0.000ns fall@50.000ns period=100.000ns})
  Destination:            i_dmi_jtag/dr_q_reg[40]/D
                            (rising edge-triggered cell FDCE clocked by tck  {rise@0.000ns fall@50.000ns period=100.000ns})
  Path Group:             tck
  Path Type:              Setup (Max at Fast Process Corner)
  Requirement:            20.000ns  (MaxDelay Path 20.000ns)
  Data Path Delay:        1.434ns  (logic 0.510ns (35.600%)  route 0.923ns (64.400%))
  Logic Levels:           2  (IBUF=1 LUT4=1)
  Input Delay:            5.000ns
  Clock Path Skew:        2.444ns (DCD - SCD + CPR)
    Destination Clock Delay (DCD):    2.444ns
    Source Clock Delay      (SCD):    0.000ns
    Clock Pessimism Removal (CPR):    0.000ns
  Clock Uncertainty:      0.501ns  ((TSJ^2 + TIJ^2)^1/2 + DJ) / 2 + PE
    Total System Jitter     (TSJ):    0.071ns
    Total Input Jitter      (TIJ):    1.000ns
    Discrete Jitter          (DJ):    0.000ns
    Phase Error              (PE):    0.000ns
  Timing Exception:       MaxDelay Path 20.000ns

    Location             Delay type                Incr(ns)  Path(ns)    Netlist Resource(s)
  -------------------------------------------------------------------    -------------------
                         (clock tck fall edge)        0.000     0.000 f  
                         input delay                  5.000     5.000    
    W16                                               0.000     5.000 r  tdi (IN)
                         net (fo=0)                   0.000     5.000    tdi
    W16                  IBUF (Prop_ibuf_I_O)         0.454     5.454 r  tdi_IBUF_inst/O
                         net (fo=5, routed)           0.923     6.378    i_dmi_jtag/i_dmi_jtag_tap/tdi_IBUF
    SLICE_X106Y87        LUT4 (Prop_lut4_I0_O)        0.056     6.434 r  i_dmi_jtag/i_dmi_jtag_tap/dr_q[40]_i_2/O
                         net (fo=1, routed)           0.000     6.434    i_dmi_jtag/dr_d[40]
    SLICE_X106Y87        FDCE                                         r  i_dmi_jtag/dr_q_reg[40]/D
  -------------------------------------------------------------------    -------------------

                         max delay                   20.000    20.000    
    H15                                               0.000    20.000 r  tck (IN)
                         net (fo=0)                   0.000    20.000    tck
    H15                  IBUF (Prop_ibuf_I_O)         0.268    20.268 r  tck_IBUF_inst/O
                         net (fo=1, routed)           1.516    21.784    tck_IBUF
    BUFGCTRL_X0Y0        BUFG (Prop_bufg_I_O)         0.026    21.810 r  tck_IBUF_BUFG_inst/O
                         net (fo=258, routed)         0.634    22.444    i_dmi_jtag/CLK
    SLICE_X106Y87        FDCE                                         r  i_dmi_jtag/dr_q_reg[40]/C
                         clock pessimism              0.000    22.444    
                         clock uncertainty           -0.501    21.943    
    SLICE_X106Y87        FDCE (Setup_fdce_C_D)        0.014    21.957    i_dmi_jtag/dr_q_reg[40]
  -------------------------------------------------------------------
                         required time                         21.957    
                         arrival time                          -6.434    
  -------------------------------------------------------------------
                         slack                                 15.523    

Slack (MET) :             15.579ns  (required time - arrival time)
  Source:                 tms
                            (input port clocked by tck  {rise@0.000ns fall@50.000ns period=100.000ns})
  Destination:            i_dmi_jtag/i_dmi_jtag_tap/FSM_onehot_tap_state_q_reg[8]/D
                            (rising edge-triggered cell FDCE clocked by tck  {rise@0.000ns fall@50.000ns period=100.000ns})
  Path Group:             tck
  Path Type:              Setup (Max at Fast Process Corner)
  Requirement:            20.000ns  (MaxDelay Path 20.000ns)
  Data Path Delay:        1.380ns  (logic 0.558ns (40.432%)  route 0.822ns (59.568%))
  Logic Levels:           2  (IBUF=1 LUT2=1)
  Input Delay:            5.000ns
  Clock Path Skew:        2.447ns (DCD - SCD + CPR)
    Destination Clock Delay (DCD):    2.447ns
    Source Clock Delay      (SCD):    0.000ns
    Clock Pessimism Removal (CPR):    0.000ns
  Clock Uncertainty:      0.501ns  ((TSJ^2 + TIJ^2)^1/2 + DJ) / 2 + PE
    Total System Jitter     (TSJ):    0.071ns
    Total Input Jitter      (TIJ):    1.000ns
    Discrete Jitter          (DJ):    0.000ns
    Phase Error              (PE):    0.000ns
  Timing Exception:       MaxDelay Path 20.000ns

    Location             Delay type                Incr(ns)  Path(ns)    Netlist Resource(s)
  -------------------------------------------------------------------    -------------------
                         (clock tck fall edge)        0.000     0.000 f  
                         input delay                  5.000     5.000    
    V12                                               0.000     5.000 r  tms (IN)
                         net (fo=0)                   0.000     5.000    tms
    V12                  IBUF (Prop_ibuf_I_O)         0.502     5.502 r  tms_IBUF_inst/O
                         net (fo=16, routed)          0.822     6.324    i_dmi_jtag/i_dmi_jtag_tap/tms_IBUF
    SLICE_X110Y90        LUT2 (Prop_lut2_I1_O)        0.056     6.380 r  i_dmi_jtag/i_dmi_jtag_tap/FSM_onehot_tap_state_q[8]_i_1/O
                         net (fo=1, routed)           0.000     6.380    i_dmi_jtag/i_dmi_jtag_tap/FSM_onehot_tap_state_q[8]_i_1_n_1
    SLICE_X110Y90        FDCE                                         r  i_dmi_jtag/i_dmi_jtag_tap/FSM_onehot_tap_state_q_reg[8]/D
  -------------------------------------------------------------------    -------------------

                         max delay                   20.000    20.000    
    H15                                               0.000    20.000 r  tck (IN)
                         net (fo=0)                   0.000    20.000    tck
    H15                  IBUF (Prop_ibuf_I_O)         0.268    20.268 r  tck_IBUF_inst/O
                         net (fo=1, routed)           1.516    21.784    tck_IBUF
    BUFGCTRL_X0Y0        BUFG (Prop_bufg_I_O)         0.026    21.810 r  tck_IBUF_BUFG_inst/O
                         net (fo=258, routed)         0.637    22.447    i_dmi_jtag/i_dmi_jtag_tap/CLK
    SLICE_X110Y90        FDCE                                         r  i_dmi_jtag/i_dmi_jtag_tap/FSM_onehot_tap_state_q_reg[8]/C
                         clock pessimism              0.000    22.447    
                         clock uncertainty           -0.501    21.946    
    SLICE_X110Y90        FDCE (Setup_fdce_C_D)        0.014    21.960    i_dmi_jtag/i_dmi_jtag_tap/FSM_onehot_tap_state_q_reg[8]
  -------------------------------------------------------------------
                         required time                         21.960    
                         arrival time                          -6.380    
  -------------------------------------------------------------------
                         slack                                 15.579    

Slack (MET) :             15.662ns  (required time - arrival time)
  Source:                 tms
                            (input port clocked by tck  {rise@0.000ns fall@50.000ns period=100.000ns})
  Destination:            i_dmi_jtag/i_dmi_jtag_tap/FSM_onehot_tap_state_q_reg[7]/D
                            (rising edge-triggered cell FDCE clocked by tck  {rise@0.000ns fall@50.000ns period=100.000ns})
  Path Group:             tck
  Path Type:              Setup (Max at Fast Process Corner)
  Requirement:            20.000ns  (MaxDelay Path 20.000ns)
  Data Path Delay:        1.298ns  (logic 0.558ns (43.008%)  route 0.740ns (56.992%))
  Logic Levels:           2  (IBUF=1 LUT3=1)
  Input Delay:            5.000ns
  Clock Path Skew:        2.447ns (DCD - SCD + CPR)
    Destination Clock Delay (DCD):    2.447ns
    Source Clock Delay      (SCD):    0.000ns
    Clock Pessimism Removal (CPR):    0.000ns
  Clock Uncertainty:      0.501ns  ((TSJ^2 + TIJ^2)^1/2 + DJ) / 2 + PE
    Total System Jitter     (TSJ):    0.071ns
    Total Input Jitter      (TIJ):    1.000ns
    Discrete Jitter          (DJ):    0.000ns
    Phase Error              (PE):    0.000ns
  Timing Exception:       MaxDelay Path 20.000ns

    Location             Delay type                Incr(ns)  Path(ns)    Netlist Resource(s)
  -------------------------------------------------------------------    -------------------
                         (clock tck fall edge)        0.000     0.000 f  
                         input delay                  5.000     5.000    
    V12                                               0.000     5.000 f  tms (IN)
                         net (fo=0)                   0.000     5.000    tms
    V12                  IBUF (Prop_ibuf_I_O)         0.502     5.502 f  tms_IBUF_inst/O
                         net (fo=16, routed)          0.740     6.242    i_dmi_jtag/i_dmi_jtag_tap/tms_IBUF
    SLICE_X110Y90        LUT3 (Prop_lut3_I1_O)        0.056     6.298 r  i_dmi_jtag/i_dmi_jtag_tap/FSM_onehot_tap_state_q[7]_i_1/O
                         net (fo=1, routed)           0.000     6.298    i_dmi_jtag/i_dmi_jtag_tap/FSM_onehot_tap_state_q[7]_i_1_n_1
    SLICE_X110Y90        FDCE                                         r  i_dmi_jtag/i_dmi_jtag_tap/FSM_onehot_tap_state_q_reg[7]/D
  -------------------------------------------------------------------    -------------------

                         max delay                   20.000    20.000    
    H15                                               0.000    20.000 r  tck (IN)
                         net (fo=0)                   0.000    20.000    tck
    H15                  IBUF (Prop_ibuf_I_O)         0.268    20.268 r  tck_IBUF_inst/O
                         net (fo=1, routed)           1.516    21.784    tck_IBUF
    BUFGCTRL_X0Y0        BUFG (Prop_bufg_I_O)         0.026    21.810 r  tck_IBUF_BUFG_inst/O
                         net (fo=258, routed)         0.637    22.447    i_dmi_jtag/i_dmi_jtag_tap/CLK
    SLICE_X110Y90        FDCE                                         r  i_dmi_jtag/i_dmi_jtag_tap/FSM_onehot_tap_state_q_reg[7]/C
                         clock pessimism              0.000    22.447    
                         clock uncertainty           -0.501    21.946    
    SLICE_X110Y90        FDCE (Setup_fdce_C_D)        0.014    21.960    i_dmi_jtag/i_dmi_jtag_tap/FSM_onehot_tap_state_q_reg[7]
  -------------------------------------------------------------------
                         required time                         21.960    
                         arrival time                          -6.298    
  -------------------------------------------------------------------
                         slack                                 15.662    

Slack (MET) :             15.666ns  (required time - arrival time)
  Source:                 tms
                            (input port clocked by tck  {rise@0.000ns fall@50.000ns period=100.000ns})
  Destination:            i_dmi_jtag/i_dmi_jtag_tap/FSM_onehot_tap_state_q_reg[10]/D
                            (rising edge-triggered cell FDCE clocked by tck  {rise@0.000ns fall@50.000ns period=100.000ns})
  Path Group:             tck
  Path Type:              Setup (Max at Fast Process Corner)
  Requirement:            20.000ns  (MaxDelay Path 20.000ns)
  Data Path Delay:        1.293ns  (logic 0.558ns (43.178%)  route 0.734ns (56.822%))
  Logic Levels:           2  (IBUF=1 LUT2=1)
  Input Delay:            5.000ns
  Clock Path Skew:        2.447ns (DCD - SCD + CPR)
    Destination Clock Delay (DCD):    2.447ns
    Source Clock Delay      (SCD):    0.000ns
    Clock Pessimism Removal (CPR):    0.000ns
  Clock Uncertainty:      0.501ns  ((TSJ^2 + TIJ^2)^1/2 + DJ) / 2 + PE
    Total System Jitter     (TSJ):    0.071ns
    Total Input Jitter      (TIJ):    1.000ns
    Discrete Jitter          (DJ):    0.000ns
    Phase Error              (PE):    0.000ns
  Timing Exception:       MaxDelay Path 20.000ns

    Location             Delay type                Incr(ns)  Path(ns)    Netlist Resource(s)
  -------------------------------------------------------------------    -------------------
                         (clock tck fall edge)        0.000     0.000 f  
                         input delay                  5.000     5.000    
    V12                                               0.000     5.000 f  tms (IN)
                         net (fo=0)                   0.000     5.000    tms
    V12                  IBUF (Prop_ibuf_I_O)         0.502     5.502 f  tms_IBUF_inst/O
                         net (fo=16, routed)          0.734     6.237    i_dmi_jtag/i_dmi_jtag_tap/tms_IBUF
    SLICE_X110Y91        LUT2 (Prop_lut2_I1_O)        0.056     6.293 r  i_dmi_jtag/i_dmi_jtag_tap/FSM_onehot_tap_state_q[10]_i_1/O
                         net (fo=1, routed)           0.000     6.293    i_dmi_jtag/i_dmi_jtag_tap/FSM_onehot_tap_state_q[10]_i_1_n_1
    SLICE_X110Y91        FDCE                                         r  i_dmi_jtag/i_dmi_jtag_tap/FSM_onehot_tap_state_q_reg[10]/D
  -------------------------------------------------------------------    -------------------

                         max delay                   20.000    20.000    
    H15                                               0.000    20.000 r  tck (IN)
                         net (fo=0)                   0.000    20.000    tck
    H15                  IBUF (Prop_ibuf_I_O)         0.268    20.268 r  tck_IBUF_inst/O
                         net (fo=1, routed)           1.516    21.784    tck_IBUF
    BUFGCTRL_X0Y0        BUFG (Prop_bufg_I_O)         0.026    21.810 r  tck_IBUF_BUFG_inst/O
                         net (fo=258, routed)         0.637    22.447    i_dmi_jtag/i_dmi_jtag_tap/CLK
    SLICE_X110Y91        FDCE                                         r  i_dmi_jtag/i_dmi_jtag_tap/FSM_onehot_tap_state_q_reg[10]/C
                         clock pessimism              0.000    22.447    
                         clock uncertainty           -0.501    21.946    
    SLICE_X110Y91        FDCE (Setup_fdce_C_D)        0.013    21.959    i_dmi_jtag/i_dmi_jtag_tap/FSM_onehot_tap_state_q_reg[10]
  -------------------------------------------------------------------
                         required time                         21.959    
                         arrival time                          -6.293    
  -------------------------------------------------------------------
                         slack                                 15.666    

Slack (MET) :             15.687ns  (required time - arrival time)
  Source:                 tms
                            (input port clocked by tck  {rise@0.000ns fall@50.000ns period=100.000ns})
  Destination:            i_dmi_jtag/i_dmi_jtag_tap/FSM_onehot_tap_state_q_reg[9]/D
                            (rising edge-triggered cell FDCE clocked by tck  {rise@0.000ns fall@50.000ns period=100.000ns})
  Path Group:             tck
  Path Type:              Setup (Max at Fast Process Corner)
  Requirement:            20.000ns  (MaxDelay Path 20.000ns)
  Data Path Delay:        1.295ns  (logic 0.555ns (42.876%)  route 0.740ns (57.124%))
  Logic Levels:           2  (IBUF=1 LUT3=1)
  Input Delay:            5.000ns
  Clock Path Skew:        2.447ns (DCD - SCD + CPR)
    Destination Clock Delay (DCD):    2.447ns
    Source Clock Delay      (SCD):    0.000ns
    Clock Pessimism Removal (CPR):    0.000ns
  Clock Uncertainty:      0.501ns  ((TSJ^2 + TIJ^2)^1/2 + DJ) / 2 + PE
    Total System Jitter     (TSJ):    0.071ns
    Total Input Jitter      (TIJ):    1.000ns
    Discrete Jitter          (DJ):    0.000ns
    Phase Error              (PE):    0.000ns
  Timing Exception:       MaxDelay Path 20.000ns

    Location             Delay type                Incr(ns)  Path(ns)    Netlist Resource(s)
  -------------------------------------------------------------------    -------------------
                         (clock tck fall edge)        0.000     0.000 f  
                         input delay                  5.000     5.000    
    V12                                               0.000     5.000 r  tms (IN)
                         net (fo=0)                   0.000     5.000    tms
    V12                  IBUF (Prop_ibuf_I_O)         0.502     5.502 r  tms_IBUF_inst/O
                         net (fo=16, routed)          0.740     6.242    i_dmi_jtag/i_dmi_jtag_tap/tms_IBUF
    SLICE_X110Y90        LUT3 (Prop_lut3_I1_O)        0.053     6.295 r  i_dmi_jtag/i_dmi_jtag_tap/FSM_onehot_tap_state_q[9]_i_1/O
                         net (fo=1, routed)           0.000     6.295    i_dmi_jtag/i_dmi_jtag_tap/FSM_onehot_tap_state_q[9]_i_1_n_1
    SLICE_X110Y90        FDCE                                         r  i_dmi_jtag/i_dmi_jtag_tap/FSM_onehot_tap_state_q_reg[9]/D
  -------------------------------------------------------------------    -------------------

                         max delay                   20.000    20.000    
    H15                                               0.000    20.000 r  tck (IN)
                         net (fo=0)                   0.000    20.000    tck
    H15                  IBUF (Prop_ibuf_I_O)         0.268    20.268 r  tck_IBUF_inst/O
                         net (fo=1, routed)           1.516    21.784    tck_IBUF
    BUFGCTRL_X0Y0        BUFG (Prop_bufg_I_O)         0.026    21.810 r  tck_IBUF_BUFG_inst/O
                         net (fo=258, routed)         0.637    22.447    i_dmi_jtag/i_dmi_jtag_tap/CLK
    SLICE_X110Y90        FDCE                                         r  i_dmi_jtag/i_dmi_jtag_tap/FSM_onehot_tap_state_q_reg[9]/C
                         clock pessimism              0.000    22.447    
                         clock uncertainty           -0.501    21.946    
    SLICE_X110Y90        FDCE (Setup_fdce_C_D)        0.036    21.982    i_dmi_jtag/i_dmi_jtag_tap/FSM_onehot_tap_state_q_reg[9]
  -------------------------------------------------------------------
                         required time                         21.982    
                         arrival time                          -6.295    
  -------------------------------------------------------------------
                         slack                                 15.687    





Min Delay Paths
--------------------------------------------------------------------------------------
Slack (MET) :             0.106ns  (arrival time - required time)
  Source:                 i_dmi_jtag/i_dmi_cdc/i_cdc_resp/i_dst/data_dst_q_reg[data][4]/C
                            (rising edge-triggered cell FDCE clocked by tck  {rise@0.000ns fall@50.000ns period=100.000ns})
  Destination:            i_dmi_jtag/data_q_reg[4]/D
                            (rising edge-triggered cell FDCE clocked by tck  {rise@0.000ns fall@50.000ns period=100.000ns})
  Path Group:             tck
  Path Type:              Hold (Min at Fast Process Corner)
  Requirement:            0.000ns  (tck rise@0.000ns - tck rise@0.000ns)
  Data Path Delay:        0.240ns  (logic 0.186ns (77.466%)  route 0.054ns (22.534%))
  Logic Levels:           1  (LUT4=1)
  Clock Path Skew:        0.013ns (DCD - SCD - CPR)
    Destination Clock Delay (DCD):    3.122ns
    Source Clock Delay      (SCD):    2.416ns
    Clock Pessimism Removal (CPR):    0.693ns

    Location             Delay type                Incr(ns)  Path(ns)    Netlist Resource(s)
  -------------------------------------------------------------------    -------------------
                         (clock tck rise edge)        0.000     0.000 r  
    H15                                               0.000     0.000 r  tck (IN)
                         net (fo=0)                   0.000     0.000    tck
    H15                  IBUF (Prop_ibuf_I_O)         0.268     0.268 r  tck_IBUF_inst/O
                         net (fo=1, routed)           1.516     1.784    tck_IBUF
    BUFGCTRL_X0Y0        BUFG (Prop_bufg_I_O)         0.026     1.810 r  tck_IBUF_BUFG_inst/O
                         net (fo=258, routed)         0.606     2.416    i_dmi_jtag/i_dmi_cdc/i_cdc_resp/i_dst/CLK
    SLICE_X101Y85        FDCE                                         r  i_dmi_jtag/i_dmi_cdc/i_cdc_resp/i_dst/data_dst_q_reg[data][4]/C
  -------------------------------------------------------------------    -------------------
    SLICE_X101Y85        FDCE (Prop_fdce_C_Q)         0.141     2.557 r  i_dmi_jtag/i_dmi_cdc/i_cdc_resp/i_dst/data_dst_q_reg[data][4]/Q
                         net (fo=1, routed)           0.054     2.611    i_dmi_jtag/i_dmi_cdc/i_cdc_resp/i_dst/data_dst_q[data][4]
    SLICE_X100Y85        LUT4 (Prop_lut4_I0_O)        0.045     2.656 r  i_dmi_jtag/i_dmi_cdc/i_cdc_resp/i_dst/data_q[4]_i_1/O
                         net (fo=1, routed)           0.000     2.656    i_dmi_jtag/i_dmi_cdc_n_257
    SLICE_X100Y85        FDCE                                         r  i_dmi_jtag/data_q_reg[4]/D
  -------------------------------------------------------------------    -------------------

                         (clock tck rise edge)        0.000     0.000 r  
    H15                                               0.000     0.000 r  tck (IN)
                         net (fo=0)                   0.000     0.000    tck
    H15                  IBUF (Prop_ibuf_I_O)         0.456     0.456 r  tck_IBUF_inst/O
                         net (fo=1, routed)           1.762     2.218    tck_IBUF
    BUFGCTRL_X0Y0        BUFG (Prop_bufg_I_O)         0.029     2.247 r  tck_IBUF_BUFG_inst/O
                         net (fo=258, routed)         0.875     3.122    i_dmi_jtag/CLK
    SLICE_X100Y85        FDCE                                         r  i_dmi_jtag/data_q_reg[4]/C
                         clock pessimism             -0.693     2.429    
    SLICE_X100Y85        FDCE (Hold_fdce_C_D)         0.121     2.550    i_dmi_jtag/data_q_reg[4]
  -------------------------------------------------------------------
                         required time                         -2.550    
                         arrival time                           2.656    
  -------------------------------------------------------------------
                         slack                                  0.106    

Slack (MET) :             0.141ns  (arrival time - required time)
  Source:                 i_dmi_jtag/i_dmi_cdc/i_cdc_resp/i_dst/data_dst_q_reg[data][5]/C
                            (rising edge-triggered cell FDCE clocked by tck  {rise@0.000ns fall@50.000ns period=100.000ns})
  Destination:            i_dmi_jtag/data_q_reg[5]/D
                            (rising edge-triggered cell FDCE clocked by tck  {rise@0.000ns fall@50.000ns period=100.000ns})
  Path Group:             tck
  Path Type:              Hold (Min at Fast Process Corner)
  Requirement:            0.000ns  (tck rise@0.000ns - tck rise@0.000ns)
  Data Path Delay:        0.275ns  (logic 0.186ns (67.611%)  route 0.089ns (32.389%))
  Logic Levels:           1  (LUT4=1)
  Clock Path Skew:        0.013ns (DCD - SCD - CPR)
    Destination Clock Delay (DCD):    3.122ns
    Source Clock Delay      (SCD):    2.416ns
    Clock Pessimism Removal (CPR):    0.693ns

    Location             Delay type                Incr(ns)  Path(ns)    Netlist Resource(s)
  -------------------------------------------------------------------    -------------------
                         (clock tck rise edge)        0.000     0.000 r  
    H15                                               0.000     0.000 r  tck (IN)
                         net (fo=0)                   0.000     0.000    tck
    H15                  IBUF (Prop_ibuf_I_O)         0.268     0.268 r  tck_IBUF_inst/O
                         net (fo=1, routed)           1.516     1.784    tck_IBUF
    BUFGCTRL_X0Y0        BUFG (Prop_bufg_I_O)         0.026     1.810 r  tck_IBUF_BUFG_inst/O
                         net (fo=258, routed)         0.606     2.416    i_dmi_jtag/i_dmi_cdc/i_cdc_resp/i_dst/CLK
    SLICE_X101Y85        FDCE                                         r  i_dmi_jtag/i_dmi_cdc/i_cdc_resp/i_dst/data_dst_q_reg[data][5]/C
  -------------------------------------------------------------------    -------------------
    SLICE_X101Y85        FDCE (Prop_fdce_C_Q)         0.141     2.557 r  i_dmi_jtag/i_dmi_cdc/i_cdc_resp/i_dst/data_dst_q_reg[data][5]/Q
                         net (fo=1, routed)           0.089     2.646    i_dmi_jtag/i_dmi_cdc/i_cdc_resp/i_dst/data_dst_q[data][5]
    SLICE_X100Y85        LUT4 (Prop_lut4_I0_O)        0.045     2.691 r  i_dmi_jtag/i_dmi_cdc/i_cdc_resp/i_dst/data_q[5]_i_1/O
                         net (fo=1, routed)           0.000     2.691    i_dmi_jtag/i_dmi_cdc_n_256
    SLICE_X100Y85        FDCE                                         r  i_dmi_jtag/data_q_reg[5]/D
  -------------------------------------------------------------------    -------------------

                         (clock tck rise edge)        0.000     0.000 r  
    H15                                               0.000     0.000 r  tck (IN)
                         net (fo=0)                   0.000     0.000    tck
    H15                  IBUF (Prop_ibuf_I_O)         0.456     0.456 r  tck_IBUF_inst/O
                         net (fo=1, routed)           1.762     2.218    tck_IBUF
    BUFGCTRL_X0Y0        BUFG (Prop_bufg_I_O)         0.029     2.247 r  tck_IBUF_BUFG_inst/O
                         net (fo=258, routed)         0.875     3.122    i_dmi_jtag/CLK
    SLICE_X100Y85        FDCE                                         r  i_dmi_jtag/data_q_reg[5]/C
                         clock pessimism             -0.693     2.429    
    SLICE_X100Y85        FDCE (Hold_fdce_C_D)         0.121     2.550    i_dmi_jtag/data_q_reg[5]
  -------------------------------------------------------------------
                         required time                         -2.550    
                         arrival time                           2.691    
  -------------------------------------------------------------------
                         slack                                  0.141    

Slack (MET) :             0.143ns  (arrival time - required time)
  Source:                 i_dmi_jtag/dr_q_reg[29]/C
                            (rising edge-triggered cell FDCE clocked by tck  {rise@0.000ns fall@50.000ns period=100.000ns})
  Destination:            i_dmi_jtag/data_q_reg[27]/D
                            (rising edge-triggered cell FDCE clocked by tck  {rise@0.000ns fall@50.000ns period=100.000ns})
  Path Group:             tck
  Path Type:              Hold (Min at Fast Process Corner)
  Requirement:            0.000ns  (tck rise@0.000ns - tck rise@0.000ns)
  Data Path Delay:        0.277ns  (logic 0.186ns (67.098%)  route 0.091ns (32.902%))
  Logic Levels:           1  (LUT4=1)
  Clock Path Skew:        0.013ns (DCD - SCD - CPR)
    Destination Clock Delay (DCD):    3.125ns
    Source Clock Delay      (SCD):    2.418ns
    Clock Pessimism Removal (CPR):    0.694ns

    Location             Delay type                Incr(ns)  Path(ns)    Netlist Resource(s)
  -------------------------------------------------------------------    -------------------
                         (clock tck rise edge)        0.000     0.000 r  
    H15                                               0.000     0.000 r  tck (IN)
                         net (fo=0)                   0.000     0.000    tck
    H15                  IBUF (Prop_ibuf_I_O)         0.268     0.268 r  tck_IBUF_inst/O
                         net (fo=1, routed)           1.516     1.784    tck_IBUF
    BUFGCTRL_X0Y0        BUFG (Prop_bufg_I_O)         0.026     1.810 r  tck_IBUF_BUFG_inst/O
                         net (fo=258, routed)         0.608     2.418    i_dmi_jtag/CLK
    SLICE_X95Y90         FDCE                                         r  i_dmi_jtag/dr_q_reg[29]/C
  -------------------------------------------------------------------    -------------------
    SLICE_X95Y90         FDCE (Prop_fdce_C_Q)         0.141     2.559 r  i_dmi_jtag/dr_q_reg[29]/Q
                         net (fo=2, routed)           0.091     2.650    i_dmi_jtag/i_dmi_cdc/i_cdc_resp/i_dst/data_q_reg[31][29]
    SLICE_X94Y90         LUT4 (Prop_lut4_I3_O)        0.045     2.695 r  i_dmi_jtag/i_dmi_cdc/i_cdc_resp/i_dst/data_q[27]_i_1/O
                         net (fo=1, routed)           0.000     2.695    i_dmi_jtag/i_dmi_cdc_n_234
    SLICE_X94Y90         FDCE                                         r  i_dmi_jtag/data_q_reg[27]/D
  -------------------------------------------------------------------    -------------------

                         (clock tck rise edge)        0.000     0.000 r  
    H15                                               0.000     0.000 r  tck (IN)
                         net (fo=0)                   0.000     0.000    tck
    H15                  IBUF (Prop_ibuf_I_O)         0.456     0.456 r  tck_IBUF_inst/O
                         net (fo=1, routed)           1.762     2.218    tck_IBUF
    BUFGCTRL_X0Y0        BUFG (Prop_bufg_I_O)         0.029     2.247 r  tck_IBUF_BUFG_inst/O
                         net (fo=258, routed)         0.878     3.125    i_dmi_jtag/CLK
    SLICE_X94Y90         FDCE                                         r  i_dmi_jtag/data_q_reg[27]/C
                         clock pessimism             -0.694     2.431    
    SLICE_X94Y90         FDCE (Hold_fdce_C_D)         0.121     2.552    i_dmi_jtag/data_q_reg[27]
  -------------------------------------------------------------------
                         required time                         -2.552    
                         arrival time                           2.695    
  -------------------------------------------------------------------
                         slack                                  0.143    

Slack (MET) :             0.152ns  (arrival time - required time)
  Source:                 i_dmi_jtag/dr_q_reg[2]/C
                            (rising edge-triggered cell FDCE clocked by tck  {rise@0.000ns fall@50.000ns period=100.000ns})
  Destination:            i_dmi_jtag/data_q_reg[0]/D
                            (rising edge-triggered cell FDCE clocked by tck  {rise@0.000ns fall@50.000ns period=100.000ns})
  Path Group:             tck
  Path Type:              Hold (Min at Fast Process Corner)
  Requirement:            0.000ns  (tck rise@0.000ns - tck rise@0.000ns)
  Data Path Delay:        0.285ns  (logic 0.186ns (65.194%)  route 0.099ns (34.806%))
  Logic Levels:           1  (LUT4=1)
  Clock Path Skew:        0.013ns (DCD - SCD - CPR)
    Destination Clock Delay (DCD):    3.123ns
    Source Clock Delay      (SCD):    2.416ns
    Clock Pessimism Removal (CPR):    0.694ns

    Location             Delay type                Incr(ns)  Path(ns)    Netlist Resource(s)
  -------------------------------------------------------------------    -------------------
                         (clock tck rise edge)        0.000     0.000 r  
    H15                                               0.000     0.000 r  tck (IN)
                         net (fo=0)                   0.000     0.000    tck
    H15                  IBUF (Prop_ibuf_I_O)         0.268     0.268 r  tck_IBUF_inst/O
                         net (fo=1, routed)           1.516     1.784    tck_IBUF
    BUFGCTRL_X0Y0        BUFG (Prop_bufg_I_O)         0.026     1.810 r  tck_IBUF_BUFG_inst/O
                         net (fo=258, routed)         0.606     2.416    i_dmi_jtag/CLK
    SLICE_X105Y86        FDCE                                         r  i_dmi_jtag/dr_q_reg[2]/C
  -------------------------------------------------------------------    -------------------
    SLICE_X105Y86        FDCE (Prop_fdce_C_Q)         0.141     2.557 r  i_dmi_jtag/dr_q_reg[2]/Q
                         net (fo=2, routed)           0.099     2.656    i_dmi_jtag/i_dmi_cdc/i_cdc_resp/i_dst/data_q_reg[31][2]
    SLICE_X104Y86        LUT4 (Prop_lut4_I3_O)        0.045     2.701 r  i_dmi_jtag/i_dmi_cdc/i_cdc_resp/i_dst/data_q[0]_i_1/O
                         net (fo=1, routed)           0.000     2.701    i_dmi_jtag/i_dmi_cdc_n_261
    SLICE_X104Y86        FDCE                                         r  i_dmi_jtag/data_q_reg[0]/D
  -------------------------------------------------------------------    -------------------

                         (clock tck rise edge)        0.000     0.000 r  
    H15                                               0.000     0.000 r  tck (IN)
                         net (fo=0)                   0.000     0.000    tck
    H15                  IBUF (Prop_ibuf_I_O)         0.456     0.456 r  tck_IBUF_inst/O
                         net (fo=1, routed)           1.762     2.218    tck_IBUF
    BUFGCTRL_X0Y0        BUFG (Prop_bufg_I_O)         0.029     2.247 r  tck_IBUF_BUFG_inst/O
                         net (fo=258, routed)         0.876     3.123    i_dmi_jtag/CLK
    SLICE_X104Y86        FDCE                                         r  i_dmi_jtag/data_q_reg[0]/C
                         clock pessimism             -0.694     2.429    
    SLICE_X104Y86        FDCE (Hold_fdce_C_D)         0.120     2.549    i_dmi_jtag/data_q_reg[0]
  -------------------------------------------------------------------
                         required time                         -2.549    
                         arrival time                           2.701    
  -------------------------------------------------------------------
                         slack                                  0.152    

Slack (MET) :             0.152ns  (arrival time - required time)
  Source:                 i_dmi_jtag/dr_q_reg[25]/C
                            (rising edge-triggered cell FDCE clocked by tck  {rise@0.000ns fall@50.000ns period=100.000ns})
  Destination:            i_dmi_jtag/data_q_reg[23]/D
                            (rising edge-triggered cell FDCE clocked by tck  {rise@0.000ns fall@50.000ns period=100.000ns})
  Path Group:             tck
  Path Type:              Hold (Min at Fast Process Corner)
  Requirement:            0.000ns  (tck rise@0.000ns - tck rise@0.000ns)
  Data Path Delay:        0.285ns  (logic 0.186ns (65.194%)  route 0.099ns (34.806%))
  Logic Levels:           1  (LUT4=1)
  Clock Path Skew:        0.013ns (DCD - SCD - CPR)
    Destination Clock Delay (DCD):    3.125ns
    Source Clock Delay      (SCD):    2.418ns
    Clock Pessimism Removal (CPR):    0.694ns

    Location             Delay type                Incr(ns)  Path(ns)    Netlist Resource(s)
  -------------------------------------------------------------------    -------------------
                         (clock tck rise edge)        0.000     0.000 r  
    H15                                               0.000     0.000 r  tck (IN)
                         net (fo=0)                   0.000     0.000    tck
    H15                  IBUF (Prop_ibuf_I_O)         0.268     0.268 r  tck_IBUF_inst/O
                         net (fo=1, routed)           1.516     1.784    tck_IBUF
    BUFGCTRL_X0Y0        BUFG (Prop_bufg_I_O)         0.026     1.810 r  tck_IBUF_BUFG_inst/O
                         net (fo=258, routed)         0.608     2.418    i_dmi_jtag/CLK
    SLICE_X95Y90         FDCE                                         r  i_dmi_jtag/dr_q_reg[25]/C
  -------------------------------------------------------------------    -------------------
    SLICE_X95Y90         FDCE (Prop_fdce_C_Q)         0.141     2.559 r  i_dmi_jtag/dr_q_reg[25]/Q
                         net (fo=2, routed)           0.099     2.658    i_dmi_jtag/i_dmi_cdc/i_cdc_resp/i_dst/data_q_reg[31][25]
    SLICE_X94Y90         LUT4 (Prop_lut4_I3_O)        0.045     2.703 r  i_dmi_jtag/i_dmi_cdc/i_cdc_resp/i_dst/data_q[23]_i_1/O
                         net (fo=1, routed)           0.000     2.703    i_dmi_jtag/i_dmi_cdc_n_238
    SLICE_X94Y90         FDCE                                         r  i_dmi_jtag/data_q_reg[23]/D
  -------------------------------------------------------------------    -------------------

                         (clock tck rise edge)        0.000     0.000 r  
    H15                                               0.000     0.000 r  tck (IN)
                         net (fo=0)                   0.000     0.000    tck
    H15                  IBUF (Prop_ibuf_I_O)         0.456     0.456 r  tck_IBUF_inst/O
                         net (fo=1, routed)           1.762     2.218    tck_IBUF
    BUFGCTRL_X0Y0        BUFG (Prop_bufg_I_O)         0.029     2.247 r  tck_IBUF_BUFG_inst/O
                         net (fo=258, routed)         0.878     3.125    i_dmi_jtag/CLK
    SLICE_X94Y90         FDCE                                         r  i_dmi_jtag/data_q_reg[23]/C
                         clock pessimism             -0.694     2.431    
    SLICE_X94Y90         FDCE (Hold_fdce_C_D)         0.120     2.551    i_dmi_jtag/data_q_reg[23]
  -------------------------------------------------------------------
                         required time                         -2.551    
                         arrival time                           2.703    
  -------------------------------------------------------------------
                         slack                                  0.152    

Slack (MET) :             0.164ns  (arrival time - required time)
  Source:                 i_dmi_jtag/data_q_reg[18]/C
                            (rising edge-triggered cell FDCE clocked by tck  {rise@0.000ns fall@50.000ns period=100.000ns})
  Destination:            i_dmi_jtag/dr_q_reg[20]/D
                            (rising edge-triggered cell FDCE clocked by tck  {rise@0.000ns fall@50.000ns period=100.000ns})
  Path Group:             tck
  Path Type:              Hold (Min at Fast Process Corner)
  Requirement:            0.000ns  (tck rise@0.000ns - tck rise@0.000ns)
  Data Path Delay:        0.300ns  (logic 0.186ns (61.937%)  route 0.114ns (38.063%))
  Logic Levels:           1  (LUT4=1)
  Clock Path Skew:        0.016ns (DCD - SCD - CPR)
    Destination Clock Delay (DCD):    3.125ns
    Source Clock Delay      (SCD):    2.418ns
    Clock Pessimism Removal (CPR):    0.691ns

    Location             Delay type                Incr(ns)  Path(ns)    Netlist Resource(s)
  -------------------------------------------------------------------    -------------------
                         (clock tck rise edge)        0.000     0.000 r  
    H15                                               0.000     0.000 r  tck (IN)
                         net (fo=0)                   0.000     0.000    tck
    H15                  IBUF (Prop_ibuf_I_O)         0.268     0.268 r  tck_IBUF_inst/O
                         net (fo=1, routed)           1.516     1.784    tck_IBUF
    BUFGCTRL_X0Y0        BUFG (Prop_bufg_I_O)         0.026     1.810 r  tck_IBUF_BUFG_inst/O
                         net (fo=258, routed)         0.608     2.418    i_dmi_jtag/CLK
    SLICE_X95Y91         FDCE                                         r  i_dmi_jtag/data_q_reg[18]/C
  -------------------------------------------------------------------    -------------------
    SLICE_X95Y91         FDCE (Prop_fdce_C_Q)         0.141     2.559 r  i_dmi_jtag/data_q_reg[18]/Q
                         net (fo=2, routed)           0.114     2.673    i_dmi_jtag/i_dmi_jtag_tap/dr_q_reg[33][18]
    SLICE_X96Y91         LUT4 (Prop_lut4_I3_O)        0.045     2.718 r  i_dmi_jtag/i_dmi_jtag_tap/dr_q[20]_i_1/O
                         net (fo=1, routed)           0.000     2.718    i_dmi_jtag/dr_d[20]
    SLICE_X96Y91         FDCE                                         r  i_dmi_jtag/dr_q_reg[20]/D
  -------------------------------------------------------------------    -------------------

                         (clock tck rise edge)        0.000     0.000 r  
    H15                                               0.000     0.000 r  tck (IN)
                         net (fo=0)                   0.000     0.000    tck
    H15                  IBUF (Prop_ibuf_I_O)         0.456     0.456 r  tck_IBUF_inst/O
                         net (fo=1, routed)           1.762     2.218    tck_IBUF
    BUFGCTRL_X0Y0        BUFG (Prop_bufg_I_O)         0.029     2.247 r  tck_IBUF_BUFG_inst/O
                         net (fo=258, routed)         0.878     3.125    i_dmi_jtag/CLK
    SLICE_X96Y91         FDCE                                         r  i_dmi_jtag/dr_q_reg[20]/C
                         clock pessimism             -0.691     2.434    
    SLICE_X96Y91         FDCE (Hold_fdce_C_D)         0.120     2.554    i_dmi_jtag/dr_q_reg[20]
  -------------------------------------------------------------------
                         required time                         -2.554    
                         arrival time                           2.718    
  -------------------------------------------------------------------
                         slack                                  0.164    

Slack (MET) :             0.168ns  (arrival time - required time)
  Source:                 i_dmi_jtag/i_dmi_jtag_tap/dtmcs_q_reg[dmistat][10]/C
                            (rising edge-triggered cell FDCE clocked by tck  {rise@0.000ns fall@50.000ns period=100.000ns})
  Destination:            i_dmi_jtag/i_dmi_jtag_tap/dtmcs_q_reg[abits][9]/D
                            (rising edge-triggered cell FDCE clocked by tck  {rise@0.000ns fall@50.000ns period=100.000ns})
  Path Group:             tck
  Path Type:              Hold (Min at Fast Process Corner)
  Requirement:            0.000ns  (tck rise@0.000ns - tck rise@0.000ns)
  Data Path Delay:        0.273ns  (logic 0.186ns (68.212%)  route 0.087ns (31.788%))
  Logic Levels:           1  (LUT2=1)
  Clock Path Skew:        0.013ns (DCD - SCD - CPR)
    Destination Clock Delay (DCD):    3.151ns
    Source Clock Delay      (SCD):    2.444ns
    Clock Pessimism Removal (CPR):    0.694ns

    Location             Delay type                Incr(ns)  Path(ns)    Netlist Resource(s)
  -------------------------------------------------------------------    -------------------
                         (clock tck rise edge)        0.000     0.000 r  
    H15                                               0.000     0.000 r  tck (IN)
                         net (fo=0)                   0.000     0.000    tck
    H15                  IBUF (Prop_ibuf_I_O)         0.268     0.268 r  tck_IBUF_inst/O
                         net (fo=1, routed)           1.516     1.784    tck_IBUF
    BUFGCTRL_X0Y0        BUFG (Prop_bufg_I_O)         0.026     1.810 r  tck_IBUF_BUFG_inst/O
                         net (fo=258, routed)         0.634     2.444    i_dmi_jtag/i_dmi_jtag_tap/CLK
    SLICE_X110Y84        FDCE                                         r  i_dmi_jtag/i_dmi_jtag_tap/dtmcs_q_reg[dmistat][10]/C
  -------------------------------------------------------------------    -------------------
    SLICE_X110Y84        FDCE (Prop_fdce_C_Q)         0.141     2.585 r  i_dmi_jtag/i_dmi_jtag_tap/dtmcs_q_reg[dmistat][10]/Q
                         net (fo=1, routed)           0.087     2.672    i_dmi_jtag/i_dmi_jtag_tap/p_0_in__0[10]
    SLICE_X111Y84        LUT2 (Prop_lut2_I0_O)        0.045     2.717 r  i_dmi_jtag/i_dmi_jtag_tap/dtmcs_q[abits][9]_i_1/O
                         net (fo=1, routed)           0.000     2.717    i_dmi_jtag/i_dmi_jtag_tap/dtmcs_d[abits][9]
    SLICE_X111Y84        FDCE                                         r  i_dmi_jtag/i_dmi_jtag_tap/dtmcs_q_reg[abits][9]/D
  -------------------------------------------------------------------    -------------------

                         (clock tck rise edge)        0.000     0.000 r  
    H15                                               0.000     0.000 r  tck (IN)
                         net (fo=0)                   0.000     0.000    tck
    H15                  IBUF (Prop_ibuf_I_O)         0.456     0.456 r  tck_IBUF_inst/O
                         net (fo=1, routed)           1.762     2.218    tck_IBUF
    BUFGCTRL_X0Y0        BUFG (Prop_bufg_I_O)         0.029     2.247 r  tck_IBUF_BUFG_inst/O
                         net (fo=258, routed)         0.904     3.151    i_dmi_jtag/i_dmi_jtag_tap/CLK
    SLICE_X111Y84        FDCE                                         r  i_dmi_jtag/i_dmi_jtag_tap/dtmcs_q_reg[abits][9]/C
                         clock pessimism             -0.694     2.457    
    SLICE_X111Y84        FDCE (Hold_fdce_C_D)         0.092     2.549    i_dmi_jtag/i_dmi_jtag_tap/dtmcs_q_reg[abits][9]
  -------------------------------------------------------------------
                         required time                         -2.549    
                         arrival time                           2.717    
  -------------------------------------------------------------------
                         slack                                  0.168    

Slack (MET) :             0.177ns  (arrival time - required time)
  Source:                 i_dmi_jtag/dr_q_reg[4]/C
                            (rising edge-triggered cell FDCE clocked by tck  {rise@0.000ns fall@50.000ns period=100.000ns})
  Destination:            i_dmi_jtag/dr_q_reg[3]/D
                            (rising edge-triggered cell FDCE clocked by tck  {rise@0.000ns fall@50.000ns period=100.000ns})
  Path Group:             tck
  Path Type:              Hold (Min at Fast Process Corner)
  Requirement:            0.000ns  (tck rise@0.000ns - tck rise@0.000ns)
  Data Path Delay:        0.305ns  (logic 0.186ns (61.038%)  route 0.119ns (38.962%))
  Logic Levels:           1  (LUT4=1)
  Clock Path Skew:        0.036ns (DCD - SCD - CPR)
    Destination Clock Delay (DCD):    3.123ns
    Source Clock Delay      (SCD):    2.416ns
    Clock Pessimism Removal (CPR):    0.671ns

    Location             Delay type                Incr(ns)  Path(ns)    Netlist Resource(s)
  -------------------------------------------------------------------    -------------------
                         (clock tck rise edge)        0.000     0.000 r  
    H15                                               0.000     0.000 r  tck (IN)
                         net (fo=0)                   0.000     0.000    tck
    H15                  IBUF (Prop_ibuf_I_O)         0.268     0.268 r  tck_IBUF_inst/O
                         net (fo=1, routed)           1.516     1.784    tck_IBUF
    BUFGCTRL_X0Y0        BUFG (Prop_bufg_I_O)         0.026     1.810 r  tck_IBUF_BUFG_inst/O
                         net (fo=258, routed)         0.606     2.416    i_dmi_jtag/CLK
    SLICE_X103Y86        FDCE                                         r  i_dmi_jtag/dr_q_reg[4]/C
  -------------------------------------------------------------------    -------------------
    SLICE_X103Y86        FDCE (Prop_fdce_C_Q)         0.141     2.557 r  i_dmi_jtag/dr_q_reg[4]/Q
                         net (fo=2, routed)           0.119     2.676    i_dmi_jtag/i_dmi_jtag_tap/Q[4]
    SLICE_X105Y86        LUT4 (Prop_lut4_I0_O)        0.045     2.721 r  i_dmi_jtag/i_dmi_jtag_tap/dr_q[3]_i_1/O
                         net (fo=1, routed)           0.000     2.721    i_dmi_jtag/dr_d[3]
    SLICE_X105Y86        FDCE                                         r  i_dmi_jtag/dr_q_reg[3]/D
  -------------------------------------------------------------------    -------------------

                         (clock tck rise edge)        0.000     0.000 r  
    H15                                               0.000     0.000 r  tck (IN)
                         net (fo=0)                   0.000     0.000    tck
    H15                  IBUF (Prop_ibuf_I_O)         0.456     0.456 r  tck_IBUF_inst/O
                         net (fo=1, routed)           1.762     2.218    tck_IBUF
    BUFGCTRL_X0Y0        BUFG (Prop_bufg_I_O)         0.029     2.247 r  tck_IBUF_BUFG_inst/O
                         net (fo=258, routed)         0.876     3.123    i_dmi_jtag/CLK
    SLICE_X105Y86        FDCE                                         r  i_dmi_jtag/dr_q_reg[3]/C
                         clock pessimism             -0.671     2.452    
    SLICE_X105Y86        FDCE (Hold_fdce_C_D)         0.092     2.544    i_dmi_jtag/dr_q_reg[3]
  -------------------------------------------------------------------
                         required time                         -2.544    
                         arrival time                           2.721    
  -------------------------------------------------------------------
                         slack                                  0.177    

Slack (MET) :             0.179ns  (arrival time - required time)
  Source:                 i_dmi_jtag/data_q_reg[17]/C
                            (rising edge-triggered cell FDCE clocked by tck  {rise@0.000ns fall@50.000ns period=100.000ns})
  Destination:            i_dmi_jtag/i_dmi_cdc/i_cdc_req/i_src/data_src_q_reg[data][17]/D
                            (rising edge-triggered cell FDCE clocked by tck  {rise@0.000ns fall@50.000ns period=100.000ns})
  Path Group:             tck
  Path Type:              Hold (Min at Fast Process Corner)
  Requirement:            0.000ns  (tck rise@0.000ns - tck rise@0.000ns)
  Data Path Delay:        0.266ns  (logic 0.141ns (52.980%)  route 0.125ns (47.020%))
  Logic Levels:           0  
  Clock Path Skew:        0.015ns (DCD - SCD - CPR)
    Destination Clock Delay (DCD):    3.125ns
    Source Clock Delay      (SCD):    2.419ns
    Clock Pessimism Removal (CPR):    0.691ns

    Location             Delay type                Incr(ns)  Path(ns)    Netlist Resource(s)
  -------------------------------------------------------------------    -------------------
                         (clock tck rise edge)        0.000     0.000 r  
    H15                                               0.000     0.000 r  tck (IN)
                         net (fo=0)                   0.000     0.000    tck
    H15                  IBUF (Prop_ibuf_I_O)         0.268     0.268 r  tck_IBUF_inst/O
                         net (fo=1, routed)           1.516     1.784    tck_IBUF
    BUFGCTRL_X0Y0        BUFG (Prop_bufg_I_O)         0.026     1.810 r  tck_IBUF_BUFG_inst/O
                         net (fo=258, routed)         0.609     2.419    i_dmi_jtag/CLK
    SLICE_X99Y90         FDCE                                         r  i_dmi_jtag/data_q_reg[17]/C
  -------------------------------------------------------------------    -------------------
    SLICE_X99Y90         FDCE (Prop_fdce_C_Q)         0.141     2.560 r  i_dmi_jtag/data_q_reg[17]/Q
                         net (fo=2, routed)           0.125     2.685    i_dmi_jtag/i_dmi_cdc/i_cdc_req/i_src/data_src_q_reg[data][31]_0[17]
    SLICE_X99Y89         FDCE                                         r  i_dmi_jtag/i_dmi_cdc/i_cdc_req/i_src/data_src_q_reg[data][17]/D
  -------------------------------------------------------------------    -------------------

                         (clock tck rise edge)        0.000     0.000 r  
    H15                                               0.000     0.000 r  tck (IN)
                         net (fo=0)                   0.000     0.000    tck
    H15                  IBUF (Prop_ibuf_I_O)         0.456     0.456 r  tck_IBUF_inst/O
                         net (fo=1, routed)           1.762     2.218    tck_IBUF
    BUFGCTRL_X0Y0        BUFG (Prop_bufg_I_O)         0.029     2.247 r  tck_IBUF_BUFG_inst/O
                         net (fo=258, routed)         0.878     3.125    i_dmi_jtag/i_dmi_cdc/i_cdc_req/i_src/CLK
    SLICE_X99Y89         FDCE                                         r  i_dmi_jtag/i_dmi_cdc/i_cdc_req/i_src/data_src_q_reg[data][17]/C
                         clock pessimism             -0.691     2.434    
    SLICE_X99Y89         FDCE (Hold_fdce_C_D)         0.072     2.506    i_dmi_jtag/i_dmi_cdc/i_cdc_req/i_src/data_src_q_reg[data][17]
  -------------------------------------------------------------------
                         required time                         -2.506    
                         arrival time                           2.685    
  -------------------------------------------------------------------
                         slack                                  0.179    

Slack (MET) :             0.180ns  (arrival time - required time)
  Source:                 i_dmi_jtag/data_q_reg[29]/C
                            (rising edge-triggered cell FDCE clocked by tck  {rise@0.000ns fall@50.000ns period=100.000ns})
  Destination:            i_dmi_jtag/dr_q_reg[31]/D
                            (rising edge-triggered cell FDCE clocked by tck  {rise@0.000ns fall@50.000ns period=100.000ns})
  Path Group:             tck
  Path Type:              Hold (Min at Fast Process Corner)
  Requirement:            0.000ns  (tck rise@0.000ns - tck rise@0.000ns)
  Data Path Delay:        0.317ns  (logic 0.209ns (65.916%)  route 0.108ns (34.084%))
  Logic Levels:           1  (LUT4=1)
  Clock Path Skew:        0.016ns (DCD - SCD - CPR)
    Destination Clock Delay (DCD):    3.124ns
    Source Clock Delay      (SCD):    2.417ns
    Clock Pessimism Removal (CPR):    0.691ns

    Location             Delay type                Incr(ns)  Path(ns)    Netlist Resource(s)
  -------------------------------------------------------------------    -------------------
                         (clock tck rise edge)        0.000     0.000 r  
    H15                                               0.000     0.000 r  tck (IN)
                         net (fo=0)                   0.000     0.000    tck
    H15                  IBUF (Prop_ibuf_I_O)         0.268     0.268 r  tck_IBUF_inst/O
                         net (fo=1, routed)           1.516     1.784    tck_IBUF
    BUFGCTRL_X0Y0        BUFG (Prop_bufg_I_O)         0.026     1.810 r  tck_IBUF_BUFG_inst/O
                         net (fo=258, routed)         0.607     2.417    i_dmi_jtag/CLK
    SLICE_X94Y89         FDCE                                         r  i_dmi_jtag/data_q_reg[29]/C
  -------------------------------------------------------------------    -------------------
    SLICE_X94Y89         FDCE (Prop_fdce_C_Q)         0.164     2.581 r  i_dmi_jtag/data_q_reg[29]/Q
                         net (fo=2, routed)           0.108     2.689    i_dmi_jtag/i_dmi_jtag_tap/dr_q_reg[33][29]
    SLICE_X96Y89         LUT4 (Prop_lut4_I3_O)        0.045     2.734 r  i_dmi_jtag/i_dmi_jtag_tap/dr_q[31]_i_1/O
                         net (fo=1, routed)           0.000     2.734    i_dmi_jtag/dr_d[31]
    SLICE_X96Y89         FDCE                                         r  i_dmi_jtag/dr_q_reg[31]/D
  -------------------------------------------------------------------    -------------------

                         (clock tck rise edge)        0.000     0.000 r  
    H15                                               0.000     0.000 r  tck (IN)
                         net (fo=0)                   0.000     0.000    tck
    H15                  IBUF (Prop_ibuf_I_O)         0.456     0.456 r  tck_IBUF_inst/O
                         net (fo=1, routed)           1.762     2.218    tck_IBUF
    BUFGCTRL_X0Y0        BUFG (Prop_bufg_I_O)         0.029     2.247 r  tck_IBUF_BUFG_inst/O
                         net (fo=258, routed)         0.877     3.124    i_dmi_jtag/CLK
    SLICE_X96Y89         FDCE                                         r  i_dmi_jtag/dr_q_reg[31]/C
                         clock pessimism             -0.691     2.433    
    SLICE_X96Y89         FDCE (Hold_fdce_C_D)         0.121     2.554    i_dmi_jtag/dr_q_reg[31]
  -------------------------------------------------------------------
                         required time                         -2.554    
                         arrival time                           2.734    
  -------------------------------------------------------------------
                         slack                                  0.180    





Pulse Width Checks
--------------------------------------------------------------------------------------
Clock Name:         tck
Waveform(ns):       { 0.000 50.000 }
Period(ns):         100.000
Sources:            { tck }

Check Type        Corner  Lib Pin  Reference Pin  Required(ns)  Actual(ns)  Slack(ns)  Location       Pin
Min Period        n/a     BUFG/I   n/a            2.155         100.000     97.845     BUFGCTRL_X0Y0  tck_IBUF_BUFG_inst/I
Min Period        n/a     FDCE/C   n/a            1.000         100.000     99.000     SLICE_X108Y87  i_dmi_jtag/FSM_sequential_state_q_reg[0]/C
Min Period        n/a     FDCE/C   n/a            1.000         100.000     99.000     SLICE_X108Y87  i_dmi_jtag/FSM_sequential_state_q_reg[1]/C
Min Period        n/a     FDCE/C   n/a            1.000         100.000     99.000     SLICE_X108Y87  i_dmi_jtag/FSM_sequential_state_q_reg[2]/C
Min Period        n/a     FDCE/C   n/a            1.000         100.000     99.000     SLICE_X104Y89  i_dmi_jtag/address_q_reg[0]/C
Min Period        n/a     FDCE/C   n/a            1.000         100.000     99.000     SLICE_X106Y86  i_dmi_jtag/address_q_reg[1]/C
Min Period        n/a     FDCE/C   n/a            1.000         100.000     99.000     SLICE_X106Y86  i_dmi_jtag/address_q_reg[2]/C
Min Period        n/a     FDCE/C   n/a            1.000         100.000     99.000     SLICE_X104Y89  i_dmi_jtag/address_q_reg[3]/C
Min Period        n/a     FDCE/C   n/a            1.000         100.000     99.000     SLICE_X104Y89  i_dmi_jtag/address_q_reg[4]/C
Min Period        n/a     FDCE/C   n/a            1.000         100.000     99.000     SLICE_X104Y89  i_dmi_jtag/address_q_reg[5]/C
Low Pulse Width   Slow    FDCE/C   n/a            0.500         50.000      49.500     SLICE_X108Y87  i_dmi_jtag/FSM_sequential_state_q_reg[0]/C
Low Pulse Width   Fast    FDCE/C   n/a            0.500         50.000      49.500     SLICE_X108Y87  i_dmi_jtag/FSM_sequential_state_q_reg[0]/C
Low Pulse Width   Slow    FDCE/C   n/a            0.500         50.000      49.500     SLICE_X108Y87  i_dmi_jtag/FSM_sequential_state_q_reg[1]/C
Low Pulse Width   Fast    FDCE/C   n/a            0.500         50.000      49.500     SLICE_X108Y87  i_dmi_jtag/FSM_sequential_state_q_reg[1]/C
Low Pulse Width   Slow    FDCE/C   n/a            0.500         50.000      49.500     SLICE_X108Y87  i_dmi_jtag/FSM_sequential_state_q_reg[2]/C
Low Pulse Width   Fast    FDCE/C   n/a            0.500         50.000      49.500     SLICE_X108Y87  i_dmi_jtag/FSM_sequential_state_q_reg[2]/C
Low Pulse Width   Slow    FDCE/C   n/a            0.500         50.000      49.500     SLICE_X104Y89  i_dmi_jtag/address_q_reg[0]/C
Low Pulse Width   Fast    FDCE/C   n/a            0.500         50.000      49.500     SLICE_X104Y89  i_dmi_jtag/address_q_reg[0]/C
Low Pulse Width   Slow    FDCE/C   n/a            0.500         50.000      49.500     SLICE_X106Y86  i_dmi_jtag/address_q_reg[1]/C
Low Pulse Width   Fast    FDCE/C   n/a            0.500         50.000      49.500     SLICE_X106Y86  i_dmi_jtag/address_q_reg[1]/C
High Pulse Width  Slow    FDCE/C   n/a            0.500         50.000      49.500     SLICE_X108Y87  i_dmi_jtag/FSM_sequential_state_q_reg[0]/C
High Pulse Width  Fast    FDCE/C   n/a            0.500         50.000      49.500     SLICE_X108Y87  i_dmi_jtag/FSM_sequential_state_q_reg[0]/C
High Pulse Width  Slow    FDCE/C   n/a            0.500         50.000      49.500     SLICE_X108Y87  i_dmi_jtag/FSM_sequential_state_q_reg[1]/C
High Pulse Width  Fast    FDCE/C   n/a            0.500         50.000      49.500     SLICE_X108Y87  i_dmi_jtag/FSM_sequential_state_q_reg[1]/C
High Pulse Width  Slow    FDCE/C   n/a            0.500         50.000      49.500     SLICE_X108Y87  i_dmi_jtag/FSM_sequential_state_q_reg[2]/C
High Pulse Width  Fast    FDCE/C   n/a            0.500         50.000      49.500     SLICE_X108Y87  i_dmi_jtag/FSM_sequential_state_q_reg[2]/C
High Pulse Width  Slow    FDCE/C   n/a            0.500         50.000      49.500     SLICE_X104Y89  i_dmi_jtag/address_q_reg[0]/C
High Pulse Width  Fast    FDCE/C   n/a            0.500         50.000      49.500     SLICE_X104Y89  i_dmi_jtag/address_q_reg[0]/C
High Pulse Width  Slow    FDCE/C   n/a            0.500         50.000      49.500     SLICE_X106Y86  i_dmi_jtag/address_q_reg[1]/C
High Pulse Width  Fast    FDCE/C   n/a            0.500         50.000      49.500     SLICE_X106Y86  i_dmi_jtag/address_q_reg[1]/C



---------------------------------------------------------------------------------------------------
From Clock:  tck
  To Clock:  clk_out1_xlnx_clk_gen

Setup :            0  Failing Endpoints,  Worst Slack        9.387ns,  Total Violation        0.000ns
Hold  :            0  Failing Endpoints,  Worst Slack        2.835ns,  Total Violation        0.000ns
---------------------------------------------------------------------------------------------------


Max Delay Paths
--------------------------------------------------------------------------------------
Slack (MET) :             9.387ns  (required time - arrival time)
  Source:                 i_dmi_jtag/i_dmi_cdc/i_cdc_req/i_src/data_src_q_reg[data][4]/C
                            (rising edge-triggered cell FDCE clocked by tck  {rise@0.000ns fall@50.000ns period=100.000ns})
  Destination:            i_dmi_jtag/i_dmi_cdc/i_cdc_req/i_dst/data_dst_q_reg[data][4]/D
                            (rising edge-triggered cell FDCE clocked by clk_out1_xlnx_clk_gen  {rise@0.000ns fall@10.000ns period=20.000ns})
  Path Group:             clk_out1_xlnx_clk_gen
  Path Type:              Setup (Max at Slow Process Corner)
  Requirement:            20.000ns  (clk_out1_xlnx_clk_gen rise@20.000ns - tck rise@0.000ns)
  Data Path Delay:        1.171ns  (logic 0.478ns (40.819%)  route 0.693ns (59.181%))
  Logic Levels:           0  
  Clock Path Skew:        -8.587ns (DCD - SCD + CPR)
    Destination Clock Delay (DCD):    -1.545ns = ( 18.455 - 20.000 ) 
    Source Clock Delay      (SCD):    7.041ns
    Clock Pessimism Removal (CPR):    0.000ns
  Clock Uncertainty:      0.603ns  ((TSJ^2 + TIJ^2 + DJ^2)^1/2) / 2 + PE
    Total System Jitter     (TSJ):    0.071ns
    Total Input Jitter      (TIJ):    1.000ns
    Discrete Jitter          (DJ):    0.142ns
    Phase Error              (PE):    0.097ns
  Clock Domain Crossing:  Inter clock paths are considered valid unless explicitly excluded by timing constraints such as set_clock_groups or set_false_path.

    Location             Delay type                Incr(ns)  Path(ns)    Netlist Resource(s)
  -------------------------------------------------------------------    -------------------
                         (clock tck rise edge)        0.000     0.000 r  
    H15                                               0.000     0.000 r  tck (IN)
                         net (fo=0)                   0.000     0.000    tck
    H15                  IBUF (Prop_ibuf_I_O)         1.500     1.500 r  tck_IBUF_inst/O
                         net (fo=1, routed)           3.659     5.159    tck_IBUF
    BUFGCTRL_X0Y0        BUFG (Prop_bufg_I_O)         0.101     5.260 r  tck_IBUF_BUFG_inst/O
                         net (fo=258, routed)         1.781     7.041    i_dmi_jtag/i_dmi_cdc/i_cdc_req/i_src/CLK
    SLICE_X100Y84        FDCE                                         r  i_dmi_jtag/i_dmi_cdc/i_cdc_req/i_src/data_src_q_reg[data][4]/C
  -------------------------------------------------------------------    -------------------
    SLICE_X100Y84        FDCE (Prop_fdce_C_Q)         0.478     7.519 r  i_dmi_jtag/i_dmi_cdc/i_cdc_req/i_src/data_src_q_reg[data][4]/Q
                         net (fo=1, routed)           0.693     8.213    i_dmi_jtag/i_dmi_cdc/i_cdc_req/i_dst/data_dst_q_reg[data][31]_2[4]
    SLICE_X97Y82         FDCE                                         r  i_dmi_jtag/i_dmi_cdc/i_cdc_req/i_dst/data_dst_q_reg[data][4]/D
  -------------------------------------------------------------------    -------------------

                         (clock clk_out1_xlnx_clk_gen rise edge)
                                                     20.000    20.000 r  
    K17                                               0.000    20.000 r  clk_sys (IN)
                         net (fo=0)                   0.000    20.000    i_xlnx_clk_gen/inst/clk_in1
    K17                  IBUF (Prop_ibuf_I_O)         1.404    21.404 r  i_xlnx_clk_gen/inst/clkin1_ibufg/O
                         net (fo=1, routed)           1.162    22.566    i_xlnx_clk_gen/inst/clk_in1_xlnx_clk_gen
    MMCME2_ADV_X1Y2      MMCME2_ADV (Prop_mmcme2_adv_CLKIN1_CLKOUT0)
                                                     -7.814    14.752 r  i_xlnx_clk_gen/inst/mmcm_adv_inst/CLKOUT0
                         net (fo=1, routed)           2.012    16.764    i_xlnx_clk_gen/inst/clk_out1_xlnx_clk_gen
    BUFGCTRL_X0Y16       BUFG (Prop_bufg_I_O)         0.091    16.855 r  i_xlnx_clk_gen/inst/clkout1_buf/O
                         net (fo=20013, routed)       1.600    18.455    i_dmi_jtag/i_dmi_cdc/i_cdc_req/i_dst/clk_out1
    SLICE_X97Y82         FDCE                                         r  i_dmi_jtag/i_dmi_cdc/i_cdc_req/i_dst/data_dst_q_reg[data][4]/C
                         clock pessimism              0.000    18.455    
                         clock uncertainty           -0.603    17.852    
    SLICE_X97Y82         FDCE (Setup_fdce_C_D)       -0.252    17.600    i_dmi_jtag/i_dmi_cdc/i_cdc_req/i_dst/data_dst_q_reg[data][4]
  -------------------------------------------------------------------
                         required time                         17.600    
                         arrival time                          -8.213    
  -------------------------------------------------------------------
                         slack                                  9.387    

Slack (MET) :             9.396ns  (required time - arrival time)
  Source:                 i_dmi_jtag/i_dmi_cdc/i_cdc_req/i_src/data_src_q_reg[data][15]/C
                            (rising edge-triggered cell FDCE clocked by tck  {rise@0.000ns fall@50.000ns period=100.000ns})
  Destination:            i_dmi_jtag/i_dmi_cdc/i_cdc_req/i_dst/data_dst_q_reg[data][15]/D
                            (rising edge-triggered cell FDCE clocked by clk_out1_xlnx_clk_gen  {rise@0.000ns fall@10.000ns period=20.000ns})
  Path Group:             clk_out1_xlnx_clk_gen
  Path Type:              Setup (Max at Slow Process Corner)
  Requirement:            20.000ns  (clk_out1_xlnx_clk_gen rise@20.000ns - tck rise@0.000ns)
  Data Path Delay:        1.310ns  (logic 0.456ns (34.799%)  route 0.854ns (65.201%))
  Logic Levels:           0  
  Clock Path Skew:        -8.586ns (DCD - SCD + CPR)
    Destination Clock Delay (DCD):    -1.540ns = ( 18.460 - 20.000 ) 
    Source Clock Delay      (SCD):    7.045ns
    Clock Pessimism Removal (CPR):    0.000ns
  Clock Uncertainty:      0.603ns  ((TSJ^2 + TIJ^2 + DJ^2)^1/2) / 2 + PE
    Total System Jitter     (TSJ):    0.071ns
    Total Input Jitter      (TIJ):    1.000ns
    Discrete Jitter          (DJ):    0.142ns
    Phase Error              (PE):    0.097ns
  Clock Domain Crossing:  Inter clock paths are considered valid unless explicitly excluded by timing constraints such as set_clock_groups or set_false_path.

    Location             Delay type                Incr(ns)  Path(ns)    Netlist Resource(s)
  -------------------------------------------------------------------    -------------------
                         (clock tck rise edge)        0.000     0.000 r  
    H15                                               0.000     0.000 r  tck (IN)
                         net (fo=0)                   0.000     0.000    tck
    H15                  IBUF (Prop_ibuf_I_O)         1.500     1.500 r  tck_IBUF_inst/O
                         net (fo=1, routed)           3.659     5.159    tck_IBUF
    BUFGCTRL_X0Y0        BUFG (Prop_bufg_I_O)         0.101     5.260 r  tck_IBUF_BUFG_inst/O
                         net (fo=258, routed)         1.785     7.045    i_dmi_jtag/i_dmi_cdc/i_cdc_req/i_src/CLK
    SLICE_X95Y89         FDCE                                         r  i_dmi_jtag/i_dmi_cdc/i_cdc_req/i_src/data_src_q_reg[data][15]/C
  -------------------------------------------------------------------    -------------------
    SLICE_X95Y89         FDCE (Prop_fdce_C_Q)         0.456     7.501 r  i_dmi_jtag/i_dmi_cdc/i_cdc_req/i_src/data_src_q_reg[data][15]/Q
                         net (fo=1, routed)           0.854     8.356    i_dmi_jtag/i_dmi_cdc/i_cdc_req/i_dst/data_dst_q_reg[data][31]_2[15]
    SLICE_X95Y88         FDCE                                         r  i_dmi_jtag/i_dmi_cdc/i_cdc_req/i_dst/data_dst_q_reg[data][15]/D
  -------------------------------------------------------------------    -------------------

                         (clock clk_out1_xlnx_clk_gen rise edge)
                                                     20.000    20.000 r  
    K17                                               0.000    20.000 r  clk_sys (IN)
                         net (fo=0)                   0.000    20.000    i_xlnx_clk_gen/inst/clk_in1
    K17                  IBUF (Prop_ibuf_I_O)         1.404    21.404 r  i_xlnx_clk_gen/inst/clkin1_ibufg/O
                         net (fo=1, routed)           1.162    22.566    i_xlnx_clk_gen/inst/clk_in1_xlnx_clk_gen
    MMCME2_ADV_X1Y2      MMCME2_ADV (Prop_mmcme2_adv_CLKIN1_CLKOUT0)
                                                     -7.814    14.752 r  i_xlnx_clk_gen/inst/mmcm_adv_inst/CLKOUT0
                         net (fo=1, routed)           2.012    16.764    i_xlnx_clk_gen/inst/clk_out1_xlnx_clk_gen
    BUFGCTRL_X0Y16       BUFG (Prop_bufg_I_O)         0.091    16.855 r  i_xlnx_clk_gen/inst/clkout1_buf/O
                         net (fo=20013, routed)       1.605    18.460    i_dmi_jtag/i_dmi_cdc/i_cdc_req/i_dst/clk_out1
    SLICE_X95Y88         FDCE                                         r  i_dmi_jtag/i_dmi_cdc/i_cdc_req/i_dst/data_dst_q_reg[data][15]/C
                         clock pessimism              0.000    18.460    
                         clock uncertainty           -0.603    17.857    
    SLICE_X95Y88         FDCE (Setup_fdce_C_D)       -0.105    17.752    i_dmi_jtag/i_dmi_cdc/i_cdc_req/i_dst/data_dst_q_reg[data][15]
  -------------------------------------------------------------------
                         required time                         17.752    
                         arrival time                          -8.356    
  -------------------------------------------------------------------
                         slack                                  9.396    

Slack (MET) :             9.403ns  (required time - arrival time)
  Source:                 i_dmi_jtag/i_dmi_cdc/i_cdc_req/i_src/data_src_q_reg[data][5]/C
                            (rising edge-triggered cell FDCE clocked by tck  {rise@0.000ns fall@50.000ns period=100.000ns})
  Destination:            i_dmi_jtag/i_dmi_cdc/i_cdc_req/i_dst/data_dst_q_reg[data][5]/D
                            (rising edge-triggered cell FDCE clocked by clk_out1_xlnx_clk_gen  {rise@0.000ns fall@10.000ns period=20.000ns})
  Path Group:             clk_out1_xlnx_clk_gen
  Path Type:              Setup (Max at Slow Process Corner)
  Requirement:            20.000ns  (clk_out1_xlnx_clk_gen rise@20.000ns - tck rise@0.000ns)
  Data Path Delay:        1.169ns  (logic 0.478ns (40.894%)  route 0.691ns (59.106%))
  Logic Levels:           0  
  Clock Path Skew:        -8.587ns (DCD - SCD + CPR)
    Destination Clock Delay (DCD):    -1.545ns = ( 18.455 - 20.000 ) 
    Source Clock Delay      (SCD):    7.041ns
    Clock Pessimism Removal (CPR):    0.000ns
  Clock Uncertainty:      0.603ns  ((TSJ^2 + TIJ^2 + DJ^2)^1/2) / 2 + PE
    Total System Jitter     (TSJ):    0.071ns
    Total Input Jitter      (TIJ):    1.000ns
    Discrete Jitter          (DJ):    0.142ns
    Phase Error              (PE):    0.097ns
  Clock Domain Crossing:  Inter clock paths are considered valid unless explicitly excluded by timing constraints such as set_clock_groups or set_false_path.

    Location             Delay type                Incr(ns)  Path(ns)    Netlist Resource(s)
  -------------------------------------------------------------------    -------------------
                         (clock tck rise edge)        0.000     0.000 r  
    H15                                               0.000     0.000 r  tck (IN)
                         net (fo=0)                   0.000     0.000    tck
    H15                  IBUF (Prop_ibuf_I_O)         1.500     1.500 r  tck_IBUF_inst/O
                         net (fo=1, routed)           3.659     5.159    tck_IBUF
    BUFGCTRL_X0Y0        BUFG (Prop_bufg_I_O)         0.101     5.260 r  tck_IBUF_BUFG_inst/O
                         net (fo=258, routed)         1.781     7.041    i_dmi_jtag/i_dmi_cdc/i_cdc_req/i_src/CLK
    SLICE_X100Y84        FDCE                                         r  i_dmi_jtag/i_dmi_cdc/i_cdc_req/i_src/data_src_q_reg[data][5]/C
  -------------------------------------------------------------------    -------------------
    SLICE_X100Y84        FDCE (Prop_fdce_C_Q)         0.478     7.519 r  i_dmi_jtag/i_dmi_cdc/i_cdc_req/i_src/data_src_q_reg[data][5]/Q
                         net (fo=1, routed)           0.691     8.210    i_dmi_jtag/i_dmi_cdc/i_cdc_req/i_dst/data_dst_q_reg[data][31]_2[5]
    SLICE_X97Y82         FDCE                                         r  i_dmi_jtag/i_dmi_cdc/i_cdc_req/i_dst/data_dst_q_reg[data][5]/D
  -------------------------------------------------------------------    -------------------

                         (clock clk_out1_xlnx_clk_gen rise edge)
                                                     20.000    20.000 r  
    K17                                               0.000    20.000 r  clk_sys (IN)
                         net (fo=0)                   0.000    20.000    i_xlnx_clk_gen/inst/clk_in1
    K17                  IBUF (Prop_ibuf_I_O)         1.404    21.404 r  i_xlnx_clk_gen/inst/clkin1_ibufg/O
                         net (fo=1, routed)           1.162    22.566    i_xlnx_clk_gen/inst/clk_in1_xlnx_clk_gen
    MMCME2_ADV_X1Y2      MMCME2_ADV (Prop_mmcme2_adv_CLKIN1_CLKOUT0)
                                                     -7.814    14.752 r  i_xlnx_clk_gen/inst/mmcm_adv_inst/CLKOUT0
                         net (fo=1, routed)           2.012    16.764    i_xlnx_clk_gen/inst/clk_out1_xlnx_clk_gen
    BUFGCTRL_X0Y16       BUFG (Prop_bufg_I_O)         0.091    16.855 r  i_xlnx_clk_gen/inst/clkout1_buf/O
                         net (fo=20013, routed)       1.600    18.455    i_dmi_jtag/i_dmi_cdc/i_cdc_req/i_dst/clk_out1
    SLICE_X97Y82         FDCE                                         r  i_dmi_jtag/i_dmi_cdc/i_cdc_req/i_dst/data_dst_q_reg[data][5]/C
                         clock pessimism              0.000    18.455    
                         clock uncertainty           -0.603    17.852    
    SLICE_X97Y82         FDCE (Setup_fdce_C_D)       -0.238    17.614    i_dmi_jtag/i_dmi_cdc/i_cdc_req/i_dst/data_dst_q_reg[data][5]
  -------------------------------------------------------------------
                         required time                         17.614    
                         arrival time                          -8.210    
  -------------------------------------------------------------------
                         slack                                  9.403    

Slack (MET) :             9.493ns  (required time - arrival time)
  Source:                 i_dmi_jtag/i_dmi_cdc/i_cdc_req/i_src/data_src_q_reg[data][24]/C
                            (rising edge-triggered cell FDCE clocked by tck  {rise@0.000ns fall@50.000ns period=100.000ns})
  Destination:            i_dmi_jtag/i_dmi_cdc/i_cdc_req/i_dst/data_dst_q_reg[data][24]/D
                            (rising edge-triggered cell FDCE clocked by clk_out1_xlnx_clk_gen  {rise@0.000ns fall@10.000ns period=20.000ns})
  Path Group:             clk_out1_xlnx_clk_gen
  Path Type:              Setup (Max at Slow Process Corner)
  Requirement:            20.000ns  (clk_out1_xlnx_clk_gen rise@20.000ns - tck rise@0.000ns)
  Data Path Delay:        1.084ns  (logic 0.419ns (38.644%)  route 0.665ns (61.356%))
  Logic Levels:           0  
  Clock Path Skew:        -8.586ns (DCD - SCD + CPR)
    Destination Clock Delay (DCD):    -1.540ns = ( 18.460 - 20.000 ) 
    Source Clock Delay      (SCD):    7.045ns
    Clock Pessimism Removal (CPR):    0.000ns
  Clock Uncertainty:      0.603ns  ((TSJ^2 + TIJ^2 + DJ^2)^1/2) / 2 + PE
    Total System Jitter     (TSJ):    0.071ns
    Total Input Jitter      (TIJ):    1.000ns
    Discrete Jitter          (DJ):    0.142ns
    Phase Error              (PE):    0.097ns
  Clock Domain Crossing:  Inter clock paths are considered valid unless explicitly excluded by timing constraints such as set_clock_groups or set_false_path.

    Location             Delay type                Incr(ns)  Path(ns)    Netlist Resource(s)
  -------------------------------------------------------------------    -------------------
                         (clock tck rise edge)        0.000     0.000 r  
    H15                                               0.000     0.000 r  tck (IN)
                         net (fo=0)                   0.000     0.000    tck
    H15                  IBUF (Prop_ibuf_I_O)         1.500     1.500 r  tck_IBUF_inst/O
                         net (fo=1, routed)           3.659     5.159    tck_IBUF
    BUFGCTRL_X0Y0        BUFG (Prop_bufg_I_O)         0.101     5.260 r  tck_IBUF_BUFG_inst/O
                         net (fo=258, routed)         1.785     7.045    i_dmi_jtag/i_dmi_cdc/i_cdc_req/i_src/CLK
    SLICE_X95Y89         FDCE                                         r  i_dmi_jtag/i_dmi_cdc/i_cdc_req/i_src/data_src_q_reg[data][24]/C
  -------------------------------------------------------------------    -------------------
    SLICE_X95Y89         FDCE (Prop_fdce_C_Q)         0.419     7.464 r  i_dmi_jtag/i_dmi_cdc/i_cdc_req/i_src/data_src_q_reg[data][24]/Q
                         net (fo=1, routed)           0.665     8.130    i_dmi_jtag/i_dmi_cdc/i_cdc_req/i_dst/data_dst_q_reg[data][31]_2[24]
    SLICE_X95Y88         FDCE                                         r  i_dmi_jtag/i_dmi_cdc/i_cdc_req/i_dst/data_dst_q_reg[data][24]/D
  -------------------------------------------------------------------    -------------------

                         (clock clk_out1_xlnx_clk_gen rise edge)
                                                     20.000    20.000 r  
    K17                                               0.000    20.000 r  clk_sys (IN)
                         net (fo=0)                   0.000    20.000    i_xlnx_clk_gen/inst/clk_in1
    K17                  IBUF (Prop_ibuf_I_O)         1.404    21.404 r  i_xlnx_clk_gen/inst/clkin1_ibufg/O
                         net (fo=1, routed)           1.162    22.566    i_xlnx_clk_gen/inst/clk_in1_xlnx_clk_gen
    MMCME2_ADV_X1Y2      MMCME2_ADV (Prop_mmcme2_adv_CLKIN1_CLKOUT0)
                                                     -7.814    14.752 r  i_xlnx_clk_gen/inst/mmcm_adv_inst/CLKOUT0
                         net (fo=1, routed)           2.012    16.764    i_xlnx_clk_gen/inst/clk_out1_xlnx_clk_gen
    BUFGCTRL_X0Y16       BUFG (Prop_bufg_I_O)         0.091    16.855 r  i_xlnx_clk_gen/inst/clkout1_buf/O
                         net (fo=20013, routed)       1.605    18.460    i_dmi_jtag/i_dmi_cdc/i_cdc_req/i_dst/clk_out1
    SLICE_X95Y88         FDCE                                         r  i_dmi_jtag/i_dmi_cdc/i_cdc_req/i_dst/data_dst_q_reg[data][24]/C
                         clock pessimism              0.000    18.460    
                         clock uncertainty           -0.603    17.857    
    SLICE_X95Y88         FDCE (Setup_fdce_C_D)       -0.234    17.623    i_dmi_jtag/i_dmi_cdc/i_cdc_req/i_dst/data_dst_q_reg[data][24]
  -------------------------------------------------------------------
                         required time                         17.623    
                         arrival time                          -8.130    
  -------------------------------------------------------------------
                         slack                                  9.493    

Slack (MET) :             9.520ns  (required time - arrival time)
  Source:                 i_dmi_jtag/i_dmi_cdc/i_cdc_req/i_src/data_src_q_reg[data][29]/C
                            (rising edge-triggered cell FDCE clocked by tck  {rise@0.000ns fall@50.000ns period=100.000ns})
  Destination:            i_dmi_jtag/i_dmi_cdc/i_cdc_req/i_dst/data_dst_q_reg[data][29]/D
                            (rising edge-triggered cell FDCE clocked by clk_out1_xlnx_clk_gen  {rise@0.000ns fall@10.000ns period=20.000ns})
  Path Group:             clk_out1_xlnx_clk_gen
  Path Type:              Setup (Max at Slow Process Corner)
  Requirement:            20.000ns  (clk_out1_xlnx_clk_gen rise@20.000ns - tck rise@0.000ns)
  Data Path Delay:        1.076ns  (logic 0.419ns (38.930%)  route 0.657ns (61.070%))
  Logic Levels:           0  
  Clock Path Skew:        -8.586ns (DCD - SCD + CPR)
    Destination Clock Delay (DCD):    -1.540ns = ( 18.460 - 20.000 ) 
    Source Clock Delay      (SCD):    7.045ns
    Clock Pessimism Removal (CPR):    0.000ns
  Clock Uncertainty:      0.603ns  ((TSJ^2 + TIJ^2 + DJ^2)^1/2) / 2 + PE
    Total System Jitter     (TSJ):    0.071ns
    Total Input Jitter      (TIJ):    1.000ns
    Discrete Jitter          (DJ):    0.142ns
    Phase Error              (PE):    0.097ns
  Clock Domain Crossing:  Inter clock paths are considered valid unless explicitly excluded by timing constraints such as set_clock_groups or set_false_path.

    Location             Delay type                Incr(ns)  Path(ns)    Netlist Resource(s)
  -------------------------------------------------------------------    -------------------
                         (clock tck rise edge)        0.000     0.000 r  
    H15                                               0.000     0.000 r  tck (IN)
                         net (fo=0)                   0.000     0.000    tck
    H15                  IBUF (Prop_ibuf_I_O)         1.500     1.500 r  tck_IBUF_inst/O
                         net (fo=1, routed)           3.659     5.159    tck_IBUF
    BUFGCTRL_X0Y0        BUFG (Prop_bufg_I_O)         0.101     5.260 r  tck_IBUF_BUFG_inst/O
                         net (fo=258, routed)         1.785     7.045    i_dmi_jtag/i_dmi_cdc/i_cdc_req/i_src/CLK
    SLICE_X95Y89         FDCE                                         r  i_dmi_jtag/i_dmi_cdc/i_cdc_req/i_src/data_src_q_reg[data][29]/C
  -------------------------------------------------------------------    -------------------
    SLICE_X95Y89         FDCE (Prop_fdce_C_Q)         0.419     7.464 r  i_dmi_jtag/i_dmi_cdc/i_cdc_req/i_src/data_src_q_reg[data][29]/Q
                         net (fo=1, routed)           0.657     8.122    i_dmi_jtag/i_dmi_cdc/i_cdc_req/i_dst/data_dst_q_reg[data][31]_2[29]
    SLICE_X95Y88         FDCE                                         r  i_dmi_jtag/i_dmi_cdc/i_cdc_req/i_dst/data_dst_q_reg[data][29]/D
  -------------------------------------------------------------------    -------------------

                         (clock clk_out1_xlnx_clk_gen rise edge)
                                                     20.000    20.000 r  
    K17                                               0.000    20.000 r  clk_sys (IN)
                         net (fo=0)                   0.000    20.000    i_xlnx_clk_gen/inst/clk_in1
    K17                  IBUF (Prop_ibuf_I_O)         1.404    21.404 r  i_xlnx_clk_gen/inst/clkin1_ibufg/O
                         net (fo=1, routed)           1.162    22.566    i_xlnx_clk_gen/inst/clk_in1_xlnx_clk_gen
    MMCME2_ADV_X1Y2      MMCME2_ADV (Prop_mmcme2_adv_CLKIN1_CLKOUT0)
                                                     -7.814    14.752 r  i_xlnx_clk_gen/inst/mmcm_adv_inst/CLKOUT0
                         net (fo=1, routed)           2.012    16.764    i_xlnx_clk_gen/inst/clk_out1_xlnx_clk_gen
    BUFGCTRL_X0Y16       BUFG (Prop_bufg_I_O)         0.091    16.855 r  i_xlnx_clk_gen/inst/clkout1_buf/O
                         net (fo=20013, routed)       1.605    18.460    i_dmi_jtag/i_dmi_cdc/i_cdc_req/i_dst/clk_out1
    SLICE_X95Y88         FDCE                                         r  i_dmi_jtag/i_dmi_cdc/i_cdc_req/i_dst/data_dst_q_reg[data][29]/C
                         clock pessimism              0.000    18.460    
                         clock uncertainty           -0.603    17.857    
    SLICE_X95Y88         FDCE (Setup_fdce_C_D)       -0.215    17.642    i_dmi_jtag/i_dmi_cdc/i_cdc_req/i_dst/data_dst_q_reg[data][29]
  -------------------------------------------------------------------
                         required time                         17.642    
                         arrival time                          -8.122    
  -------------------------------------------------------------------
                         slack                                  9.520    

Slack (MET) :             9.563ns  (required time - arrival time)
  Source:                 i_dmi_jtag/i_dmi_cdc/i_cdc_req/i_src/data_src_q_reg[addr][3]/C
                            (rising edge-triggered cell FDCE clocked by tck  {rise@0.000ns fall@50.000ns period=100.000ns})
  Destination:            i_dmi_jtag/i_dmi_cdc/i_cdc_req/i_dst/data_dst_q_reg[addr][3]/D
                            (rising edge-triggered cell FDCE clocked by clk_out1_xlnx_clk_gen  {rise@0.000ns fall@10.000ns period=20.000ns})
  Path Group:             clk_out1_xlnx_clk_gen
  Path Type:              Setup (Max at Slow Process Corner)
  Requirement:            20.000ns  (clk_out1_xlnx_clk_gen rise@20.000ns - tck rise@0.000ns)
  Data Path Delay:        1.188ns  (logic 0.518ns (43.612%)  route 0.670ns (56.388%))
  Logic Levels:           0  
  Clock Path Skew:        -8.585ns (DCD - SCD + CPR)
    Destination Clock Delay (DCD):    -1.539ns = ( 18.461 - 20.000 ) 
    Source Clock Delay      (SCD):    7.045ns
    Clock Pessimism Removal (CPR):    0.000ns
  Clock Uncertainty:      0.603ns  ((TSJ^2 + TIJ^2 + DJ^2)^1/2) / 2 + PE
    Total System Jitter     (TSJ):    0.071ns
    Total Input Jitter      (TIJ):    1.000ns
    Discrete Jitter          (DJ):    0.142ns
    Phase Error              (PE):    0.097ns
  Clock Domain Crossing:  Inter clock paths are considered valid unless explicitly excluded by timing constraints such as set_clock_groups or set_false_path.

    Location             Delay type                Incr(ns)  Path(ns)    Netlist Resource(s)
  -------------------------------------------------------------------    -------------------
                         (clock tck rise edge)        0.000     0.000 r  
    H15                                               0.000     0.000 r  tck (IN)
                         net (fo=0)                   0.000     0.000    tck
    H15                  IBUF (Prop_ibuf_I_O)         1.500     1.500 r  tck_IBUF_inst/O
                         net (fo=1, routed)           3.659     5.159    tck_IBUF
    BUFGCTRL_X0Y0        BUFG (Prop_bufg_I_O)         0.101     5.260 r  tck_IBUF_BUFG_inst/O
                         net (fo=258, routed)         1.785     7.045    i_dmi_jtag/i_dmi_cdc/i_cdc_req/i_src/CLK
    SLICE_X104Y88        FDCE                                         r  i_dmi_jtag/i_dmi_cdc/i_cdc_req/i_src/data_src_q_reg[addr][3]/C
  -------------------------------------------------------------------    -------------------
    SLICE_X104Y88        FDCE (Prop_fdce_C_Q)         0.518     7.563 r  i_dmi_jtag/i_dmi_cdc/i_cdc_req/i_src/data_src_q_reg[addr][3]/Q
                         net (fo=1, routed)           0.670     8.233    i_dmi_jtag/i_dmi_cdc/i_cdc_req/i_dst/data_dst_q_reg[addr][6]_1[3]
    SLICE_X103Y88        FDCE                                         r  i_dmi_jtag/i_dmi_cdc/i_cdc_req/i_dst/data_dst_q_reg[addr][3]/D
  -------------------------------------------------------------------    -------------------

                         (clock clk_out1_xlnx_clk_gen rise edge)
                                                     20.000    20.000 r  
    K17                                               0.000    20.000 r  clk_sys (IN)
                         net (fo=0)                   0.000    20.000    i_xlnx_clk_gen/inst/clk_in1
    K17                  IBUF (Prop_ibuf_I_O)         1.404    21.404 r  i_xlnx_clk_gen/inst/clkin1_ibufg/O
                         net (fo=1, routed)           1.162    22.566    i_xlnx_clk_gen/inst/clk_in1_xlnx_clk_gen
    MMCME2_ADV_X1Y2      MMCME2_ADV (Prop_mmcme2_adv_CLKIN1_CLKOUT0)
                                                     -7.814    14.752 r  i_xlnx_clk_gen/inst/mmcm_adv_inst/CLKOUT0
                         net (fo=1, routed)           2.012    16.764    i_xlnx_clk_gen/inst/clk_out1_xlnx_clk_gen
    BUFGCTRL_X0Y16       BUFG (Prop_bufg_I_O)         0.091    16.855 r  i_xlnx_clk_gen/inst/clkout1_buf/O
                         net (fo=20013, routed)       1.606    18.461    i_dmi_jtag/i_dmi_cdc/i_cdc_req/i_dst/clk_out1
    SLICE_X103Y88        FDCE                                         r  i_dmi_jtag/i_dmi_cdc/i_cdc_req/i_dst/data_dst_q_reg[addr][3]/C
                         clock pessimism              0.000    18.461    
                         clock uncertainty           -0.603    17.858    
    SLICE_X103Y88        FDCE (Setup_fdce_C_D)       -0.061    17.797    i_dmi_jtag/i_dmi_cdc/i_cdc_req/i_dst/data_dst_q_reg[addr][3]
  -------------------------------------------------------------------
                         required time                         17.797    
                         arrival time                          -8.233    
  -------------------------------------------------------------------
                         slack                                  9.563    

Slack (MET) :             9.583ns  (required time - arrival time)
  Source:                 i_dmi_jtag/i_dmi_cdc/i_cdc_req/i_src/data_src_q_reg[data][3]/C
                            (rising edge-triggered cell FDCE clocked by tck  {rise@0.000ns fall@50.000ns period=100.000ns})
  Destination:            i_dmi_jtag/i_dmi_cdc/i_cdc_req/i_dst/data_dst_q_reg[data][3]/D
                            (rising edge-triggered cell FDCE clocked by clk_out1_xlnx_clk_gen  {rise@0.000ns fall@10.000ns period=20.000ns})
  Path Group:             clk_out1_xlnx_clk_gen
  Path Type:              Setup (Max at Slow Process Corner)
  Requirement:            20.000ns  (clk_out1_xlnx_clk_gen rise@20.000ns - tck rise@0.000ns)
  Data Path Delay:        1.160ns  (logic 0.518ns (44.649%)  route 0.642ns (55.351%))
  Logic Levels:           0  
  Clock Path Skew:        -8.587ns (DCD - SCD + CPR)
    Destination Clock Delay (DCD):    -1.545ns = ( 18.455 - 20.000 ) 
    Source Clock Delay      (SCD):    7.041ns
    Clock Pessimism Removal (CPR):    0.000ns
  Clock Uncertainty:      0.603ns  ((TSJ^2 + TIJ^2 + DJ^2)^1/2) / 2 + PE
    Total System Jitter     (TSJ):    0.071ns
    Total Input Jitter      (TIJ):    1.000ns
    Discrete Jitter          (DJ):    0.142ns
    Phase Error              (PE):    0.097ns
  Clock Domain Crossing:  Inter clock paths are considered valid unless explicitly excluded by timing constraints such as set_clock_groups or set_false_path.

    Location             Delay type                Incr(ns)  Path(ns)    Netlist Resource(s)
  -------------------------------------------------------------------    -------------------
                         (clock tck rise edge)        0.000     0.000 r  
    H15                                               0.000     0.000 r  tck (IN)
                         net (fo=0)                   0.000     0.000    tck
    H15                  IBUF (Prop_ibuf_I_O)         1.500     1.500 r  tck_IBUF_inst/O
                         net (fo=1, routed)           3.659     5.159    tck_IBUF
    BUFGCTRL_X0Y0        BUFG (Prop_bufg_I_O)         0.101     5.260 r  tck_IBUF_BUFG_inst/O
                         net (fo=258, routed)         1.781     7.041    i_dmi_jtag/i_dmi_cdc/i_cdc_req/i_src/CLK
    SLICE_X100Y84        FDCE                                         r  i_dmi_jtag/i_dmi_cdc/i_cdc_req/i_src/data_src_q_reg[data][3]/C
  -------------------------------------------------------------------    -------------------
    SLICE_X100Y84        FDCE (Prop_fdce_C_Q)         0.518     7.559 r  i_dmi_jtag/i_dmi_cdc/i_cdc_req/i_src/data_src_q_reg[data][3]/Q
                         net (fo=1, routed)           0.642     8.202    i_dmi_jtag/i_dmi_cdc/i_cdc_req/i_dst/data_dst_q_reg[data][31]_2[3]
    SLICE_X97Y82         FDCE                                         r  i_dmi_jtag/i_dmi_cdc/i_cdc_req/i_dst/data_dst_q_reg[data][3]/D
  -------------------------------------------------------------------    -------------------

                         (clock clk_out1_xlnx_clk_gen rise edge)
                                                     20.000    20.000 r  
    K17                                               0.000    20.000 r  clk_sys (IN)
                         net (fo=0)                   0.000    20.000    i_xlnx_clk_gen/inst/clk_in1
    K17                  IBUF (Prop_ibuf_I_O)         1.404    21.404 r  i_xlnx_clk_gen/inst/clkin1_ibufg/O
                         net (fo=1, routed)           1.162    22.566    i_xlnx_clk_gen/inst/clk_in1_xlnx_clk_gen
    MMCME2_ADV_X1Y2      MMCME2_ADV (Prop_mmcme2_adv_CLKIN1_CLKOUT0)
                                                     -7.814    14.752 r  i_xlnx_clk_gen/inst/mmcm_adv_inst/CLKOUT0
                         net (fo=1, routed)           2.012    16.764    i_xlnx_clk_gen/inst/clk_out1_xlnx_clk_gen
    BUFGCTRL_X0Y16       BUFG (Prop_bufg_I_O)         0.091    16.855 r  i_xlnx_clk_gen/inst/clkout1_buf/O
                         net (fo=20013, routed)       1.600    18.455    i_dmi_jtag/i_dmi_cdc/i_cdc_req/i_dst/clk_out1
    SLICE_X97Y82         FDCE                                         r  i_dmi_jtag/i_dmi_cdc/i_cdc_req/i_dst/data_dst_q_reg[data][3]/C
                         clock pessimism              0.000    18.455    
                         clock uncertainty           -0.603    17.852    
    SLICE_X97Y82         FDCE (Setup_fdce_C_D)       -0.067    17.785    i_dmi_jtag/i_dmi_cdc/i_cdc_req/i_dst/data_dst_q_reg[data][3]
  -------------------------------------------------------------------
                         required time                         17.785    
                         arrival time                          -8.202    
  -------------------------------------------------------------------
                         slack                                  9.583    

Slack (MET) :             9.629ns  (required time - arrival time)
  Source:                 i_dmi_jtag/i_dmi_cdc/i_cdc_req/i_src/data_src_q_reg[op][1]/C
                            (rising edge-triggered cell FDCE clocked by tck  {rise@0.000ns fall@50.000ns period=100.000ns})
  Destination:            i_dmi_jtag/i_dmi_cdc/i_cdc_req/i_dst/data_dst_q_reg[op][1]/D
                            (rising edge-triggered cell FDCE clocked by clk_out1_xlnx_clk_gen  {rise@0.000ns fall@10.000ns period=20.000ns})
  Path Group:             clk_out1_xlnx_clk_gen
  Path Type:              Setup (Max at Slow Process Corner)
  Requirement:            20.000ns  (clk_out1_xlnx_clk_gen rise@20.000ns - tck rise@0.000ns)
  Data Path Delay:        1.121ns  (logic 0.456ns (40.692%)  route 0.665ns (59.308%))
  Logic Levels:           0  
  Clock Path Skew:        -8.589ns (DCD - SCD + CPR)
    Destination Clock Delay (DCD):    -1.470ns = ( 18.530 - 20.000 ) 
    Source Clock Delay      (SCD):    7.118ns
    Clock Pessimism Removal (CPR):    0.000ns
  Clock Uncertainty:      0.603ns  ((TSJ^2 + TIJ^2 + DJ^2)^1/2) / 2 + PE
    Total System Jitter     (TSJ):    0.071ns
    Total Input Jitter      (TIJ):    1.000ns
    Discrete Jitter          (DJ):    0.142ns
    Phase Error              (PE):    0.097ns
  Clock Domain Crossing:  Inter clock paths are considered valid unless explicitly excluded by timing constraints such as set_clock_groups or set_false_path.

    Location             Delay type                Incr(ns)  Path(ns)    Netlist Resource(s)
  -------------------------------------------------------------------    -------------------
                         (clock tck rise edge)        0.000     0.000 r  
    H15                                               0.000     0.000 r  tck (IN)
                         net (fo=0)                   0.000     0.000    tck
    H15                  IBUF (Prop_ibuf_I_O)         1.500     1.500 r  tck_IBUF_inst/O
                         net (fo=1, routed)           3.659     5.159    tck_IBUF
    BUFGCTRL_X0Y0        BUFG (Prop_bufg_I_O)         0.101     5.260 r  tck_IBUF_BUFG_inst/O
                         net (fo=258, routed)         1.858     7.118    i_dmi_jtag/i_dmi_cdc/i_cdc_req/i_src/CLK
    SLICE_X106Y83        FDCE                                         r  i_dmi_jtag/i_dmi_cdc/i_cdc_req/i_src/data_src_q_reg[op][1]/C
  -------------------------------------------------------------------    -------------------
    SLICE_X106Y83        FDCE (Prop_fdce_C_Q)         0.456     7.574 r  i_dmi_jtag/i_dmi_cdc/i_cdc_req/i_src/data_src_q_reg[op][1]/Q
                         net (fo=1, routed)           0.665     8.239    i_dmi_jtag/i_dmi_cdc/i_cdc_req/i_dst/data_dst_q_reg[op][1]_1[1]
    SLICE_X106Y82        FDCE                                         r  i_dmi_jtag/i_dmi_cdc/i_cdc_req/i_dst/data_dst_q_reg[op][1]/D
  -------------------------------------------------------------------    -------------------

                         (clock clk_out1_xlnx_clk_gen rise edge)
                                                     20.000    20.000 r  
    K17                                               0.000    20.000 r  clk_sys (IN)
                         net (fo=0)                   0.000    20.000    i_xlnx_clk_gen/inst/clk_in1
    K17                  IBUF (Prop_ibuf_I_O)         1.404    21.404 r  i_xlnx_clk_gen/inst/clkin1_ibufg/O
                         net (fo=1, routed)           1.162    22.566    i_xlnx_clk_gen/inst/clk_in1_xlnx_clk_gen
    MMCME2_ADV_X1Y2      MMCME2_ADV (Prop_mmcme2_adv_CLKIN1_CLKOUT0)
                                                     -7.814    14.752 r  i_xlnx_clk_gen/inst/mmcm_adv_inst/CLKOUT0
                         net (fo=1, routed)           2.012    16.764    i_xlnx_clk_gen/inst/clk_out1_xlnx_clk_gen
    BUFGCTRL_X0Y16       BUFG (Prop_bufg_I_O)         0.091    16.855 r  i_xlnx_clk_gen/inst/clkout1_buf/O
                         net (fo=20013, routed)       1.675    18.530    i_dmi_jtag/i_dmi_cdc/i_cdc_req/i_dst/clk_out1
    SLICE_X106Y82        FDCE                                         r  i_dmi_jtag/i_dmi_cdc/i_cdc_req/i_dst/data_dst_q_reg[op][1]/C
                         clock pessimism              0.000    18.530    
                         clock uncertainty           -0.603    17.927    
    SLICE_X106Y82        FDCE (Setup_fdce_C_D)       -0.058    17.869    i_dmi_jtag/i_dmi_cdc/i_cdc_req/i_dst/data_dst_q_reg[op][1]
  -------------------------------------------------------------------
                         required time                         17.869    
                         arrival time                          -8.239    
  -------------------------------------------------------------------
                         slack                                  9.629    

Slack (MET) :             9.639ns  (required time - arrival time)
  Source:                 i_dmi_jtag/i_dmi_cdc/i_cdc_req/i_src/req_src_q_reg/C
                            (rising edge-triggered cell FDCE clocked by tck  {rise@0.000ns fall@50.000ns period=100.000ns})
  Destination:            i_dmi_jtag/i_dmi_cdc/i_cdc_req/i_dst/req_dst_q_reg/D
                            (rising edge-triggered cell FDCE clocked by clk_out1_xlnx_clk_gen  {rise@0.000ns fall@10.000ns period=20.000ns})
  Path Group:             clk_out1_xlnx_clk_gen
  Path Type:              Setup (Max at Slow Process Corner)
  Requirement:            20.000ns  (clk_out1_xlnx_clk_gen rise@20.000ns - tck rise@0.000ns)
  Data Path Delay:        1.094ns  (logic 0.518ns (47.360%)  route 0.576ns (52.640%))
  Logic Levels:           0  
  Clock Path Skew:        -8.592ns (DCD - SCD + CPR)
    Destination Clock Delay (DCD):    -1.473ns = ( 18.527 - 20.000 ) 
    Source Clock Delay      (SCD):    7.118ns
    Clock Pessimism Removal (CPR):    0.000ns
  Clock Uncertainty:      0.603ns  ((TSJ^2 + TIJ^2 + DJ^2)^1/2) / 2 + PE
    Total System Jitter     (TSJ):    0.071ns
    Total Input Jitter      (TIJ):    1.000ns
    Discrete Jitter          (DJ):    0.142ns
    Phase Error              (PE):    0.097ns
  Clock Domain Crossing:  Inter clock paths are considered valid unless explicitly excluded by timing constraints such as set_clock_groups or set_false_path.

    Location             Delay type                Incr(ns)  Path(ns)    Netlist Resource(s)
  -------------------------------------------------------------------    -------------------
                         (clock tck rise edge)        0.000     0.000 r  
    H15                                               0.000     0.000 r  tck (IN)
                         net (fo=0)                   0.000     0.000    tck
    H15                  IBUF (Prop_ibuf_I_O)         1.500     1.500 r  tck_IBUF_inst/O
                         net (fo=1, routed)           3.659     5.159    tck_IBUF
    BUFGCTRL_X0Y0        BUFG (Prop_bufg_I_O)         0.101     5.260 r  tck_IBUF_BUFG_inst/O
                         net (fo=258, routed)         1.858     7.118    i_dmi_jtag/i_dmi_cdc/i_cdc_req/i_src/CLK
    SLICE_X108Y83        FDCE                                         r  i_dmi_jtag/i_dmi_cdc/i_cdc_req/i_src/req_src_q_reg/C
  -------------------------------------------------------------------    -------------------
    SLICE_X108Y83        FDCE (Prop_fdce_C_Q)         0.518     7.636 r  i_dmi_jtag/i_dmi_cdc/i_cdc_req/i_src/req_src_q_reg/Q
                         net (fo=3, routed)           0.576     8.212    i_dmi_jtag/i_dmi_cdc/i_cdc_req/i_dst/req_dst_q_reg_0
    SLICE_X109Y79        FDCE                                         r  i_dmi_jtag/i_dmi_cdc/i_cdc_req/i_dst/req_dst_q_reg/D
  -------------------------------------------------------------------    -------------------

                         (clock clk_out1_xlnx_clk_gen rise edge)
                                                     20.000    20.000 r  
    K17                                               0.000    20.000 r  clk_sys (IN)
                         net (fo=0)                   0.000    20.000    i_xlnx_clk_gen/inst/clk_in1
    K17                  IBUF (Prop_ibuf_I_O)         1.404    21.404 r  i_xlnx_clk_gen/inst/clkin1_ibufg/O
                         net (fo=1, routed)           1.162    22.566    i_xlnx_clk_gen/inst/clk_in1_xlnx_clk_gen
    MMCME2_ADV_X1Y2      MMCME2_ADV (Prop_mmcme2_adv_CLKIN1_CLKOUT0)
                                                     -7.814    14.752 r  i_xlnx_clk_gen/inst/mmcm_adv_inst/CLKOUT0
                         net (fo=1, routed)           2.012    16.764    i_xlnx_clk_gen/inst/clk_out1_xlnx_clk_gen
    BUFGCTRL_X0Y16       BUFG (Prop_bufg_I_O)         0.091    16.855 r  i_xlnx_clk_gen/inst/clkout1_buf/O
                         net (fo=20013, routed)       1.672    18.527    i_dmi_jtag/i_dmi_cdc/i_cdc_req/i_dst/clk_out1
    SLICE_X109Y79        FDCE                                         r  i_dmi_jtag/i_dmi_cdc/i_cdc_req/i_dst/req_dst_q_reg/C
                         clock pessimism              0.000    18.527    
                         clock uncertainty           -0.603    17.924    
    SLICE_X109Y79        FDCE (Setup_fdce_C_D)       -0.072    17.852    i_dmi_jtag/i_dmi_cdc/i_cdc_req/i_dst/req_dst_q_reg
  -------------------------------------------------------------------
                         required time                         17.852    
                         arrival time                          -8.212    
  -------------------------------------------------------------------
                         slack                                  9.639    

Slack (MET) :             9.656ns  (required time - arrival time)
  Source:                 i_dmi_jtag/i_dmi_cdc/i_cdc_req/i_src/data_src_q_reg[data][7]/C
                            (rising edge-triggered cell FDCE clocked by tck  {rise@0.000ns fall@50.000ns period=100.000ns})
  Destination:            i_dmi_jtag/i_dmi_cdc/i_cdc_req/i_dst/data_dst_q_reg[data][7]/D
                            (rising edge-triggered cell FDCE clocked by clk_out1_xlnx_clk_gen  {rise@0.000ns fall@10.000ns period=20.000ns})
  Path Group:             clk_out1_xlnx_clk_gen
  Path Type:              Setup (Max at Slow Process Corner)
  Requirement:            20.000ns  (clk_out1_xlnx_clk_gen rise@20.000ns - tck rise@0.000ns)
  Data Path Delay:        0.910ns  (logic 0.419ns (46.026%)  route 0.491ns (53.974%))
  Logic Levels:           0  
  Clock Path Skew:        -8.589ns (DCD - SCD + CPR)
    Destination Clock Delay (DCD):    -1.470ns = ( 18.530 - 20.000 ) 
    Source Clock Delay      (SCD):    7.118ns
    Clock Pessimism Removal (CPR):    0.000ns
  Clock Uncertainty:      0.603ns  ((TSJ^2 + TIJ^2 + DJ^2)^1/2) / 2 + PE
    Total System Jitter     (TSJ):    0.071ns
    Total Input Jitter      (TIJ):    1.000ns
    Discrete Jitter          (DJ):    0.142ns
    Phase Error              (PE):    0.097ns
  Clock Domain Crossing:  Inter clock paths are considered valid unless explicitly excluded by timing constraints such as set_clock_groups or set_false_path.

    Location             Delay type                Incr(ns)  Path(ns)    Netlist Resource(s)
  -------------------------------------------------------------------    -------------------
                         (clock tck rise edge)        0.000     0.000 r  
    H15                                               0.000     0.000 r  tck (IN)
                         net (fo=0)                   0.000     0.000    tck
    H15                  IBUF (Prop_ibuf_I_O)         1.500     1.500 r  tck_IBUF_inst/O
                         net (fo=1, routed)           3.659     5.159    tck_IBUF
    BUFGCTRL_X0Y0        BUFG (Prop_bufg_I_O)         0.101     5.260 r  tck_IBUF_BUFG_inst/O
                         net (fo=258, routed)         1.858     7.118    i_dmi_jtag/i_dmi_cdc/i_cdc_req/i_src/CLK
    SLICE_X106Y83        FDCE                                         r  i_dmi_jtag/i_dmi_cdc/i_cdc_req/i_src/data_src_q_reg[data][7]/C
  -------------------------------------------------------------------    -------------------
    SLICE_X106Y83        FDCE (Prop_fdce_C_Q)         0.419     7.537 r  i_dmi_jtag/i_dmi_cdc/i_cdc_req/i_src/data_src_q_reg[data][7]/Q
                         net (fo=1, routed)           0.491     8.029    i_dmi_jtag/i_dmi_cdc/i_cdc_req/i_dst/data_dst_q_reg[data][31]_2[7]
    SLICE_X106Y82        FDCE                                         r  i_dmi_jtag/i_dmi_cdc/i_cdc_req/i_dst/data_dst_q_reg[data][7]/D
  -------------------------------------------------------------------    -------------------

                         (clock clk_out1_xlnx_clk_gen rise edge)
                                                     20.000    20.000 r  
    K17                                               0.000    20.000 r  clk_sys (IN)
                         net (fo=0)                   0.000    20.000    i_xlnx_clk_gen/inst/clk_in1
    K17                  IBUF (Prop_ibuf_I_O)         1.404    21.404 r  i_xlnx_clk_gen/inst/clkin1_ibufg/O
                         net (fo=1, routed)           1.162    22.566    i_xlnx_clk_gen/inst/clk_in1_xlnx_clk_gen
    MMCME2_ADV_X1Y2      MMCME2_ADV (Prop_mmcme2_adv_CLKIN1_CLKOUT0)
                                                     -7.814    14.752 r  i_xlnx_clk_gen/inst/mmcm_adv_inst/CLKOUT0
                         net (fo=1, routed)           2.012    16.764    i_xlnx_clk_gen/inst/clk_out1_xlnx_clk_gen
    BUFGCTRL_X0Y16       BUFG (Prop_bufg_I_O)         0.091    16.855 r  i_xlnx_clk_gen/inst/clkout1_buf/O
                         net (fo=20013, routed)       1.675    18.530    i_dmi_jtag/i_dmi_cdc/i_cdc_req/i_dst/clk_out1
    SLICE_X106Y82        FDCE                                         r  i_dmi_jtag/i_dmi_cdc/i_cdc_req/i_dst/data_dst_q_reg[data][7]/C
                         clock pessimism              0.000    18.530    
                         clock uncertainty           -0.603    17.927    
    SLICE_X106Y82        FDCE (Setup_fdce_C_D)       -0.242    17.685    i_dmi_jtag/i_dmi_cdc/i_cdc_req/i_dst/data_dst_q_reg[data][7]
  -------------------------------------------------------------------
                         required time                         17.685    
                         arrival time                          -8.029    
  -------------------------------------------------------------------
                         slack                                  9.656    





Min Delay Paths
--------------------------------------------------------------------------------------
Slack (MET) :             2.835ns  (arrival time - required time)
  Source:                 i_dmi_jtag/i_dmi_cdc/i_cdc_req/i_src/data_src_q_reg[data][13]/C
                            (rising edge-triggered cell FDCE clocked by tck  {rise@0.000ns fall@50.000ns period=100.000ns})
  Destination:            i_dmi_jtag/i_dmi_cdc/i_cdc_req/i_dst/data_dst_q_reg[data][13]/D
                            (rising edge-triggered cell FDCE clocked by clk_out1_xlnx_clk_gen  {rise@0.000ns fall@10.000ns period=20.000ns})
  Path Group:             clk_out1_xlnx_clk_gen
  Path Type:              Hold (Min at Fast Process Corner)
  Requirement:            0.000ns  (clk_out1_xlnx_clk_gen rise@0.000ns - tck rise@0.000ns)
  Data Path Delay:        0.251ns  (logic 0.141ns (56.174%)  route 0.110ns (43.826%))
  Logic Levels:           0  
  Clock Path Skew:        -3.257ns (DCD - SCD - CPR)
    Destination Clock Delay (DCD):    -0.839ns
    Source Clock Delay      (SCD):    2.418ns
    Clock Pessimism Removal (CPR):    -0.000ns
  Clock Uncertainty:      0.603ns  ((TSJ^2 + TIJ^2 + DJ^2)^1/2) / 2 + PE
    Total System Jitter     (TSJ):    0.071ns
    Total Input Jitter      (TIJ):    1.000ns
    Discrete Jitter          (DJ):    0.142ns
    Phase Error              (PE):    0.097ns
  Clock Domain Crossing:  Inter clock paths are considered valid unless explicitly excluded by timing constraints such as set_clock_groups or set_false_path.

    Location             Delay type                Incr(ns)  Path(ns)    Netlist Resource(s)
  -------------------------------------------------------------------    -------------------
                         (clock tck rise edge)        0.000     0.000 r  
    H15                                               0.000     0.000 r  tck (IN)
                         net (fo=0)                   0.000     0.000    tck
    H15                  IBUF (Prop_ibuf_I_O)         0.268     0.268 r  tck_IBUF_inst/O
                         net (fo=1, routed)           1.516     1.784    tck_IBUF
    BUFGCTRL_X0Y0        BUFG (Prop_bufg_I_O)         0.026     1.810 r  tck_IBUF_BUFG_inst/O
                         net (fo=258, routed)         0.608     2.418    i_dmi_jtag/i_dmi_cdc/i_cdc_req/i_src/CLK
    SLICE_X99Y89         FDCE                                         r  i_dmi_jtag/i_dmi_cdc/i_cdc_req/i_src/data_src_q_reg[data][13]/C
  -------------------------------------------------------------------    -------------------
    SLICE_X99Y89         FDCE (Prop_fdce_C_Q)         0.141     2.559 r  i_dmi_jtag/i_dmi_cdc/i_cdc_req/i_src/data_src_q_reg[data][13]/Q
                         net (fo=1, routed)           0.110     2.669    i_dmi_jtag/i_dmi_cdc/i_cdc_req/i_dst/data_dst_q_reg[data][31]_2[13]
    SLICE_X99Y88         FDCE                                         r  i_dmi_jtag/i_dmi_cdc/i_cdc_req/i_dst/data_dst_q_reg[data][13]/D
  -------------------------------------------------------------------    -------------------

                         (clock clk_out1_xlnx_clk_gen rise edge)
                                                      0.000     0.000 r  
    K17                                               0.000     0.000 r  clk_sys (IN)
                         net (fo=0)                   0.000     0.000    i_xlnx_clk_gen/inst/clk_in1
    K17                  IBUF (Prop_ibuf_I_O)         0.431     0.431 r  i_xlnx_clk_gen/inst/clkin1_ibufg/O
                         net (fo=1, routed)           0.480     0.911    i_xlnx_clk_gen/inst/clk_in1_xlnx_clk_gen
    MMCME2_ADV_X1Y2      MMCME2_ADV (Prop_mmcme2_adv_CLKIN1_CLKOUT0)
                                                     -3.407    -2.496 r  i_xlnx_clk_gen/inst/mmcm_adv_inst/CLKOUT0
                         net (fo=1, routed)           0.752    -1.744    i_xlnx_clk_gen/inst/clk_out1_xlnx_clk_gen
    BUFGCTRL_X0Y16       BUFG (Prop_bufg_I_O)         0.029    -1.715 r  i_xlnx_clk_gen/inst/clkout1_buf/O
                         net (fo=20013, routed)       0.876    -0.839    i_dmi_jtag/i_dmi_cdc/i_cdc_req/i_dst/clk_out1
    SLICE_X99Y88         FDCE                                         r  i_dmi_jtag/i_dmi_cdc/i_cdc_req/i_dst/data_dst_q_reg[data][13]/C
                         clock pessimism              0.000    -0.839    
                         clock uncertainty            0.603    -0.236    
    SLICE_X99Y88         FDCE (Hold_fdce_C_D)         0.070    -0.166    i_dmi_jtag/i_dmi_cdc/i_cdc_req/i_dst/data_dst_q_reg[data][13]
  -------------------------------------------------------------------
                         required time                          0.166    
                         arrival time                           2.669    
  -------------------------------------------------------------------
                         slack                                  2.835    

Slack (MET) :             2.836ns  (arrival time - required time)
  Source:                 i_dmi_jtag/i_dmi_cdc/i_cdc_req/i_src/data_src_q_reg[data][14]/C
                            (rising edge-triggered cell FDCE clocked by tck  {rise@0.000ns fall@50.000ns period=100.000ns})
  Destination:            i_dmi_jtag/i_dmi_cdc/i_cdc_req/i_dst/data_dst_q_reg[data][14]/D
                            (rising edge-triggered cell FDCE clocked by clk_out1_xlnx_clk_gen  {rise@0.000ns fall@10.000ns period=20.000ns})
  Path Group:             clk_out1_xlnx_clk_gen
  Path Type:              Hold (Min at Fast Process Corner)
  Requirement:            0.000ns  (clk_out1_xlnx_clk_gen rise@0.000ns - tck rise@0.000ns)
  Data Path Delay:        0.256ns  (logic 0.141ns (55.001%)  route 0.115ns (44.999%))
  Logic Levels:           0  
  Clock Path Skew:        -3.258ns (DCD - SCD - CPR)
    Destination Clock Delay (DCD):    -0.840ns
    Source Clock Delay      (SCD):    2.418ns
    Clock Pessimism Removal (CPR):    -0.000ns
  Clock Uncertainty:      0.603ns  ((TSJ^2 + TIJ^2 + DJ^2)^1/2) / 2 + PE
    Total System Jitter     (TSJ):    0.071ns
    Total Input Jitter      (TIJ):    1.000ns
    Discrete Jitter          (DJ):    0.142ns
    Phase Error              (PE):    0.097ns
  Clock Domain Crossing:  Inter clock paths are considered valid unless explicitly excluded by timing constraints such as set_clock_groups or set_false_path.

    Location             Delay type                Incr(ns)  Path(ns)    Netlist Resource(s)
  -------------------------------------------------------------------    -------------------
                         (clock tck rise edge)        0.000     0.000 r  
    H15                                               0.000     0.000 r  tck (IN)
                         net (fo=0)                   0.000     0.000    tck
    H15                  IBUF (Prop_ibuf_I_O)         0.268     0.268 r  tck_IBUF_inst/O
                         net (fo=1, routed)           1.516     1.784    tck_IBUF
    BUFGCTRL_X0Y0        BUFG (Prop_bufg_I_O)         0.026     1.810 r  tck_IBUF_BUFG_inst/O
                         net (fo=258, routed)         0.608     2.418    i_dmi_jtag/i_dmi_cdc/i_cdc_req/i_src/CLK
    SLICE_X99Y89         FDCE                                         r  i_dmi_jtag/i_dmi_cdc/i_cdc_req/i_src/data_src_q_reg[data][14]/C
  -------------------------------------------------------------------    -------------------
    SLICE_X99Y89         FDCE (Prop_fdce_C_Q)         0.141     2.559 r  i_dmi_jtag/i_dmi_cdc/i_cdc_req/i_src/data_src_q_reg[data][14]/Q
                         net (fo=1, routed)           0.115     2.674    i_dmi_jtag/i_dmi_cdc/i_cdc_req/i_dst/data_dst_q_reg[data][31]_2[14]
    SLICE_X96Y88         FDCE                                         r  i_dmi_jtag/i_dmi_cdc/i_cdc_req/i_dst/data_dst_q_reg[data][14]/D
  -------------------------------------------------------------------    -------------------

                         (clock clk_out1_xlnx_clk_gen rise edge)
                                                      0.000     0.000 r  
    K17                                               0.000     0.000 r  clk_sys (IN)
                         net (fo=0)                   0.000     0.000    i_xlnx_clk_gen/inst/clk_in1
    K17                  IBUF (Prop_ibuf_I_O)         0.431     0.431 r  i_xlnx_clk_gen/inst/clkin1_ibufg/O
                         net (fo=1, routed)           0.480     0.911    i_xlnx_clk_gen/inst/clk_in1_xlnx_clk_gen
    MMCME2_ADV_X1Y2      MMCME2_ADV (Prop_mmcme2_adv_CLKIN1_CLKOUT0)
                                                     -3.407    -2.496 r  i_xlnx_clk_gen/inst/mmcm_adv_inst/CLKOUT0
                         net (fo=1, routed)           0.752    -1.744    i_xlnx_clk_gen/inst/clk_out1_xlnx_clk_gen
    BUFGCTRL_X0Y16       BUFG (Prop_bufg_I_O)         0.029    -1.715 r  i_xlnx_clk_gen/inst/clkout1_buf/O
                         net (fo=20013, routed)       0.875    -0.840    i_dmi_jtag/i_dmi_cdc/i_cdc_req/i_dst/clk_out1
    SLICE_X96Y88         FDCE                                         r  i_dmi_jtag/i_dmi_cdc/i_cdc_req/i_dst/data_dst_q_reg[data][14]/C
                         clock pessimism              0.000    -0.840    
                         clock uncertainty            0.603    -0.237    
    SLICE_X96Y88         FDCE (Hold_fdce_C_D)         0.075    -0.162    i_dmi_jtag/i_dmi_cdc/i_cdc_req/i_dst/data_dst_q_reg[data][14]
  -------------------------------------------------------------------
                         required time                          0.162    
                         arrival time                           2.674    
  -------------------------------------------------------------------
                         slack                                  2.836    

Slack (MET) :             2.838ns  (arrival time - required time)
  Source:                 i_dmi_jtag/i_dmi_cdc/i_cdc_req/i_src/data_src_q_reg[data][10]/C
                            (rising edge-triggered cell FDCE clocked by tck  {rise@0.000ns fall@50.000ns period=100.000ns})
  Destination:            i_dmi_jtag/i_dmi_cdc/i_cdc_req/i_dst/data_dst_q_reg[data][10]/D
                            (rising edge-triggered cell FDCE clocked by clk_out1_xlnx_clk_gen  {rise@0.000ns fall@10.000ns period=20.000ns})
  Path Group:             clk_out1_xlnx_clk_gen
  Path Type:              Hold (Min at Fast Process Corner)
  Requirement:            0.000ns  (clk_out1_xlnx_clk_gen rise@0.000ns - tck rise@0.000ns)
  Data Path Delay:        0.251ns  (logic 0.141ns (56.174%)  route 0.110ns (43.826%))
  Logic Levels:           0  
  Clock Path Skew:        -3.260ns (DCD - SCD - CPR)
    Destination Clock Delay (DCD):    -0.818ns
    Source Clock Delay      (SCD):    2.442ns
    Clock Pessimism Removal (CPR):    -0.000ns
  Clock Uncertainty:      0.603ns  ((TSJ^2 + TIJ^2 + DJ^2)^1/2) / 2 + PE
    Total System Jitter     (TSJ):    0.071ns
    Total Input Jitter      (TIJ):    1.000ns
    Discrete Jitter          (DJ):    0.142ns
    Phase Error              (PE):    0.097ns
  Clock Domain Crossing:  Inter clock paths are considered valid unless explicitly excluded by timing constraints such as set_clock_groups or set_false_path.

    Location             Delay type                Incr(ns)  Path(ns)    Netlist Resource(s)
  -------------------------------------------------------------------    -------------------
                         (clock tck rise edge)        0.000     0.000 r  
    H15                                               0.000     0.000 r  tck (IN)
                         net (fo=0)                   0.000     0.000    tck
    H15                  IBUF (Prop_ibuf_I_O)         0.268     0.268 r  tck_IBUF_inst/O
                         net (fo=1, routed)           1.516     1.784    tck_IBUF
    BUFGCTRL_X0Y0        BUFG (Prop_bufg_I_O)         0.026     1.810 r  tck_IBUF_BUFG_inst/O
                         net (fo=258, routed)         0.632     2.442    i_dmi_jtag/i_dmi_cdc/i_cdc_req/i_src/CLK
    SLICE_X107Y83        FDCE                                         r  i_dmi_jtag/i_dmi_cdc/i_cdc_req/i_src/data_src_q_reg[data][10]/C
  -------------------------------------------------------------------    -------------------
    SLICE_X107Y83        FDCE (Prop_fdce_C_Q)         0.141     2.583 r  i_dmi_jtag/i_dmi_cdc/i_cdc_req/i_src/data_src_q_reg[data][10]/Q
                         net (fo=1, routed)           0.110     2.693    i_dmi_jtag/i_dmi_cdc/i_cdc_req/i_dst/data_dst_q_reg[data][31]_2[10]
    SLICE_X107Y82        FDCE                                         r  i_dmi_jtag/i_dmi_cdc/i_cdc_req/i_dst/data_dst_q_reg[data][10]/D
  -------------------------------------------------------------------    -------------------

                         (clock clk_out1_xlnx_clk_gen rise edge)
                                                      0.000     0.000 r  
    K17                                               0.000     0.000 r  clk_sys (IN)
                         net (fo=0)                   0.000     0.000    i_xlnx_clk_gen/inst/clk_in1
    K17                  IBUF (Prop_ibuf_I_O)         0.431     0.431 r  i_xlnx_clk_gen/inst/clkin1_ibufg/O
                         net (fo=1, routed)           0.480     0.911    i_xlnx_clk_gen/inst/clk_in1_xlnx_clk_gen
    MMCME2_ADV_X1Y2      MMCME2_ADV (Prop_mmcme2_adv_CLKIN1_CLKOUT0)
                                                     -3.407    -2.496 r  i_xlnx_clk_gen/inst/mmcm_adv_inst/CLKOUT0
                         net (fo=1, routed)           0.752    -1.744    i_xlnx_clk_gen/inst/clk_out1_xlnx_clk_gen
    BUFGCTRL_X0Y16       BUFG (Prop_bufg_I_O)         0.029    -1.715 r  i_xlnx_clk_gen/inst/clkout1_buf/O
                         net (fo=20013, routed)       0.897    -0.818    i_dmi_jtag/i_dmi_cdc/i_cdc_req/i_dst/clk_out1
    SLICE_X107Y82        FDCE                                         r  i_dmi_jtag/i_dmi_cdc/i_cdc_req/i_dst/data_dst_q_reg[data][10]/C
                         clock pessimism              0.000    -0.818    
                         clock uncertainty            0.603    -0.215    
    SLICE_X107Y82        FDCE (Hold_fdce_C_D)         0.070    -0.145    i_dmi_jtag/i_dmi_cdc/i_cdc_req/i_dst/data_dst_q_reg[data][10]
  -------------------------------------------------------------------
                         required time                          0.145    
                         arrival time                           2.693    
  -------------------------------------------------------------------
                         slack                                  2.838    

Slack (MET) :             2.838ns  (arrival time - required time)
  Source:                 i_dmi_jtag/i_dmi_cdc/i_cdc_req/i_src/data_src_q_reg[data][2]/C
                            (rising edge-triggered cell FDCE clocked by tck  {rise@0.000ns fall@50.000ns period=100.000ns})
  Destination:            i_dmi_jtag/i_dmi_cdc/i_cdc_req/i_dst/data_dst_q_reg[data][2]/D
                            (rising edge-triggered cell FDCE clocked by clk_out1_xlnx_clk_gen  {rise@0.000ns fall@10.000ns period=20.000ns})
  Path Group:             clk_out1_xlnx_clk_gen
  Path Type:              Hold (Min at Fast Process Corner)
  Requirement:            0.000ns  (clk_out1_xlnx_clk_gen rise@0.000ns - tck rise@0.000ns)
  Data Path Delay:        0.251ns  (logic 0.141ns (56.174%)  route 0.110ns (43.826%))
  Logic Levels:           0  
  Clock Path Skew:        -3.260ns (DCD - SCD - CPR)
    Destination Clock Delay (DCD):    -0.818ns
    Source Clock Delay      (SCD):    2.442ns
    Clock Pessimism Removal (CPR):    -0.000ns
  Clock Uncertainty:      0.603ns  ((TSJ^2 + TIJ^2 + DJ^2)^1/2) / 2 + PE
    Total System Jitter     (TSJ):    0.071ns
    Total Input Jitter      (TIJ):    1.000ns
    Discrete Jitter          (DJ):    0.142ns
    Phase Error              (PE):    0.097ns
  Clock Domain Crossing:  Inter clock paths are considered valid unless explicitly excluded by timing constraints such as set_clock_groups or set_false_path.

    Location             Delay type                Incr(ns)  Path(ns)    Netlist Resource(s)
  -------------------------------------------------------------------    -------------------
                         (clock tck rise edge)        0.000     0.000 r  
    H15                                               0.000     0.000 r  tck (IN)
                         net (fo=0)                   0.000     0.000    tck
    H15                  IBUF (Prop_ibuf_I_O)         0.268     0.268 r  tck_IBUF_inst/O
                         net (fo=1, routed)           1.516     1.784    tck_IBUF
    BUFGCTRL_X0Y0        BUFG (Prop_bufg_I_O)         0.026     1.810 r  tck_IBUF_BUFG_inst/O
                         net (fo=258, routed)         0.632     2.442    i_dmi_jtag/i_dmi_cdc/i_cdc_req/i_src/CLK
    SLICE_X107Y83        FDCE                                         r  i_dmi_jtag/i_dmi_cdc/i_cdc_req/i_src/data_src_q_reg[data][2]/C
  -------------------------------------------------------------------    -------------------
    SLICE_X107Y83        FDCE (Prop_fdce_C_Q)         0.141     2.583 r  i_dmi_jtag/i_dmi_cdc/i_cdc_req/i_src/data_src_q_reg[data][2]/Q
                         net (fo=1, routed)           0.110     2.693    i_dmi_jtag/i_dmi_cdc/i_cdc_req/i_dst/data_dst_q_reg[data][31]_2[2]
    SLICE_X107Y82        FDCE                                         r  i_dmi_jtag/i_dmi_cdc/i_cdc_req/i_dst/data_dst_q_reg[data][2]/D
  -------------------------------------------------------------------    -------------------

                         (clock clk_out1_xlnx_clk_gen rise edge)
                                                      0.000     0.000 r  
    K17                                               0.000     0.000 r  clk_sys (IN)
                         net (fo=0)                   0.000     0.000    i_xlnx_clk_gen/inst/clk_in1
    K17                  IBUF (Prop_ibuf_I_O)         0.431     0.431 r  i_xlnx_clk_gen/inst/clkin1_ibufg/O
                         net (fo=1, routed)           0.480     0.911    i_xlnx_clk_gen/inst/clk_in1_xlnx_clk_gen
    MMCME2_ADV_X1Y2      MMCME2_ADV (Prop_mmcme2_adv_CLKIN1_CLKOUT0)
                                                     -3.407    -2.496 r  i_xlnx_clk_gen/inst/mmcm_adv_inst/CLKOUT0
                         net (fo=1, routed)           0.752    -1.744    i_xlnx_clk_gen/inst/clk_out1_xlnx_clk_gen
    BUFGCTRL_X0Y16       BUFG (Prop_bufg_I_O)         0.029    -1.715 r  i_xlnx_clk_gen/inst/clkout1_buf/O
                         net (fo=20013, routed)       0.897    -0.818    i_dmi_jtag/i_dmi_cdc/i_cdc_req/i_dst/clk_out1
    SLICE_X107Y82        FDCE                                         r  i_dmi_jtag/i_dmi_cdc/i_cdc_req/i_dst/data_dst_q_reg[data][2]/C
                         clock pessimism              0.000    -0.818    
                         clock uncertainty            0.603    -0.215    
    SLICE_X107Y82        FDCE (Hold_fdce_C_D)         0.070    -0.145    i_dmi_jtag/i_dmi_cdc/i_cdc_req/i_dst/data_dst_q_reg[data][2]
  -------------------------------------------------------------------
                         required time                          0.145    
                         arrival time                           2.693    
  -------------------------------------------------------------------
                         slack                                  2.838    

Slack (MET) :             2.841ns  (arrival time - required time)
  Source:                 i_dmi_jtag/i_dmi_cdc/i_cdc_req/i_src/data_src_q_reg[addr][1]/C
                            (rising edge-triggered cell FDCE clocked by tck  {rise@0.000ns fall@50.000ns period=100.000ns})
  Destination:            i_dmi_jtag/i_dmi_cdc/i_cdc_req/i_dst/data_dst_q_reg[addr][1]/D
                            (rising edge-triggered cell FDCE clocked by clk_out1_xlnx_clk_gen  {rise@0.000ns fall@10.000ns period=20.000ns})
  Path Group:             clk_out1_xlnx_clk_gen
  Path Type:              Hold (Min at Fast Process Corner)
  Requirement:            0.000ns  (clk_out1_xlnx_clk_gen rise@0.000ns - tck rise@0.000ns)
  Data Path Delay:        0.257ns  (logic 0.141ns (54.965%)  route 0.116ns (45.035%))
  Logic Levels:           0  
  Clock Path Skew:        -3.257ns (DCD - SCD - CPR)
    Destination Clock Delay (DCD):    -0.839ns
    Source Clock Delay      (SCD):    2.418ns
    Clock Pessimism Removal (CPR):    -0.000ns
  Clock Uncertainty:      0.603ns  ((TSJ^2 + TIJ^2 + DJ^2)^1/2) / 2 + PE
    Total System Jitter     (TSJ):    0.071ns
    Total Input Jitter      (TIJ):    1.000ns
    Discrete Jitter          (DJ):    0.142ns
    Phase Error              (PE):    0.097ns
  Clock Domain Crossing:  Inter clock paths are considered valid unless explicitly excluded by timing constraints such as set_clock_groups or set_false_path.

    Location             Delay type                Incr(ns)  Path(ns)    Netlist Resource(s)
  -------------------------------------------------------------------    -------------------
                         (clock tck rise edge)        0.000     0.000 r  
    H15                                               0.000     0.000 r  tck (IN)
                         net (fo=0)                   0.000     0.000    tck
    H15                  IBUF (Prop_ibuf_I_O)         0.268     0.268 r  tck_IBUF_inst/O
                         net (fo=1, routed)           1.516     1.784    tck_IBUF
    BUFGCTRL_X0Y0        BUFG (Prop_bufg_I_O)         0.026     1.810 r  tck_IBUF_BUFG_inst/O
                         net (fo=258, routed)         0.608     2.418    i_dmi_jtag/i_dmi_cdc/i_cdc_req/i_src/CLK
    SLICE_X105Y88        FDCE                                         r  i_dmi_jtag/i_dmi_cdc/i_cdc_req/i_src/data_src_q_reg[addr][1]/C
  -------------------------------------------------------------------    -------------------
    SLICE_X105Y88        FDCE (Prop_fdce_C_Q)         0.141     2.559 r  i_dmi_jtag/i_dmi_cdc/i_cdc_req/i_src/data_src_q_reg[addr][1]/Q
                         net (fo=1, routed)           0.116     2.674    i_dmi_jtag/i_dmi_cdc/i_cdc_req/i_dst/data_dst_q_reg[addr][6]_1[1]
    SLICE_X103Y88        FDCE                                         r  i_dmi_jtag/i_dmi_cdc/i_cdc_req/i_dst/data_dst_q_reg[addr][1]/D
  -------------------------------------------------------------------    -------------------

                         (clock clk_out1_xlnx_clk_gen rise edge)
                                                      0.000     0.000 r  
    K17                                               0.000     0.000 r  clk_sys (IN)
                         net (fo=0)                   0.000     0.000    i_xlnx_clk_gen/inst/clk_in1
    K17                  IBUF (Prop_ibuf_I_O)         0.431     0.431 r  i_xlnx_clk_gen/inst/clkin1_ibufg/O
                         net (fo=1, routed)           0.480     0.911    i_xlnx_clk_gen/inst/clk_in1_xlnx_clk_gen
    MMCME2_ADV_X1Y2      MMCME2_ADV (Prop_mmcme2_adv_CLKIN1_CLKOUT0)
                                                     -3.407    -2.496 r  i_xlnx_clk_gen/inst/mmcm_adv_inst/CLKOUT0
                         net (fo=1, routed)           0.752    -1.744    i_xlnx_clk_gen/inst/clk_out1_xlnx_clk_gen
    BUFGCTRL_X0Y16       BUFG (Prop_bufg_I_O)         0.029    -1.715 r  i_xlnx_clk_gen/inst/clkout1_buf/O
                         net (fo=20013, routed)       0.876    -0.839    i_dmi_jtag/i_dmi_cdc/i_cdc_req/i_dst/clk_out1
    SLICE_X103Y88        FDCE                                         r  i_dmi_jtag/i_dmi_cdc/i_cdc_req/i_dst/data_dst_q_reg[addr][1]/C
                         clock pessimism              0.000    -0.839    
                         clock uncertainty            0.603    -0.236    
    SLICE_X103Y88        FDCE (Hold_fdce_C_D)         0.070    -0.166    i_dmi_jtag/i_dmi_cdc/i_cdc_req/i_dst/data_dst_q_reg[addr][1]
  -------------------------------------------------------------------
                         required time                          0.166    
                         arrival time                           2.674    
  -------------------------------------------------------------------
                         slack                                  2.841    

Slack (MET) :             2.842ns  (arrival time - required time)
  Source:                 i_dmi_jtag/i_dmi_cdc/i_cdc_req/i_src/data_src_q_reg[data][1]/C
                            (rising edge-triggered cell FDCE clocked by tck  {rise@0.000ns fall@50.000ns period=100.000ns})
  Destination:            i_dmi_jtag/i_dmi_cdc/i_cdc_req/i_dst/data_dst_q_reg[data][1]/D
                            (rising edge-triggered cell FDCE clocked by clk_out1_xlnx_clk_gen  {rise@0.000ns fall@10.000ns period=20.000ns})
  Path Group:             clk_out1_xlnx_clk_gen
  Path Type:              Hold (Min at Fast Process Corner)
  Requirement:            0.000ns  (clk_out1_xlnx_clk_gen rise@0.000ns - tck rise@0.000ns)
  Data Path Delay:        0.251ns  (logic 0.141ns (56.174%)  route 0.110ns (43.826%))
  Logic Levels:           0  
  Clock Path Skew:        -3.260ns (DCD - SCD - CPR)
    Destination Clock Delay (DCD):    -0.818ns
    Source Clock Delay      (SCD):    2.442ns
    Clock Pessimism Removal (CPR):    -0.000ns
  Clock Uncertainty:      0.603ns  ((TSJ^2 + TIJ^2 + DJ^2)^1/2) / 2 + PE
    Total System Jitter     (TSJ):    0.071ns
    Total Input Jitter      (TIJ):    1.000ns
    Discrete Jitter          (DJ):    0.142ns
    Phase Error              (PE):    0.097ns
  Clock Domain Crossing:  Inter clock paths are considered valid unless explicitly excluded by timing constraints such as set_clock_groups or set_false_path.

    Location             Delay type                Incr(ns)  Path(ns)    Netlist Resource(s)
  -------------------------------------------------------------------    -------------------
                         (clock tck rise edge)        0.000     0.000 r  
    H15                                               0.000     0.000 r  tck (IN)
                         net (fo=0)                   0.000     0.000    tck
    H15                  IBUF (Prop_ibuf_I_O)         0.268     0.268 r  tck_IBUF_inst/O
                         net (fo=1, routed)           1.516     1.784    tck_IBUF
    BUFGCTRL_X0Y0        BUFG (Prop_bufg_I_O)         0.026     1.810 r  tck_IBUF_BUFG_inst/O
                         net (fo=258, routed)         0.632     2.442    i_dmi_jtag/i_dmi_cdc/i_cdc_req/i_src/CLK
    SLICE_X107Y83        FDCE                                         r  i_dmi_jtag/i_dmi_cdc/i_cdc_req/i_src/data_src_q_reg[data][1]/C
  -------------------------------------------------------------------    -------------------
    SLICE_X107Y83        FDCE (Prop_fdce_C_Q)         0.141     2.583 r  i_dmi_jtag/i_dmi_cdc/i_cdc_req/i_src/data_src_q_reg[data][1]/Q
                         net (fo=1, routed)           0.110     2.693    i_dmi_jtag/i_dmi_cdc/i_cdc_req/i_dst/data_dst_q_reg[data][31]_2[1]
    SLICE_X107Y82        FDCE                                         r  i_dmi_jtag/i_dmi_cdc/i_cdc_req/i_dst/data_dst_q_reg[data][1]/D
  -------------------------------------------------------------------    -------------------

                         (clock clk_out1_xlnx_clk_gen rise edge)
                                                      0.000     0.000 r  
    K17                                               0.000     0.000 r  clk_sys (IN)
                         net (fo=0)                   0.000     0.000    i_xlnx_clk_gen/inst/clk_in1
    K17                  IBUF (Prop_ibuf_I_O)         0.431     0.431 r  i_xlnx_clk_gen/inst/clkin1_ibufg/O
                         net (fo=1, routed)           0.480     0.911    i_xlnx_clk_gen/inst/clk_in1_xlnx_clk_gen
    MMCME2_ADV_X1Y2      MMCME2_ADV (Prop_mmcme2_adv_CLKIN1_CLKOUT0)
                                                     -3.407    -2.496 r  i_xlnx_clk_gen/inst/mmcm_adv_inst/CLKOUT0
                         net (fo=1, routed)           0.752    -1.744    i_xlnx_clk_gen/inst/clk_out1_xlnx_clk_gen
    BUFGCTRL_X0Y16       BUFG (Prop_bufg_I_O)         0.029    -1.715 r  i_xlnx_clk_gen/inst/clkout1_buf/O
                         net (fo=20013, routed)       0.897    -0.818    i_dmi_jtag/i_dmi_cdc/i_cdc_req/i_dst/clk_out1
    SLICE_X107Y82        FDCE                                         r  i_dmi_jtag/i_dmi_cdc/i_cdc_req/i_dst/data_dst_q_reg[data][1]/C
                         clock pessimism              0.000    -0.818    
                         clock uncertainty            0.603    -0.215    
    SLICE_X107Y82        FDCE (Hold_fdce_C_D)         0.066    -0.149    i_dmi_jtag/i_dmi_cdc/i_cdc_req/i_dst/data_dst_q_reg[data][1]
  -------------------------------------------------------------------
                         required time                          0.149    
                         arrival time                           2.693    
  -------------------------------------------------------------------
                         slack                                  2.842    

Slack (MET) :             2.845ns  (arrival time - required time)
  Source:                 i_dmi_jtag/i_dmi_cdc/i_cdc_req/i_src/data_src_q_reg[addr][2]/C
                            (rising edge-triggered cell FDCE clocked by tck  {rise@0.000ns fall@50.000ns period=100.000ns})
  Destination:            i_dmi_jtag/i_dmi_cdc/i_cdc_req/i_dst/data_dst_q_reg[addr][2]/D
                            (rising edge-triggered cell FDCE clocked by clk_out1_xlnx_clk_gen  {rise@0.000ns fall@10.000ns period=20.000ns})
  Path Group:             clk_out1_xlnx_clk_gen
  Path Type:              Hold (Min at Fast Process Corner)
  Requirement:            0.000ns  (clk_out1_xlnx_clk_gen rise@0.000ns - tck rise@0.000ns)
  Data Path Delay:        0.257ns  (logic 0.141ns (54.965%)  route 0.116ns (45.035%))
  Logic Levels:           0  
  Clock Path Skew:        -3.257ns (DCD - SCD - CPR)
    Destination Clock Delay (DCD):    -0.839ns
    Source Clock Delay      (SCD):    2.418ns
    Clock Pessimism Removal (CPR):    -0.000ns
  Clock Uncertainty:      0.603ns  ((TSJ^2 + TIJ^2 + DJ^2)^1/2) / 2 + PE
    Total System Jitter     (TSJ):    0.071ns
    Total Input Jitter      (TIJ):    1.000ns
    Discrete Jitter          (DJ):    0.142ns
    Phase Error              (PE):    0.097ns
  Clock Domain Crossing:  Inter clock paths are considered valid unless explicitly excluded by timing constraints such as set_clock_groups or set_false_path.

    Location             Delay type                Incr(ns)  Path(ns)    Netlist Resource(s)
  -------------------------------------------------------------------    -------------------
                         (clock tck rise edge)        0.000     0.000 r  
    H15                                               0.000     0.000 r  tck (IN)
                         net (fo=0)                   0.000     0.000    tck
    H15                  IBUF (Prop_ibuf_I_O)         0.268     0.268 r  tck_IBUF_inst/O
                         net (fo=1, routed)           1.516     1.784    tck_IBUF
    BUFGCTRL_X0Y0        BUFG (Prop_bufg_I_O)         0.026     1.810 r  tck_IBUF_BUFG_inst/O
                         net (fo=258, routed)         0.608     2.418    i_dmi_jtag/i_dmi_cdc/i_cdc_req/i_src/CLK
    SLICE_X105Y88        FDCE                                         r  i_dmi_jtag/i_dmi_cdc/i_cdc_req/i_src/data_src_q_reg[addr][2]/C
  -------------------------------------------------------------------    -------------------
    SLICE_X105Y88        FDCE (Prop_fdce_C_Q)         0.141     2.559 r  i_dmi_jtag/i_dmi_cdc/i_cdc_req/i_src/data_src_q_reg[addr][2]/Q
                         net (fo=1, routed)           0.116     2.674    i_dmi_jtag/i_dmi_cdc/i_cdc_req/i_dst/data_dst_q_reg[addr][6]_1[2]
    SLICE_X103Y88        FDCE                                         r  i_dmi_jtag/i_dmi_cdc/i_cdc_req/i_dst/data_dst_q_reg[addr][2]/D
  -------------------------------------------------------------------    -------------------

                         (clock clk_out1_xlnx_clk_gen rise edge)
                                                      0.000     0.000 r  
    K17                                               0.000     0.000 r  clk_sys (IN)
                         net (fo=0)                   0.000     0.000    i_xlnx_clk_gen/inst/clk_in1
    K17                  IBUF (Prop_ibuf_I_O)         0.431     0.431 r  i_xlnx_clk_gen/inst/clkin1_ibufg/O
                         net (fo=1, routed)           0.480     0.911    i_xlnx_clk_gen/inst/clk_in1_xlnx_clk_gen
    MMCME2_ADV_X1Y2      MMCME2_ADV (Prop_mmcme2_adv_CLKIN1_CLKOUT0)
                                                     -3.407    -2.496 r  i_xlnx_clk_gen/inst/mmcm_adv_inst/CLKOUT0
                         net (fo=1, routed)           0.752    -1.744    i_xlnx_clk_gen/inst/clk_out1_xlnx_clk_gen
    BUFGCTRL_X0Y16       BUFG (Prop_bufg_I_O)         0.029    -1.715 r  i_xlnx_clk_gen/inst/clkout1_buf/O
                         net (fo=20013, routed)       0.876    -0.839    i_dmi_jtag/i_dmi_cdc/i_cdc_req/i_dst/clk_out1
    SLICE_X103Y88        FDCE                                         r  i_dmi_jtag/i_dmi_cdc/i_cdc_req/i_dst/data_dst_q_reg[addr][2]/C
                         clock pessimism              0.000    -0.839    
                         clock uncertainty            0.603    -0.236    
    SLICE_X103Y88        FDCE (Hold_fdce_C_D)         0.066    -0.170    i_dmi_jtag/i_dmi_cdc/i_cdc_req/i_dst/data_dst_q_reg[addr][2]
  -------------------------------------------------------------------
                         required time                          0.170    
                         arrival time                           2.674    
  -------------------------------------------------------------------
                         slack                                  2.845    

Slack (MET) :             2.848ns  (arrival time - required time)
  Source:                 i_dmi_jtag/i_dmi_cdc/i_cdc_req/i_src/data_src_q_reg[op][0]/C
                            (rising edge-triggered cell FDCE clocked by tck  {rise@0.000ns fall@50.000ns period=100.000ns})
  Destination:            i_dmi_jtag/i_dmi_cdc/i_cdc_req/i_dst/data_dst_q_reg[op][0]/D
                            (rising edge-triggered cell FDCE clocked by clk_out1_xlnx_clk_gen  {rise@0.000ns fall@10.000ns period=20.000ns})
  Path Group:             clk_out1_xlnx_clk_gen
  Path Type:              Hold (Min at Fast Process Corner)
  Requirement:            0.000ns  (clk_out1_xlnx_clk_gen rise@0.000ns - tck rise@0.000ns)
  Data Path Delay:        0.261ns  (logic 0.141ns (54.076%)  route 0.120ns (45.924%))
  Logic Levels:           0  
  Clock Path Skew:        -3.260ns (DCD - SCD - CPR)
    Destination Clock Delay (DCD):    -0.818ns
    Source Clock Delay      (SCD):    2.442ns
    Clock Pessimism Removal (CPR):    -0.000ns
  Clock Uncertainty:      0.603ns  ((TSJ^2 + TIJ^2 + DJ^2)^1/2) / 2 + PE
    Total System Jitter     (TSJ):    0.071ns
    Total Input Jitter      (TIJ):    1.000ns
    Discrete Jitter          (DJ):    0.142ns
    Phase Error              (PE):    0.097ns
  Clock Domain Crossing:  Inter clock paths are considered valid unless explicitly excluded by timing constraints such as set_clock_groups or set_false_path.

    Location             Delay type                Incr(ns)  Path(ns)    Netlist Resource(s)
  -------------------------------------------------------------------    -------------------
                         (clock tck rise edge)        0.000     0.000 r  
    H15                                               0.000     0.000 r  tck (IN)
                         net (fo=0)                   0.000     0.000    tck
    H15                  IBUF (Prop_ibuf_I_O)         0.268     0.268 r  tck_IBUF_inst/O
                         net (fo=1, routed)           1.516     1.784    tck_IBUF
    BUFGCTRL_X0Y0        BUFG (Prop_bufg_I_O)         0.026     1.810 r  tck_IBUF_BUFG_inst/O
                         net (fo=258, routed)         0.632     2.442    i_dmi_jtag/i_dmi_cdc/i_cdc_req/i_src/CLK
    SLICE_X106Y83        FDCE                                         r  i_dmi_jtag/i_dmi_cdc/i_cdc_req/i_src/data_src_q_reg[op][0]/C
  -------------------------------------------------------------------    -------------------
    SLICE_X106Y83        FDCE (Prop_fdce_C_Q)         0.141     2.583 r  i_dmi_jtag/i_dmi_cdc/i_cdc_req/i_src/data_src_q_reg[op][0]/Q
                         net (fo=1, routed)           0.120     2.703    i_dmi_jtag/i_dmi_cdc/i_cdc_req/i_dst/data_dst_q_reg[op][1]_1[0]
    SLICE_X106Y82        FDCE                                         r  i_dmi_jtag/i_dmi_cdc/i_cdc_req/i_dst/data_dst_q_reg[op][0]/D
  -------------------------------------------------------------------    -------------------

                         (clock clk_out1_xlnx_clk_gen rise edge)
                                                      0.000     0.000 r  
    K17                                               0.000     0.000 r  clk_sys (IN)
                         net (fo=0)                   0.000     0.000    i_xlnx_clk_gen/inst/clk_in1
    K17                  IBUF (Prop_ibuf_I_O)         0.431     0.431 r  i_xlnx_clk_gen/inst/clkin1_ibufg/O
                         net (fo=1, routed)           0.480     0.911    i_xlnx_clk_gen/inst/clk_in1_xlnx_clk_gen
    MMCME2_ADV_X1Y2      MMCME2_ADV (Prop_mmcme2_adv_CLKIN1_CLKOUT0)
                                                     -3.407    -2.496 r  i_xlnx_clk_gen/inst/mmcm_adv_inst/CLKOUT0
                         net (fo=1, routed)           0.752    -1.744    i_xlnx_clk_gen/inst/clk_out1_xlnx_clk_gen
    BUFGCTRL_X0Y16       BUFG (Prop_bufg_I_O)         0.029    -1.715 r  i_xlnx_clk_gen/inst/clkout1_buf/O
                         net (fo=20013, routed)       0.897    -0.818    i_dmi_jtag/i_dmi_cdc/i_cdc_req/i_dst/clk_out1
    SLICE_X106Y82        FDCE                                         r  i_dmi_jtag/i_dmi_cdc/i_cdc_req/i_dst/data_dst_q_reg[op][0]/C
                         clock pessimism              0.000    -0.818    
                         clock uncertainty            0.603    -0.215    
    SLICE_X106Y82        FDCE (Hold_fdce_C_D)         0.070    -0.145    i_dmi_jtag/i_dmi_cdc/i_cdc_req/i_dst/data_dst_q_reg[op][0]
  -------------------------------------------------------------------
                         required time                          0.145    
                         arrival time                           2.703    
  -------------------------------------------------------------------
                         slack                                  2.848    

Slack (MET) :             2.853ns  (arrival time - required time)
  Source:                 i_dmi_jtag/i_dmi_cdc/i_cdc_req/i_src/data_src_q_reg[addr][0]/C
                            (rising edge-triggered cell FDCE clocked by tck  {rise@0.000ns fall@50.000ns period=100.000ns})
  Destination:            i_dmi_jtag/i_dmi_cdc/i_cdc_req/i_dst/data_dst_q_reg[addr][0]/D
                            (rising edge-triggered cell FDCE clocked by clk_out1_xlnx_clk_gen  {rise@0.000ns fall@10.000ns period=20.000ns})
  Path Group:             clk_out1_xlnx_clk_gen
  Path Type:              Hold (Min at Fast Process Corner)
  Requirement:            0.000ns  (clk_out1_xlnx_clk_gen rise@0.000ns - tck rise@0.000ns)
  Data Path Delay:        0.258ns  (logic 0.141ns (54.755%)  route 0.117ns (45.245%))
  Logic Levels:           0  
  Clock Path Skew:        -3.257ns (DCD - SCD - CPR)
    Destination Clock Delay (DCD):    -0.839ns
    Source Clock Delay      (SCD):    2.418ns
    Clock Pessimism Removal (CPR):    -0.000ns
  Clock Uncertainty:      0.603ns  ((TSJ^2 + TIJ^2 + DJ^2)^1/2) / 2 + PE
    Total System Jitter     (TSJ):    0.071ns
    Total Input Jitter      (TIJ):    1.000ns
    Discrete Jitter          (DJ):    0.142ns
    Phase Error              (PE):    0.097ns
  Clock Domain Crossing:  Inter clock paths are considered valid unless explicitly excluded by timing constraints such as set_clock_groups or set_false_path.

    Location             Delay type                Incr(ns)  Path(ns)    Netlist Resource(s)
  -------------------------------------------------------------------    -------------------
                         (clock tck rise edge)        0.000     0.000 r  
    H15                                               0.000     0.000 r  tck (IN)
                         net (fo=0)                   0.000     0.000    tck
    H15                  IBUF (Prop_ibuf_I_O)         0.268     0.268 r  tck_IBUF_inst/O
                         net (fo=1, routed)           1.516     1.784    tck_IBUF
    BUFGCTRL_X0Y0        BUFG (Prop_bufg_I_O)         0.026     1.810 r  tck_IBUF_BUFG_inst/O
                         net (fo=258, routed)         0.608     2.418    i_dmi_jtag/i_dmi_cdc/i_cdc_req/i_src/CLK
    SLICE_X105Y88        FDCE                                         r  i_dmi_jtag/i_dmi_cdc/i_cdc_req/i_src/data_src_q_reg[addr][0]/C
  -------------------------------------------------------------------    -------------------
    SLICE_X105Y88        FDCE (Prop_fdce_C_Q)         0.141     2.559 r  i_dmi_jtag/i_dmi_cdc/i_cdc_req/i_src/data_src_q_reg[addr][0]/Q
                         net (fo=1, routed)           0.117     2.675    i_dmi_jtag/i_dmi_cdc/i_cdc_req/i_dst/data_dst_q_reg[addr][6]_1[0]
    SLICE_X102Y88        FDCE                                         r  i_dmi_jtag/i_dmi_cdc/i_cdc_req/i_dst/data_dst_q_reg[addr][0]/D
  -------------------------------------------------------------------    -------------------

                         (clock clk_out1_xlnx_clk_gen rise edge)
                                                      0.000     0.000 r  
    K17                                               0.000     0.000 r  clk_sys (IN)
                         net (fo=0)                   0.000     0.000    i_xlnx_clk_gen/inst/clk_in1
    K17                  IBUF (Prop_ibuf_I_O)         0.431     0.431 r  i_xlnx_clk_gen/inst/clkin1_ibufg/O
                         net (fo=1, routed)           0.480     0.911    i_xlnx_clk_gen/inst/clk_in1_xlnx_clk_gen
    MMCME2_ADV_X1Y2      MMCME2_ADV (Prop_mmcme2_adv_CLKIN1_CLKOUT0)
                                                     -3.407    -2.496 r  i_xlnx_clk_gen/inst/mmcm_adv_inst/CLKOUT0
                         net (fo=1, routed)           0.752    -1.744    i_xlnx_clk_gen/inst/clk_out1_xlnx_clk_gen
    BUFGCTRL_X0Y16       BUFG (Prop_bufg_I_O)         0.029    -1.715 r  i_xlnx_clk_gen/inst/clkout1_buf/O
                         net (fo=20013, routed)       0.876    -0.839    i_dmi_jtag/i_dmi_cdc/i_cdc_req/i_dst/clk_out1
    SLICE_X102Y88        FDCE                                         r  i_dmi_jtag/i_dmi_cdc/i_cdc_req/i_dst/data_dst_q_reg[addr][0]/C
                         clock pessimism              0.000    -0.839    
                         clock uncertainty            0.603    -0.236    
    SLICE_X102Y88        FDCE (Hold_fdce_C_D)         0.059    -0.177    i_dmi_jtag/i_dmi_cdc/i_cdc_req/i_dst/data_dst_q_reg[addr][0]
  -------------------------------------------------------------------
                         required time                          0.177    
                         arrival time                           2.675    
  -------------------------------------------------------------------
                         slack                                  2.853    

Slack (MET) :             2.855ns  (arrival time - required time)
  Source:                 i_dmi_jtag/i_dmi_cdc/i_cdc_req/i_src/data_src_q_reg[data][18]/C
                            (rising edge-triggered cell FDCE clocked by tck  {rise@0.000ns fall@50.000ns period=100.000ns})
  Destination:            i_dmi_jtag/i_dmi_cdc/i_cdc_req/i_dst/data_dst_q_reg[data][18]/D
                            (rising edge-triggered cell FDCE clocked by clk_out1_xlnx_clk_gen  {rise@0.000ns fall@10.000ns period=20.000ns})
  Path Group:             clk_out1_xlnx_clk_gen
  Path Type:              Hold (Min at Fast Process Corner)
  Requirement:            0.000ns  (clk_out1_xlnx_clk_gen rise@0.000ns - tck rise@0.000ns)
  Data Path Delay:        0.248ns  (logic 0.141ns (56.815%)  route 0.107ns (43.185%))
  Logic Levels:           0  
  Clock Path Skew:        -3.257ns (DCD - SCD - CPR)
    Destination Clock Delay (DCD):    -0.840ns
    Source Clock Delay      (SCD):    2.417ns
    Clock Pessimism Removal (CPR):    -0.000ns
  Clock Uncertainty:      0.603ns  ((TSJ^2 + TIJ^2 + DJ^2)^1/2) / 2 + PE
    Total System Jitter     (TSJ):    0.071ns
    Total Input Jitter      (TIJ):    1.000ns
    Discrete Jitter          (DJ):    0.142ns
    Phase Error              (PE):    0.097ns
  Clock Domain Crossing:  Inter clock paths are considered valid unless explicitly excluded by timing constraints such as set_clock_groups or set_false_path.

    Location             Delay type                Incr(ns)  Path(ns)    Netlist Resource(s)
  -------------------------------------------------------------------    -------------------
                         (clock tck rise edge)        0.000     0.000 r  
    H15                                               0.000     0.000 r  tck (IN)
                         net (fo=0)                   0.000     0.000    tck
    H15                  IBUF (Prop_ibuf_I_O)         0.268     0.268 r  tck_IBUF_inst/O
                         net (fo=1, routed)           1.516     1.784    tck_IBUF
    BUFGCTRL_X0Y0        BUFG (Prop_bufg_I_O)         0.026     1.810 r  tck_IBUF_BUFG_inst/O
                         net (fo=258, routed)         0.607     2.417    i_dmi_jtag/i_dmi_cdc/i_cdc_req/i_src/CLK
    SLICE_X95Y89         FDCE                                         r  i_dmi_jtag/i_dmi_cdc/i_cdc_req/i_src/data_src_q_reg[data][18]/C
  -------------------------------------------------------------------    -------------------
    SLICE_X95Y89         FDCE (Prop_fdce_C_Q)         0.141     2.558 r  i_dmi_jtag/i_dmi_cdc/i_cdc_req/i_src/data_src_q_reg[data][18]/Q
                         net (fo=1, routed)           0.107     2.665    i_dmi_jtag/i_dmi_cdc/i_cdc_req/i_dst/data_dst_q_reg[data][31]_2[18]
    SLICE_X95Y88         FDCE                                         r  i_dmi_jtag/i_dmi_cdc/i_cdc_req/i_dst/data_dst_q_reg[data][18]/D
  -------------------------------------------------------------------    -------------------

                         (clock clk_out1_xlnx_clk_gen rise edge)
                                                      0.000     0.000 r  
    K17                                               0.000     0.000 r  clk_sys (IN)
                         net (fo=0)                   0.000     0.000    i_xlnx_clk_gen/inst/clk_in1
    K17                  IBUF (Prop_ibuf_I_O)         0.431     0.431 r  i_xlnx_clk_gen/inst/clkin1_ibufg/O
                         net (fo=1, routed)           0.480     0.911    i_xlnx_clk_gen/inst/clk_in1_xlnx_clk_gen
    MMCME2_ADV_X1Y2      MMCME2_ADV (Prop_mmcme2_adv_CLKIN1_CLKOUT0)
                                                     -3.407    -2.496 r  i_xlnx_clk_gen/inst/mmcm_adv_inst/CLKOUT0
                         net (fo=1, routed)           0.752    -1.744    i_xlnx_clk_gen/inst/clk_out1_xlnx_clk_gen
    BUFGCTRL_X0Y16       BUFG (Prop_bufg_I_O)         0.029    -1.715 r  i_xlnx_clk_gen/inst/clkout1_buf/O
                         net (fo=20013, routed)       0.875    -0.840    i_dmi_jtag/i_dmi_cdc/i_cdc_req/i_dst/clk_out1
    SLICE_X95Y88         FDCE                                         r  i_dmi_jtag/i_dmi_cdc/i_cdc_req/i_dst/data_dst_q_reg[data][18]/C
                         clock pessimism              0.000    -0.840    
                         clock uncertainty            0.603    -0.237    
    SLICE_X95Y88         FDCE (Hold_fdce_C_D)         0.047    -0.190    i_dmi_jtag/i_dmi_cdc/i_cdc_req/i_dst/data_dst_q_reg[data][18]
  -------------------------------------------------------------------
                         required time                          0.190    
                         arrival time                           2.665    
  -------------------------------------------------------------------
                         slack                                  2.855    





---------------------------------------------------------------------------------------------------
From Clock:  clk_out1_xlnx_clk_gen
  To Clock:  tck

Setup :            0  Failing Endpoints,  Worst Slack       18.513ns,  Total Violation        0.000ns
Hold  :           NA  Failing Endpoints,  Worst Slack           NA  ,  Total Violation           NA
---------------------------------------------------------------------------------------------------


Max Delay Paths
--------------------------------------------------------------------------------------
Slack (MET) :             18.513ns  (required time - arrival time)
  Source:                 i_dmi_jtag/i_dmi_cdc/i_cdc_resp/i_src/data_src_q_reg[data][31]/C
                            (rising edge-triggered cell FDCE clocked by clk_out1_xlnx_clk_gen  {rise@0.000ns fall@10.000ns period=20.000ns})
  Destination:            i_dmi_jtag/i_dmi_cdc/i_cdc_resp/i_dst/data_dst_q_reg[data][31]/D
                            (rising edge-triggered cell FDCE clocked by tck  {rise@0.000ns fall@50.000ns period=100.000ns})
  Path Group:             tck
  Path Type:              Setup (Max at Slow Process Corner)
  Requirement:            20.000ns  (MaxDelay Path 20.000ns)
  Data Path Delay:        1.302ns  (logic 0.478ns (36.726%)  route 0.824ns (63.274%))
  Logic Levels:           0  
  Timing Exception:       MaxDelay Path 20.000ns -datapath_only

    Location             Delay type                Incr(ns)  Path(ns)    Netlist Resource(s)
  -------------------------------------------------------------------    -------------------
    SLICE_X98Y87                                      0.000     0.000 r  i_dmi_jtag/i_dmi_cdc/i_cdc_resp/i_src/data_src_q_reg[data][31]/C
    SLICE_X98Y87         FDCE (Prop_fdce_C_Q)         0.478     0.478 r  i_dmi_jtag/i_dmi_cdc/i_cdc_resp/i_src/data_src_q_reg[data][31]/Q
                         net (fo=1, routed)           0.824     1.302    i_dmi_jtag/i_dmi_cdc/i_cdc_resp/i_dst/D[31]
    SLICE_X98Y90         FDCE                                         r  i_dmi_jtag/i_dmi_cdc/i_cdc_resp/i_dst/data_dst_q_reg[data][31]/D
  -------------------------------------------------------------------    -------------------

                         max delay                   20.000    20.000    
    SLICE_X98Y90         FDCE (Setup_fdce_C_D)       -0.185    19.815    i_dmi_jtag/i_dmi_cdc/i_cdc_resp/i_dst/data_dst_q_reg[data][31]
  -------------------------------------------------------------------
                         required time                         19.815    
                         arrival time                          -1.302    
  -------------------------------------------------------------------
                         slack                                 18.513    

Slack (MET) :             18.597ns  (required time - arrival time)
  Source:                 i_dmi_jtag/i_dmi_cdc/i_cdc_resp/i_src/data_src_q_reg[data][2]/C
                            (rising edge-triggered cell FDCE clocked by clk_out1_xlnx_clk_gen  {rise@0.000ns fall@10.000ns period=20.000ns})
  Destination:            i_dmi_jtag/i_dmi_cdc/i_cdc_resp/i_dst/data_dst_q_reg[data][2]/D
                            (rising edge-triggered cell FDCE clocked by tck  {rise@0.000ns fall@50.000ns period=100.000ns})
  Path Group:             tck
  Path Type:              Setup (Max at Slow Process Corner)
  Requirement:            20.000ns  (MaxDelay Path 20.000ns)
  Data Path Delay:        1.198ns  (logic 0.478ns (39.897%)  route 0.720ns (60.103%))
  Logic Levels:           0  
  Timing Exception:       MaxDelay Path 20.000ns -datapath_only

    Location             Delay type                Incr(ns)  Path(ns)    Netlist Resource(s)
  -------------------------------------------------------------------    -------------------
    SLICE_X98Y84                                      0.000     0.000 r  i_dmi_jtag/i_dmi_cdc/i_cdc_resp/i_src/data_src_q_reg[data][2]/C
    SLICE_X98Y84         FDCE (Prop_fdce_C_Q)         0.478     0.478 r  i_dmi_jtag/i_dmi_cdc/i_cdc_resp/i_src/data_src_q_reg[data][2]/Q
                         net (fo=1, routed)           0.720     1.198    i_dmi_jtag/i_dmi_cdc/i_cdc_resp/i_dst/D[2]
    SLICE_X104Y83        FDCE                                         r  i_dmi_jtag/i_dmi_cdc/i_cdc_resp/i_dst/data_dst_q_reg[data][2]/D
  -------------------------------------------------------------------    -------------------

                         max delay                   20.000    20.000    
    SLICE_X104Y83        FDCE (Setup_fdce_C_D)       -0.205    19.795    i_dmi_jtag/i_dmi_cdc/i_cdc_resp/i_dst/data_dst_q_reg[data][2]
  -------------------------------------------------------------------
                         required time                         19.795    
                         arrival time                          -1.198    
  -------------------------------------------------------------------
                         slack                                 18.597    

Slack (MET) :             18.611ns  (required time - arrival time)
  Source:                 i_dmi_jtag/i_dmi_cdc/i_cdc_resp/i_src/data_src_q_reg[data][26]/C
                            (rising edge-triggered cell FDCE clocked by clk_out1_xlnx_clk_gen  {rise@0.000ns fall@10.000ns period=20.000ns})
  Destination:            i_dmi_jtag/i_dmi_cdc/i_cdc_resp/i_dst/data_dst_q_reg[data][26]/D
                            (rising edge-triggered cell FDCE clocked by tck  {rise@0.000ns fall@50.000ns period=100.000ns})
  Path Group:             tck
  Path Type:              Setup (Max at Slow Process Corner)
  Requirement:            20.000ns  (MaxDelay Path 20.000ns)
  Data Path Delay:        1.131ns  (logic 0.478ns (42.267%)  route 0.653ns (57.733%))
  Logic Levels:           0  
  Timing Exception:       MaxDelay Path 20.000ns -datapath_only

    Location             Delay type                Incr(ns)  Path(ns)    Netlist Resource(s)
  -------------------------------------------------------------------    -------------------
    SLICE_X94Y87                                      0.000     0.000 r  i_dmi_jtag/i_dmi_cdc/i_cdc_resp/i_src/data_src_q_reg[data][26]/C
    SLICE_X94Y87         FDCE (Prop_fdce_C_Q)         0.478     0.478 r  i_dmi_jtag/i_dmi_cdc/i_cdc_resp/i_src/data_src_q_reg[data][26]/Q
                         net (fo=1, routed)           0.653     1.131    i_dmi_jtag/i_dmi_cdc/i_cdc_resp/i_dst/D[26]
    SLICE_X95Y87         FDCE                                         r  i_dmi_jtag/i_dmi_cdc/i_cdc_resp/i_dst/data_dst_q_reg[data][26]/D
  -------------------------------------------------------------------    -------------------

                         max delay                   20.000    20.000    
    SLICE_X95Y87         FDCE (Setup_fdce_C_D)       -0.258    19.742    i_dmi_jtag/i_dmi_cdc/i_cdc_resp/i_dst/data_dst_q_reg[data][26]
  -------------------------------------------------------------------
                         required time                         19.742    
                         arrival time                          -1.131    
  -------------------------------------------------------------------
                         slack                                 18.611    

Slack (MET) :             18.619ns  (required time - arrival time)
  Source:                 i_dmi_jtag/i_dmi_cdc/i_cdc_resp/i_src/data_src_q_reg[data][12]/C
                            (rising edge-triggered cell FDCE clocked by clk_out1_xlnx_clk_gen  {rise@0.000ns fall@10.000ns period=20.000ns})
  Destination:            i_dmi_jtag/i_dmi_cdc/i_cdc_resp/i_dst/data_dst_q_reg[data][12]/D
                            (rising edge-triggered cell FDCE clocked by tck  {rise@0.000ns fall@50.000ns period=100.000ns})
  Path Group:             tck
  Path Type:              Setup (Max at Slow Process Corner)
  Requirement:            20.000ns  (MaxDelay Path 20.000ns)
  Data Path Delay:        1.143ns  (logic 0.478ns (41.835%)  route 0.665ns (58.165%))
  Logic Levels:           0  
  Timing Exception:       MaxDelay Path 20.000ns -datapath_only

    Location             Delay type                Incr(ns)  Path(ns)    Netlist Resource(s)
  -------------------------------------------------------------------    -------------------
    SLICE_X98Y88                                      0.000     0.000 r  i_dmi_jtag/i_dmi_cdc/i_cdc_resp/i_src/data_src_q_reg[data][12]/C
    SLICE_X98Y88         FDCE (Prop_fdce_C_Q)         0.478     0.478 r  i_dmi_jtag/i_dmi_cdc/i_cdc_resp/i_src/data_src_q_reg[data][12]/Q
                         net (fo=1, routed)           0.665     1.143    i_dmi_jtag/i_dmi_cdc/i_cdc_resp/i_dst/D[12]
    SLICE_X99Y86         FDCE                                         r  i_dmi_jtag/i_dmi_cdc/i_cdc_resp/i_dst/data_dst_q_reg[data][12]/D
  -------------------------------------------------------------------    -------------------

                         max delay                   20.000    20.000    
    SLICE_X99Y86         FDCE (Setup_fdce_C_D)       -0.238    19.762    i_dmi_jtag/i_dmi_cdc/i_cdc_resp/i_dst/data_dst_q_reg[data][12]
  -------------------------------------------------------------------
                         required time                         19.762    
                         arrival time                          -1.143    
  -------------------------------------------------------------------
                         slack                                 18.619    

Slack (MET) :             18.626ns  (required time - arrival time)
  Source:                 i_dmi_jtag/i_dmi_cdc/i_cdc_resp/i_src/data_src_q_reg[data][28]/C
                            (rising edge-triggered cell FDCE clocked by clk_out1_xlnx_clk_gen  {rise@0.000ns fall@10.000ns period=20.000ns})
  Destination:            i_dmi_jtag/i_dmi_cdc/i_cdc_resp/i_dst/data_dst_q_reg[data][28]/D
                            (rising edge-triggered cell FDCE clocked by tck  {rise@0.000ns fall@50.000ns period=100.000ns})
  Path Group:             tck
  Path Type:              Setup (Max at Slow Process Corner)
  Requirement:            20.000ns  (MaxDelay Path 20.000ns)
  Data Path Delay:        1.189ns  (logic 0.478ns (40.198%)  route 0.711ns (59.802%))
  Logic Levels:           0  
  Timing Exception:       MaxDelay Path 20.000ns -datapath_only

    Location             Delay type                Incr(ns)  Path(ns)    Netlist Resource(s)
  -------------------------------------------------------------------    -------------------
    SLICE_X94Y87                                      0.000     0.000 r  i_dmi_jtag/i_dmi_cdc/i_cdc_resp/i_src/data_src_q_reg[data][28]/C
    SLICE_X94Y87         FDCE (Prop_fdce_C_Q)         0.478     0.478 r  i_dmi_jtag/i_dmi_cdc/i_cdc_resp/i_src/data_src_q_reg[data][28]/Q
                         net (fo=1, routed)           0.711     1.189    i_dmi_jtag/i_dmi_cdc/i_cdc_resp/i_dst/D[28]
    SLICE_X94Y91         FDCE                                         r  i_dmi_jtag/i_dmi_cdc/i_cdc_resp/i_dst/data_dst_q_reg[data][28]/D
  -------------------------------------------------------------------    -------------------

                         max delay                   20.000    20.000    
    SLICE_X94Y91         FDCE (Setup_fdce_C_D)       -0.185    19.815    i_dmi_jtag/i_dmi_cdc/i_cdc_resp/i_dst/data_dst_q_reg[data][28]
  -------------------------------------------------------------------
                         required time                         19.815    
                         arrival time                          -1.189    
  -------------------------------------------------------------------
                         slack                                 18.626    

Slack (MET) :             18.681ns  (required time - arrival time)
  Source:                 i_dmi_jtag/i_dmi_cdc/i_cdc_resp/i_src/data_src_q_reg[data][4]/C
                            (rising edge-triggered cell FDCE clocked by clk_out1_xlnx_clk_gen  {rise@0.000ns fall@10.000ns period=20.000ns})
  Destination:            i_dmi_jtag/i_dmi_cdc/i_cdc_resp/i_dst/data_dst_q_reg[data][4]/D
                            (rising edge-triggered cell FDCE clocked by tck  {rise@0.000ns fall@50.000ns period=100.000ns})
  Path Group:             tck
  Path Type:              Setup (Max at Slow Process Corner)
  Requirement:            20.000ns  (MaxDelay Path 20.000ns)
  Data Path Delay:        1.086ns  (logic 0.478ns (44.007%)  route 0.608ns (55.993%))
  Logic Levels:           0  
  Timing Exception:       MaxDelay Path 20.000ns -datapath_only

    Location             Delay type                Incr(ns)  Path(ns)    Netlist Resource(s)
  -------------------------------------------------------------------    -------------------
    SLICE_X98Y84                                      0.000     0.000 r  i_dmi_jtag/i_dmi_cdc/i_cdc_resp/i_src/data_src_q_reg[data][4]/C
    SLICE_X98Y84         FDCE (Prop_fdce_C_Q)         0.478     0.478 r  i_dmi_jtag/i_dmi_cdc/i_cdc_resp/i_src/data_src_q_reg[data][4]/Q
                         net (fo=1, routed)           0.608     1.086    i_dmi_jtag/i_dmi_cdc/i_cdc_resp/i_dst/D[4]
    SLICE_X101Y85        FDCE                                         r  i_dmi_jtag/i_dmi_cdc/i_cdc_resp/i_dst/data_dst_q_reg[data][4]/D
  -------------------------------------------------------------------    -------------------

                         max delay                   20.000    20.000    
    SLICE_X101Y85        FDCE (Setup_fdce_C_D)       -0.233    19.767    i_dmi_jtag/i_dmi_cdc/i_cdc_resp/i_dst/data_dst_q_reg[data][4]
  -------------------------------------------------------------------
                         required time                         19.767    
                         arrival time                          -1.086    
  -------------------------------------------------------------------
                         slack                                 18.681    

Slack (MET) :             18.751ns  (required time - arrival time)
  Source:                 i_dmi_jtag/i_dmi_cdc/i_cdc_req/i_dst/ack_dst_q_reg/C
                            (rising edge-triggered cell FDCE clocked by clk_out1_xlnx_clk_gen  {rise@0.000ns fall@10.000ns period=20.000ns})
  Destination:            i_dmi_jtag/i_dmi_cdc/i_cdc_req/i_src/ack_src_q_reg/D
                            (rising edge-triggered cell FDCE clocked by tck  {rise@0.000ns fall@50.000ns period=100.000ns})
  Path Group:             tck
  Path Type:              Setup (Max at Slow Process Corner)
  Requirement:            20.000ns  (MaxDelay Path 20.000ns)
  Data Path Delay:        1.168ns  (logic 0.456ns (39.047%)  route 0.712ns (60.953%))
  Logic Levels:           0  
  Timing Exception:       MaxDelay Path 20.000ns -datapath_only

    Location             Delay type                Incr(ns)  Path(ns)    Netlist Resource(s)
  -------------------------------------------------------------------    -------------------
    SLICE_X109Y79                                     0.000     0.000 r  i_dmi_jtag/i_dmi_cdc/i_cdc_req/i_dst/ack_dst_q_reg/C
    SLICE_X109Y79        FDCE (Prop_fdce_C_Q)         0.456     0.456 r  i_dmi_jtag/i_dmi_cdc/i_cdc_req/i_dst/ack_dst_q_reg/Q
                         net (fo=11, routed)          0.712     1.168    i_dmi_jtag/i_dmi_cdc/i_cdc_req/i_src/ack_src_q_reg_0
    SLICE_X109Y82        FDCE                                         r  i_dmi_jtag/i_dmi_cdc/i_cdc_req/i_src/ack_src_q_reg/D
  -------------------------------------------------------------------    -------------------

                         max delay                   20.000    20.000    
    SLICE_X109Y82        FDCE (Setup_fdce_C_D)       -0.081    19.919    i_dmi_jtag/i_dmi_cdc/i_cdc_req/i_src/ack_src_q_reg
  -------------------------------------------------------------------
                         required time                         19.919    
                         arrival time                          -1.168    
  -------------------------------------------------------------------
                         slack                                 18.751    

Slack (MET) :             18.760ns  (required time - arrival time)
  Source:                 i_dmi_jtag/i_dmi_cdc/i_cdc_resp/i_src/data_src_q_reg[data][24]/C
                            (rising edge-triggered cell FDCE clocked by clk_out1_xlnx_clk_gen  {rise@0.000ns fall@10.000ns period=20.000ns})
  Destination:            i_dmi_jtag/i_dmi_cdc/i_cdc_resp/i_dst/data_dst_q_reg[data][24]/D
                            (rising edge-triggered cell FDCE clocked by tck  {rise@0.000ns fall@50.000ns period=100.000ns})
  Path Group:             tck
  Path Type:              Setup (Max at Slow Process Corner)
  Requirement:            20.000ns  (MaxDelay Path 20.000ns)
  Data Path Delay:        1.002ns  (logic 0.478ns (47.718%)  route 0.524ns (52.282%))
  Logic Levels:           0  
  Timing Exception:       MaxDelay Path 20.000ns -datapath_only

    Location             Delay type                Incr(ns)  Path(ns)    Netlist Resource(s)
  -------------------------------------------------------------------    -------------------
    SLICE_X94Y87                                      0.000     0.000 r  i_dmi_jtag/i_dmi_cdc/i_cdc_resp/i_src/data_src_q_reg[data][24]/C
    SLICE_X94Y87         FDCE (Prop_fdce_C_Q)         0.478     0.478 r  i_dmi_jtag/i_dmi_cdc/i_cdc_resp/i_src/data_src_q_reg[data][24]/Q
                         net (fo=1, routed)           0.524     1.002    i_dmi_jtag/i_dmi_cdc/i_cdc_resp/i_dst/D[24]
    SLICE_X95Y87         FDCE                                         r  i_dmi_jtag/i_dmi_cdc/i_cdc_resp/i_dst/data_dst_q_reg[data][24]/D
  -------------------------------------------------------------------    -------------------

                         max delay                   20.000    20.000    
    SLICE_X95Y87         FDCE (Setup_fdce_C_D)       -0.238    19.762    i_dmi_jtag/i_dmi_cdc/i_cdc_resp/i_dst/data_dst_q_reg[data][24]
  -------------------------------------------------------------------
                         required time                         19.762    
                         arrival time                          -1.002    
  -------------------------------------------------------------------
                         slack                                 18.760    

Slack (MET) :             18.761ns  (required time - arrival time)
  Source:                 i_dmi_jtag/i_dmi_cdc/i_cdc_resp/i_src/data_src_q_reg[data][27]/C
                            (rising edge-triggered cell FDCE clocked by clk_out1_xlnx_clk_gen  {rise@0.000ns fall@10.000ns period=20.000ns})
  Destination:            i_dmi_jtag/i_dmi_cdc/i_cdc_resp/i_dst/data_dst_q_reg[data][27]/D
                            (rising edge-triggered cell FDCE clocked by tck  {rise@0.000ns fall@50.000ns period=100.000ns})
  Path Group:             tck
  Path Type:              Setup (Max at Slow Process Corner)
  Requirement:            20.000ns  (MaxDelay Path 20.000ns)
  Data Path Delay:        1.178ns  (logic 0.518ns (43.991%)  route 0.660ns (56.009%))
  Logic Levels:           0  
  Timing Exception:       MaxDelay Path 20.000ns -datapath_only

    Location             Delay type                Incr(ns)  Path(ns)    Netlist Resource(s)
  -------------------------------------------------------------------    -------------------
    SLICE_X94Y87                                      0.000     0.000 r  i_dmi_jtag/i_dmi_cdc/i_cdc_resp/i_src/data_src_q_reg[data][27]/C
    SLICE_X94Y87         FDCE (Prop_fdce_C_Q)         0.518     0.518 r  i_dmi_jtag/i_dmi_cdc/i_cdc_resp/i_src/data_src_q_reg[data][27]/Q
                         net (fo=1, routed)           0.660     1.178    i_dmi_jtag/i_dmi_cdc/i_cdc_resp/i_dst/D[27]
    SLICE_X95Y87         FDCE                                         r  i_dmi_jtag/i_dmi_cdc/i_cdc_resp/i_dst/data_dst_q_reg[data][27]/D
  -------------------------------------------------------------------    -------------------

                         max delay                   20.000    20.000    
    SLICE_X95Y87         FDCE (Setup_fdce_C_D)       -0.061    19.939    i_dmi_jtag/i_dmi_cdc/i_cdc_resp/i_dst/data_dst_q_reg[data][27]
  -------------------------------------------------------------------
                         required time                         19.939    
                         arrival time                          -1.178    
  -------------------------------------------------------------------
                         slack                                 18.761    

Slack (MET) :             18.776ns  (required time - arrival time)
  Source:                 i_dmi_jtag/i_dmi_cdc/i_cdc_resp/i_src/data_src_q_reg[data][5]/C
                            (rising edge-triggered cell FDCE clocked by clk_out1_xlnx_clk_gen  {rise@0.000ns fall@10.000ns period=20.000ns})
  Destination:            i_dmi_jtag/i_dmi_cdc/i_cdc_resp/i_dst/data_dst_q_reg[data][5]/D
                            (rising edge-triggered cell FDCE clocked by tck  {rise@0.000ns fall@50.000ns period=100.000ns})
  Path Group:             tck
  Path Type:              Setup (Max at Slow Process Corner)
  Requirement:            20.000ns  (MaxDelay Path 20.000ns)
  Data Path Delay:        1.166ns  (logic 0.518ns (44.413%)  route 0.648ns (55.587%))
  Logic Levels:           0  
  Timing Exception:       MaxDelay Path 20.000ns -datapath_only

    Location             Delay type                Incr(ns)  Path(ns)    Netlist Resource(s)
  -------------------------------------------------------------------    -------------------
    SLICE_X98Y84                                      0.000     0.000 r  i_dmi_jtag/i_dmi_cdc/i_cdc_resp/i_src/data_src_q_reg[data][5]/C
    SLICE_X98Y84         FDCE (Prop_fdce_C_Q)         0.518     0.518 r  i_dmi_jtag/i_dmi_cdc/i_cdc_resp/i_src/data_src_q_reg[data][5]/Q
                         net (fo=1, routed)           0.648     1.166    i_dmi_jtag/i_dmi_cdc/i_cdc_resp/i_dst/D[5]
    SLICE_X101Y85        FDCE                                         r  i_dmi_jtag/i_dmi_cdc/i_cdc_resp/i_dst/data_dst_q_reg[data][5]/D
  -------------------------------------------------------------------    -------------------

                         max delay                   20.000    20.000    
    SLICE_X101Y85        FDCE (Setup_fdce_C_D)       -0.058    19.942    i_dmi_jtag/i_dmi_cdc/i_cdc_resp/i_dst/data_dst_q_reg[data][5]
  -------------------------------------------------------------------
                         required time                         19.942    
                         arrival time                          -1.166    
  -------------------------------------------------------------------
                         slack                                 18.776    





---------------------------------------------------------------------------------------------------
Path Group:  **async_default**
From Clock:  clk_out1_xlnx_clk_gen
  To Clock:  clk_out1_xlnx_clk_gen

Setup :            0  Failing Endpoints,  Worst Slack       15.626ns,  Total Violation        0.000ns
Hold  :            0  Failing Endpoints,  Worst Slack        0.567ns,  Total Violation        0.000ns
---------------------------------------------------------------------------------------------------


Max Delay Paths
--------------------------------------------------------------------------------------
Slack (MET) :             15.626ns  (required time - arrival time)
  Source:                 i_dm_top/i_dm_csrs/dmcontrol_q_reg[ndmreset]/C
                            (rising edge-triggered cell FDCE clocked by clk_out1_xlnx_clk_gen  {rise@0.000ns fall@10.000ns period=20.000ns})
  Destination:            i_rstgen_main/i_rstgen_bypass/synch_regs_q_reg[3]/CLR
                            (recovery check against rising-edge clock clk_out1_xlnx_clk_gen  {rise@0.000ns fall@10.000ns period=20.000ns})
  Path Group:             **async_default**
  Path Type:              Recovery (Max at Slow Process Corner)
  Requirement:            20.000ns  (clk_out1_xlnx_clk_gen rise@20.000ns - clk_out1_xlnx_clk_gen rise@0.000ns)
  Data Path Delay:        3.689ns  (logic 0.799ns (21.659%)  route 2.890ns (78.341%))
  Logic Levels:           1  (LUT2=1)
  Clock Path Skew:        -0.056ns (DCD - SCD + CPR)
    Destination Clock Delay (DCD):    -1.539ns = ( 18.461 - 20.000 ) 
    Source Clock Delay      (SCD):    -0.916ns
    Clock Pessimism Removal (CPR):    0.567ns
  Clock Uncertainty:      0.079ns  ((TSJ^2 + DJ^2)^1/2) / 2 + PE
    Total System Jitter     (TSJ):    0.071ns
    Discrete Jitter          (DJ):    0.142ns
    Phase Error              (PE):    0.000ns

    Location             Delay type                Incr(ns)  Path(ns)    Netlist Resource(s)
  -------------------------------------------------------------------    -------------------
                         (clock clk_out1_xlnx_clk_gen rise edge)
                                                      0.000     0.000 r  
    K17                                               0.000     0.000 r  clk_sys (IN)
                         net (fo=0)                   0.000     0.000    i_xlnx_clk_gen/inst/clk_in1
    K17                  IBUF (Prop_ibuf_I_O)         1.475     1.475 r  i_xlnx_clk_gen/inst/clkin1_ibufg/O
                         net (fo=1, routed)           1.285     2.760    i_xlnx_clk_gen/inst/clk_in1_xlnx_clk_gen
    MMCME2_ADV_X1Y2      MMCME2_ADV (Prop_mmcme2_adv_CLKIN1_CLKOUT0)
                                                     -7.759    -4.999 r  i_xlnx_clk_gen/inst/mmcm_adv_inst/CLKOUT0
                         net (fo=1, routed)           2.206    -2.793    i_xlnx_clk_gen/inst/clk_out1_xlnx_clk_gen
    BUFGCTRL_X0Y16       BUFG (Prop_bufg_I_O)         0.101    -2.692 r  i_xlnx_clk_gen/inst/clkout1_buf/O
                         net (fo=20013, routed)       1.776    -0.916    i_dm_top/i_dm_csrs/clk_out1
    SLICE_X98Y82         FDCE                                         r  i_dm_top/i_dm_csrs/dmcontrol_q_reg[ndmreset]/C
  -------------------------------------------------------------------    -------------------
    SLICE_X98Y82         FDCE (Prop_fdce_C_Q)         0.478    -0.438 f  i_dm_top/i_dm_csrs/dmcontrol_q_reg[ndmreset]/Q
                         net (fo=3, routed)           0.837     0.399    i_dm_top/i_dm_csrs/ndmreset
    SLICE_X102Y82        LUT2 (Prop_lut2_I0_O)        0.321     0.720 f  i_dm_top/i_dm_csrs/synch_regs_q[3]_i_1/O
                         net (fo=4, routed)           2.053     2.773    i_rstgen_main/i_rstgen_bypass/synch_regs_q_reg[3]_1
    SLICE_X94Y60         FDCE                                         f  i_rstgen_main/i_rstgen_bypass/synch_regs_q_reg[3]/CLR
  -------------------------------------------------------------------    -------------------

                         (clock clk_out1_xlnx_clk_gen rise edge)
                                                     20.000    20.000 r  
    K17                                               0.000    20.000 r  clk_sys (IN)
                         net (fo=0)                   0.000    20.000    i_xlnx_clk_gen/inst/clk_in1
    K17                  IBUF (Prop_ibuf_I_O)         1.404    21.404 r  i_xlnx_clk_gen/inst/clkin1_ibufg/O
                         net (fo=1, routed)           1.162    22.566    i_xlnx_clk_gen/inst/clk_in1_xlnx_clk_gen
    MMCME2_ADV_X1Y2      MMCME2_ADV (Prop_mmcme2_adv_CLKIN1_CLKOUT0)
                                                     -7.814    14.752 r  i_xlnx_clk_gen/inst/mmcm_adv_inst/CLKOUT0
                         net (fo=1, routed)           2.012    16.764    i_xlnx_clk_gen/inst/clk_out1_xlnx_clk_gen
    BUFGCTRL_X0Y16       BUFG (Prop_bufg_I_O)         0.091    16.855 r  i_xlnx_clk_gen/inst/clkout1_buf/O
                         net (fo=20013, routed)       1.606    18.461    i_rstgen_main/i_rstgen_bypass/clk_out1
    SLICE_X94Y60         FDCE                                         r  i_rstgen_main/i_rstgen_bypass/synch_regs_q_reg[3]/C
                         clock pessimism              0.567    19.028    
                         clock uncertainty           -0.079    18.948    
    SLICE_X94Y60         FDCE (Recov_fdce_C_CLR)     -0.550    18.398    i_rstgen_main/i_rstgen_bypass/synch_regs_q_reg[3]
  -------------------------------------------------------------------
                         required time                         18.398    
                         arrival time                          -2.773    
  -------------------------------------------------------------------
                         slack                                 15.626    

Slack (MET) :             16.086ns  (required time - arrival time)
  Source:                 i_dm_top/i_dm_csrs/dmcontrol_q_reg[ndmreset]/C
                            (rising edge-triggered cell FDCE clocked by clk_out1_xlnx_clk_gen  {rise@0.000ns fall@10.000ns period=20.000ns})
  Destination:            i_rstgen_main/i_rstgen_bypass/synch_regs_q_reg[2]/CLR
                            (recovery check against rising-edge clock clk_out1_xlnx_clk_gen  {rise@0.000ns fall@10.000ns period=20.000ns})
  Path Group:             **async_default**
  Path Type:              Recovery (Max at Slow Process Corner)
  Requirement:            20.000ns  (clk_out1_xlnx_clk_gen rise@20.000ns - clk_out1_xlnx_clk_gen rise@0.000ns)
  Data Path Delay:        3.138ns  (logic 0.799ns (25.465%)  route 2.339ns (74.535%))
  Logic Levels:           1  (LUT2=1)
  Clock Path Skew:        -0.061ns (DCD - SCD + CPR)
    Destination Clock Delay (DCD):    -1.544ns = ( 18.456 - 20.000 ) 
    Source Clock Delay      (SCD):    -0.916ns
    Clock Pessimism Removal (CPR):    0.567ns
  Clock Uncertainty:      0.079ns  ((TSJ^2 + DJ^2)^1/2) / 2 + PE
    Total System Jitter     (TSJ):    0.071ns
    Discrete Jitter          (DJ):    0.142ns
    Phase Error              (PE):    0.000ns

    Location             Delay type                Incr(ns)  Path(ns)    Netlist Resource(s)
  -------------------------------------------------------------------    -------------------
                         (clock clk_out1_xlnx_clk_gen rise edge)
                                                      0.000     0.000 r  
    K17                                               0.000     0.000 r  clk_sys (IN)
                         net (fo=0)                   0.000     0.000    i_xlnx_clk_gen/inst/clk_in1
    K17                  IBUF (Prop_ibuf_I_O)         1.475     1.475 r  i_xlnx_clk_gen/inst/clkin1_ibufg/O
                         net (fo=1, routed)           1.285     2.760    i_xlnx_clk_gen/inst/clk_in1_xlnx_clk_gen
    MMCME2_ADV_X1Y2      MMCME2_ADV (Prop_mmcme2_adv_CLKIN1_CLKOUT0)
                                                     -7.759    -4.999 r  i_xlnx_clk_gen/inst/mmcm_adv_inst/CLKOUT0
                         net (fo=1, routed)           2.206    -2.793    i_xlnx_clk_gen/inst/clk_out1_xlnx_clk_gen
    BUFGCTRL_X0Y16       BUFG (Prop_bufg_I_O)         0.101    -2.692 r  i_xlnx_clk_gen/inst/clkout1_buf/O
                         net (fo=20013, routed)       1.776    -0.916    i_dm_top/i_dm_csrs/clk_out1
    SLICE_X98Y82         FDCE                                         r  i_dm_top/i_dm_csrs/dmcontrol_q_reg[ndmreset]/C
  -------------------------------------------------------------------    -------------------
    SLICE_X98Y82         FDCE (Prop_fdce_C_Q)         0.478    -0.438 f  i_dm_top/i_dm_csrs/dmcontrol_q_reg[ndmreset]/Q
                         net (fo=3, routed)           0.837     0.399    i_dm_top/i_dm_csrs/ndmreset
    SLICE_X102Y82        LUT2 (Prop_lut2_I0_O)        0.321     0.720 f  i_dm_top/i_dm_csrs/synch_regs_q[3]_i_1/O
                         net (fo=4, routed)           1.501     2.221    i_rstgen_main/i_rstgen_bypass/synch_regs_q_reg[3]_1
    SLICE_X101Y66        FDCE                                         f  i_rstgen_main/i_rstgen_bypass/synch_regs_q_reg[2]/CLR
  -------------------------------------------------------------------    -------------------

                         (clock clk_out1_xlnx_clk_gen rise edge)
                                                     20.000    20.000 r  
    K17                                               0.000    20.000 r  clk_sys (IN)
                         net (fo=0)                   0.000    20.000    i_xlnx_clk_gen/inst/clk_in1
    K17                  IBUF (Prop_ibuf_I_O)         1.404    21.404 r  i_xlnx_clk_gen/inst/clkin1_ibufg/O
                         net (fo=1, routed)           1.162    22.566    i_xlnx_clk_gen/inst/clk_in1_xlnx_clk_gen
    MMCME2_ADV_X1Y2      MMCME2_ADV (Prop_mmcme2_adv_CLKIN1_CLKOUT0)
                                                     -7.814    14.752 r  i_xlnx_clk_gen/inst/mmcm_adv_inst/CLKOUT0
                         net (fo=1, routed)           2.012    16.764    i_xlnx_clk_gen/inst/clk_out1_xlnx_clk_gen
    BUFGCTRL_X0Y16       BUFG (Prop_bufg_I_O)         0.091    16.855 r  i_xlnx_clk_gen/inst/clkout1_buf/O
                         net (fo=20013, routed)       1.601    18.456    i_rstgen_main/i_rstgen_bypass/clk_out1
    SLICE_X101Y66        FDCE                                         r  i_rstgen_main/i_rstgen_bypass/synch_regs_q_reg[2]/C
                         clock pessimism              0.567    19.023    
                         clock uncertainty           -0.079    18.943    
    SLICE_X101Y66        FDCE (Recov_fdce_C_CLR)     -0.636    18.307    i_rstgen_main/i_rstgen_bypass/synch_regs_q_reg[2]
  -------------------------------------------------------------------
                         required time                         18.307    
                         arrival time                          -2.221    
  -------------------------------------------------------------------
                         slack                                 16.086    

Slack (MET) :             16.326ns  (required time - arrival time)
  Source:                 i_axi_dwidth_converter_dm_slave/inst/gen_downsizer.gen_simple_downsizer.axi_downsizer_inst/USE_READ.read_addr_inst/cmd_queue/inst/fifo_gen_inst/inst_fifo_gen/gconvfifo.rf/grf.rf/rstblk/ngwrdrst.grst.g7serrst.gnsckt_wrst.gcc_rst.sckt_wr_rst_cc_reg[0]/C
                            (rising edge-triggered cell FDRE clocked by clk_out1_xlnx_clk_gen  {rise@0.000ns fall@10.000ns period=20.000ns})
  Destination:            i_axi_dwidth_converter_dm_slave/inst/gen_downsizer.gen_simple_downsizer.axi_downsizer_inst/USE_READ.read_addr_inst/cmd_queue/inst/fifo_gen_inst/inst_fifo_gen/gconvfifo.rf/grf.rf/gntv_or_sync_fifo.gl0.wr/wpntr/gcc0.gc0.count_d1_reg[0]/CLR
                            (recovery check against rising-edge clock clk_out1_xlnx_clk_gen  {rise@0.000ns fall@10.000ns period=20.000ns})
  Path Group:             **async_default**
  Path Type:              Recovery (Max at Slow Process Corner)
  Requirement:            20.000ns  (clk_out1_xlnx_clk_gen rise@20.000ns - clk_out1_xlnx_clk_gen rise@0.000ns)
  Data Path Delay:        3.126ns  (logic 0.642ns (20.535%)  route 2.484ns (79.465%))
  Logic Levels:           1  (LUT3=1)
  Clock Path Skew:        -0.063ns (DCD - SCD + CPR)
    Destination Clock Delay (DCD):    -1.470ns = ( 18.530 - 20.000 ) 
    Source Clock Delay      (SCD):    -0.840ns
    Clock Pessimism Removal (CPR):    0.567ns
  Clock Uncertainty:      0.079ns  ((TSJ^2 + DJ^2)^1/2) / 2 + PE
    Total System Jitter     (TSJ):    0.071ns
    Discrete Jitter          (DJ):    0.142ns
    Phase Error              (PE):    0.000ns

    Location             Delay type                Incr(ns)  Path(ns)    Netlist Resource(s)
  -------------------------------------------------------------------    -------------------
                         (clock clk_out1_xlnx_clk_gen rise edge)
                                                      0.000     0.000 r  
    K17                                               0.000     0.000 r  clk_sys (IN)
                         net (fo=0)                   0.000     0.000    i_xlnx_clk_gen/inst/clk_in1
    K17                  IBUF (Prop_ibuf_I_O)         1.475     1.475 r  i_xlnx_clk_gen/inst/clkin1_ibufg/O
                         net (fo=1, routed)           1.285     2.760    i_xlnx_clk_gen/inst/clk_in1_xlnx_clk_gen
    MMCME2_ADV_X1Y2      MMCME2_ADV (Prop_mmcme2_adv_CLKIN1_CLKOUT0)
                                                     -7.759    -4.999 r  i_xlnx_clk_gen/inst/mmcm_adv_inst/CLKOUT0
                         net (fo=1, routed)           2.206    -2.793    i_xlnx_clk_gen/inst/clk_out1_xlnx_clk_gen
    BUFGCTRL_X0Y16       BUFG (Prop_bufg_I_O)         0.101    -2.692 r  i_xlnx_clk_gen/inst/clkout1_buf/O
                         net (fo=20013, routed)       1.852    -0.840    i_axi_dwidth_converter_dm_slave/inst/gen_downsizer.gen_simple_downsizer.axi_downsizer_inst/USE_READ.read_addr_inst/cmd_queue/inst/fifo_gen_inst/inst_fifo_gen/gconvfifo.rf/grf.rf/rstblk/clk
    SLICE_X112Y70        FDRE                                         r  i_axi_dwidth_converter_dm_slave/inst/gen_downsizer.gen_simple_downsizer.axi_downsizer_inst/USE_READ.read_addr_inst/cmd_queue/inst/fifo_gen_inst/inst_fifo_gen/gconvfifo.rf/grf.rf/rstblk/ngwrdrst.grst.g7serrst.gnsckt_wrst.gcc_rst.sckt_wr_rst_cc_reg[0]/C
  -------------------------------------------------------------------    -------------------
    SLICE_X112Y70        FDRE (Prop_fdre_C_Q)         0.518    -0.322 f  i_axi_dwidth_converter_dm_slave/inst/gen_downsizer.gen_simple_downsizer.axi_downsizer_inst/USE_READ.read_addr_inst/cmd_queue/inst/fifo_gen_inst/inst_fifo_gen/gconvfifo.rf/grf.rf/rstblk/ngwrdrst.grst.g7serrst.gnsckt_wrst.gcc_rst.sckt_wr_rst_cc_reg[0]/Q
                         net (fo=3, routed)           0.883     0.560    i_axi_dwidth_converter_dm_slave/inst/gen_downsizer.gen_simple_downsizer.axi_downsizer_inst/USE_READ.read_addr_inst/cmd_queue/inst/fifo_gen_inst/inst_fifo_gen/gconvfifo.rf/grf.rf/rstblk/ngwrdrst.grst.g7serrst.gnsckt_wrst.gcc_rst.sckt_wr_rst_cc[0]
    SLICE_X112Y69        LUT3 (Prop_lut3_I1_O)        0.124     0.684 f  i_axi_dwidth_converter_dm_slave/inst/gen_downsizer.gen_simple_downsizer.axi_downsizer_inst/USE_READ.read_addr_inst/cmd_queue/inst/fifo_gen_inst/inst_fifo_gen/gconvfifo.rf/grf.rf/rstblk/gpregsm1.curr_fwft_state[1]_i_2/O
                         net (fo=32, routed)          1.602     2.286    i_axi_dwidth_converter_dm_slave/inst/gen_downsizer.gen_simple_downsizer.axi_downsizer_inst/USE_READ.read_addr_inst/cmd_queue/inst/fifo_gen_inst/inst_fifo_gen/gconvfifo.rf/grf.rf/gntv_or_sync_fifo.gl0.wr/wpntr/AR[0]
    SLICE_X107Y67        FDCE                                         f  i_axi_dwidth_converter_dm_slave/inst/gen_downsizer.gen_simple_downsizer.axi_downsizer_inst/USE_READ.read_addr_inst/cmd_queue/inst/fifo_gen_inst/inst_fifo_gen/gconvfifo.rf/grf.rf/gntv_or_sync_fifo.gl0.wr/wpntr/gcc0.gc0.count_d1_reg[0]/CLR
  -------------------------------------------------------------------    -------------------

                         (clock clk_out1_xlnx_clk_gen rise edge)
                                                     20.000    20.000 r  
    K17                                               0.000    20.000 r  clk_sys (IN)
                         net (fo=0)                   0.000    20.000    i_xlnx_clk_gen/inst/clk_in1
    K17                  IBUF (Prop_ibuf_I_O)         1.404    21.404 r  i_xlnx_clk_gen/inst/clkin1_ibufg/O
                         net (fo=1, routed)           1.162    22.566    i_xlnx_clk_gen/inst/clk_in1_xlnx_clk_gen
    MMCME2_ADV_X1Y2      MMCME2_ADV (Prop_mmcme2_adv_CLKIN1_CLKOUT0)
                                                     -7.814    14.752 r  i_xlnx_clk_gen/inst/mmcm_adv_inst/CLKOUT0
                         net (fo=1, routed)           2.012    16.764    i_xlnx_clk_gen/inst/clk_out1_xlnx_clk_gen
    BUFGCTRL_X0Y16       BUFG (Prop_bufg_I_O)         0.091    16.855 r  i_xlnx_clk_gen/inst/clkout1_buf/O
                         net (fo=20013, routed)       1.675    18.530    i_axi_dwidth_converter_dm_slave/inst/gen_downsizer.gen_simple_downsizer.axi_downsizer_inst/USE_READ.read_addr_inst/cmd_queue/inst/fifo_gen_inst/inst_fifo_gen/gconvfifo.rf/grf.rf/gntv_or_sync_fifo.gl0.wr/wpntr/clk
    SLICE_X107Y67        FDCE                                         r  i_axi_dwidth_converter_dm_slave/inst/gen_downsizer.gen_simple_downsizer.axi_downsizer_inst/USE_READ.read_addr_inst/cmd_queue/inst/fifo_gen_inst/inst_fifo_gen/gconvfifo.rf/grf.rf/gntv_or_sync_fifo.gl0.wr/wpntr/gcc0.gc0.count_d1_reg[0]/C
                         clock pessimism              0.567    19.097    
                         clock uncertainty           -0.079    19.017    
    SLICE_X107Y67        FDCE (Recov_fdce_C_CLR)     -0.405    18.612    i_axi_dwidth_converter_dm_slave/inst/gen_downsizer.gen_simple_downsizer.axi_downsizer_inst/USE_READ.read_addr_inst/cmd_queue/inst/fifo_gen_inst/inst_fifo_gen/gconvfifo.rf/grf.rf/gntv_or_sync_fifo.gl0.wr/wpntr/gcc0.gc0.count_d1_reg[0]
  -------------------------------------------------------------------
                         required time                         18.612    
                         arrival time                          -2.286    
  -------------------------------------------------------------------
                         slack                                 16.326    

Slack (MET) :             16.372ns  (required time - arrival time)
  Source:                 i_axi_dwidth_converter_dm_slave/inst/gen_downsizer.gen_simple_downsizer.axi_downsizer_inst/USE_READ.read_addr_inst/cmd_queue/inst/fifo_gen_inst/inst_fifo_gen/gconvfifo.rf/grf.rf/rstblk/ngwrdrst.grst.g7serrst.gnsckt_wrst.gcc_rst.sckt_wr_rst_cc_reg[0]/C
                            (rising edge-triggered cell FDRE clocked by clk_out1_xlnx_clk_gen  {rise@0.000ns fall@10.000ns period=20.000ns})
  Destination:            i_axi_dwidth_converter_dm_slave/inst/gen_downsizer.gen_simple_downsizer.axi_downsizer_inst/USE_READ.read_addr_inst/cmd_queue/inst/fifo_gen_inst/inst_fifo_gen/gconvfifo.rf/grf.rf/gntv_or_sync_fifo.gl0.wr/wpntr/gcc0.gc0.count_reg[0]/PRE
                            (recovery check against rising-edge clock clk_out1_xlnx_clk_gen  {rise@0.000ns fall@10.000ns period=20.000ns})
  Path Group:             **async_default**
  Path Type:              Recovery (Max at Slow Process Corner)
  Requirement:            20.000ns  (clk_out1_xlnx_clk_gen rise@20.000ns - clk_out1_xlnx_clk_gen rise@0.000ns)
  Data Path Delay:        3.126ns  (logic 0.642ns (20.535%)  route 2.484ns (79.465%))
  Logic Levels:           1  (LUT3=1)
  Clock Path Skew:        -0.063ns (DCD - SCD + CPR)
    Destination Clock Delay (DCD):    -1.470ns = ( 18.530 - 20.000 ) 
    Source Clock Delay      (SCD):    -0.840ns
    Clock Pessimism Removal (CPR):    0.567ns
  Clock Uncertainty:      0.079ns  ((TSJ^2 + DJ^2)^1/2) / 2 + PE
    Total System Jitter     (TSJ):    0.071ns
    Discrete Jitter          (DJ):    0.142ns
    Phase Error              (PE):    0.000ns

    Location             Delay type                Incr(ns)  Path(ns)    Netlist Resource(s)
  -------------------------------------------------------------------    -------------------
                         (clock clk_out1_xlnx_clk_gen rise edge)
                                                      0.000     0.000 r  
    K17                                               0.000     0.000 r  clk_sys (IN)
                         net (fo=0)                   0.000     0.000    i_xlnx_clk_gen/inst/clk_in1
    K17                  IBUF (Prop_ibuf_I_O)         1.475     1.475 r  i_xlnx_clk_gen/inst/clkin1_ibufg/O
                         net (fo=1, routed)           1.285     2.760    i_xlnx_clk_gen/inst/clk_in1_xlnx_clk_gen
    MMCME2_ADV_X1Y2      MMCME2_ADV (Prop_mmcme2_adv_CLKIN1_CLKOUT0)
                                                     -7.759    -4.999 r  i_xlnx_clk_gen/inst/mmcm_adv_inst/CLKOUT0
                         net (fo=1, routed)           2.206    -2.793    i_xlnx_clk_gen/inst/clk_out1_xlnx_clk_gen
    BUFGCTRL_X0Y16       BUFG (Prop_bufg_I_O)         0.101    -2.692 r  i_xlnx_clk_gen/inst/clkout1_buf/O
                         net (fo=20013, routed)       1.852    -0.840    i_axi_dwidth_converter_dm_slave/inst/gen_downsizer.gen_simple_downsizer.axi_downsizer_inst/USE_READ.read_addr_inst/cmd_queue/inst/fifo_gen_inst/inst_fifo_gen/gconvfifo.rf/grf.rf/rstblk/clk
    SLICE_X112Y70        FDRE                                         r  i_axi_dwidth_converter_dm_slave/inst/gen_downsizer.gen_simple_downsizer.axi_downsizer_inst/USE_READ.read_addr_inst/cmd_queue/inst/fifo_gen_inst/inst_fifo_gen/gconvfifo.rf/grf.rf/rstblk/ngwrdrst.grst.g7serrst.gnsckt_wrst.gcc_rst.sckt_wr_rst_cc_reg[0]/C
  -------------------------------------------------------------------    -------------------
    SLICE_X112Y70        FDRE (Prop_fdre_C_Q)         0.518    -0.322 f  i_axi_dwidth_converter_dm_slave/inst/gen_downsizer.gen_simple_downsizer.axi_downsizer_inst/USE_READ.read_addr_inst/cmd_queue/inst/fifo_gen_inst/inst_fifo_gen/gconvfifo.rf/grf.rf/rstblk/ngwrdrst.grst.g7serrst.gnsckt_wrst.gcc_rst.sckt_wr_rst_cc_reg[0]/Q
                         net (fo=3, routed)           0.883     0.560    i_axi_dwidth_converter_dm_slave/inst/gen_downsizer.gen_simple_downsizer.axi_downsizer_inst/USE_READ.read_addr_inst/cmd_queue/inst/fifo_gen_inst/inst_fifo_gen/gconvfifo.rf/grf.rf/rstblk/ngwrdrst.grst.g7serrst.gnsckt_wrst.gcc_rst.sckt_wr_rst_cc[0]
    SLICE_X112Y69        LUT3 (Prop_lut3_I1_O)        0.124     0.684 f  i_axi_dwidth_converter_dm_slave/inst/gen_downsizer.gen_simple_downsizer.axi_downsizer_inst/USE_READ.read_addr_inst/cmd_queue/inst/fifo_gen_inst/inst_fifo_gen/gconvfifo.rf/grf.rf/rstblk/gpregsm1.curr_fwft_state[1]_i_2/O
                         net (fo=32, routed)          1.602     2.286    i_axi_dwidth_converter_dm_slave/inst/gen_downsizer.gen_simple_downsizer.axi_downsizer_inst/USE_READ.read_addr_inst/cmd_queue/inst/fifo_gen_inst/inst_fifo_gen/gconvfifo.rf/grf.rf/gntv_or_sync_fifo.gl0.wr/wpntr/AR[0]
    SLICE_X107Y67        FDPE                                         f  i_axi_dwidth_converter_dm_slave/inst/gen_downsizer.gen_simple_downsizer.axi_downsizer_inst/USE_READ.read_addr_inst/cmd_queue/inst/fifo_gen_inst/inst_fifo_gen/gconvfifo.rf/grf.rf/gntv_or_sync_fifo.gl0.wr/wpntr/gcc0.gc0.count_reg[0]/PRE
  -------------------------------------------------------------------    -------------------

                         (clock clk_out1_xlnx_clk_gen rise edge)
                                                     20.000    20.000 r  
    K17                                               0.000    20.000 r  clk_sys (IN)
                         net (fo=0)                   0.000    20.000    i_xlnx_clk_gen/inst/clk_in1
    K17                  IBUF (Prop_ibuf_I_O)         1.404    21.404 r  i_xlnx_clk_gen/inst/clkin1_ibufg/O
                         net (fo=1, routed)           1.162    22.566    i_xlnx_clk_gen/inst/clk_in1_xlnx_clk_gen
    MMCME2_ADV_X1Y2      MMCME2_ADV (Prop_mmcme2_adv_CLKIN1_CLKOUT0)
                                                     -7.814    14.752 r  i_xlnx_clk_gen/inst/mmcm_adv_inst/CLKOUT0
                         net (fo=1, routed)           2.012    16.764    i_xlnx_clk_gen/inst/clk_out1_xlnx_clk_gen
    BUFGCTRL_X0Y16       BUFG (Prop_bufg_I_O)         0.091    16.855 r  i_xlnx_clk_gen/inst/clkout1_buf/O
                         net (fo=20013, routed)       1.675    18.530    i_axi_dwidth_converter_dm_slave/inst/gen_downsizer.gen_simple_downsizer.axi_downsizer_inst/USE_READ.read_addr_inst/cmd_queue/inst/fifo_gen_inst/inst_fifo_gen/gconvfifo.rf/grf.rf/gntv_or_sync_fifo.gl0.wr/wpntr/clk
    SLICE_X107Y67        FDPE                                         r  i_axi_dwidth_converter_dm_slave/inst/gen_downsizer.gen_simple_downsizer.axi_downsizer_inst/USE_READ.read_addr_inst/cmd_queue/inst/fifo_gen_inst/inst_fifo_gen/gconvfifo.rf/grf.rf/gntv_or_sync_fifo.gl0.wr/wpntr/gcc0.gc0.count_reg[0]/C
                         clock pessimism              0.567    19.097    
                         clock uncertainty           -0.079    19.017    
    SLICE_X107Y67        FDPE (Recov_fdpe_C_PRE)     -0.359    18.658    i_axi_dwidth_converter_dm_slave/inst/gen_downsizer.gen_simple_downsizer.axi_downsizer_inst/USE_READ.read_addr_inst/cmd_queue/inst/fifo_gen_inst/inst_fifo_gen/gconvfifo.rf/grf.rf/gntv_or_sync_fifo.gl0.wr/wpntr/gcc0.gc0.count_reg[0]
  -------------------------------------------------------------------
                         required time                         18.658    
                         arrival time                          -2.286    
  -------------------------------------------------------------------
                         slack                                 16.372    

Slack (MET) :             16.605ns  (required time - arrival time)
  Source:                 i_axi_dwidth_converter_dm_slave/inst/gen_downsizer.gen_simple_downsizer.axi_downsizer_inst/USE_READ.read_addr_inst/cmd_queue/inst/fifo_gen_inst/inst_fifo_gen/gconvfifo.rf/grf.rf/rstblk/ngwrdrst.grst.g7serrst.gnsckt_wrst.gcc_rst.sckt_wr_rst_cc_reg[0]/C
                            (rising edge-triggered cell FDRE clocked by clk_out1_xlnx_clk_gen  {rise@0.000ns fall@10.000ns period=20.000ns})
  Destination:            i_axi_dwidth_converter_dm_slave/inst/gen_downsizer.gen_simple_downsizer.axi_downsizer_inst/USE_READ.read_addr_inst/cmd_queue/inst/fifo_gen_inst/inst_fifo_gen/gconvfifo.rf/grf.rf/gntv_or_sync_fifo.gl0.wr/wpntr/gcc0.gc0.count_d1_reg[2]/CLR
                            (recovery check against rising-edge clock clk_out1_xlnx_clk_gen  {rise@0.000ns fall@10.000ns period=20.000ns})
  Path Group:             **async_default**
  Path Type:              Recovery (Max at Slow Process Corner)
  Requirement:            20.000ns  (clk_out1_xlnx_clk_gen rise@20.000ns - clk_out1_xlnx_clk_gen rise@0.000ns)
  Data Path Delay:        2.846ns  (logic 0.642ns (22.558%)  route 2.204ns (77.442%))
  Logic Levels:           1  (LUT3=1)
  Clock Path Skew:        -0.065ns (DCD - SCD + CPR)
    Destination Clock Delay (DCD):    -1.472ns = ( 18.528 - 20.000 ) 
    Source Clock Delay      (SCD):    -0.840ns
    Clock Pessimism Removal (CPR):    0.567ns
  Clock Uncertainty:      0.079ns  ((TSJ^2 + DJ^2)^1/2) / 2 + PE
    Total System Jitter     (TSJ):    0.071ns
    Discrete Jitter          (DJ):    0.142ns
    Phase Error              (PE):    0.000ns

    Location             Delay type                Incr(ns)  Path(ns)    Netlist Resource(s)
  -------------------------------------------------------------------    -------------------
                         (clock clk_out1_xlnx_clk_gen rise edge)
                                                      0.000     0.000 r  
    K17                                               0.000     0.000 r  clk_sys (IN)
                         net (fo=0)                   0.000     0.000    i_xlnx_clk_gen/inst/clk_in1
    K17                  IBUF (Prop_ibuf_I_O)         1.475     1.475 r  i_xlnx_clk_gen/inst/clkin1_ibufg/O
                         net (fo=1, routed)           1.285     2.760    i_xlnx_clk_gen/inst/clk_in1_xlnx_clk_gen
    MMCME2_ADV_X1Y2      MMCME2_ADV (Prop_mmcme2_adv_CLKIN1_CLKOUT0)
                                                     -7.759    -4.999 r  i_xlnx_clk_gen/inst/mmcm_adv_inst/CLKOUT0
                         net (fo=1, routed)           2.206    -2.793    i_xlnx_clk_gen/inst/clk_out1_xlnx_clk_gen
    BUFGCTRL_X0Y16       BUFG (Prop_bufg_I_O)         0.101    -2.692 r  i_xlnx_clk_gen/inst/clkout1_buf/O
                         net (fo=20013, routed)       1.852    -0.840    i_axi_dwidth_converter_dm_slave/inst/gen_downsizer.gen_simple_downsizer.axi_downsizer_inst/USE_READ.read_addr_inst/cmd_queue/inst/fifo_gen_inst/inst_fifo_gen/gconvfifo.rf/grf.rf/rstblk/clk
    SLICE_X112Y70        FDRE                                         r  i_axi_dwidth_converter_dm_slave/inst/gen_downsizer.gen_simple_downsizer.axi_downsizer_inst/USE_READ.read_addr_inst/cmd_queue/inst/fifo_gen_inst/inst_fifo_gen/gconvfifo.rf/grf.rf/rstblk/ngwrdrst.grst.g7serrst.gnsckt_wrst.gcc_rst.sckt_wr_rst_cc_reg[0]/C
  -------------------------------------------------------------------    -------------------
    SLICE_X112Y70        FDRE (Prop_fdre_C_Q)         0.518    -0.322 f  i_axi_dwidth_converter_dm_slave/inst/gen_downsizer.gen_simple_downsizer.axi_downsizer_inst/USE_READ.read_addr_inst/cmd_queue/inst/fifo_gen_inst/inst_fifo_gen/gconvfifo.rf/grf.rf/rstblk/ngwrdrst.grst.g7serrst.gnsckt_wrst.gcc_rst.sckt_wr_rst_cc_reg[0]/Q
                         net (fo=3, routed)           0.883     0.560    i_axi_dwidth_converter_dm_slave/inst/gen_downsizer.gen_simple_downsizer.axi_downsizer_inst/USE_READ.read_addr_inst/cmd_queue/inst/fifo_gen_inst/inst_fifo_gen/gconvfifo.rf/grf.rf/rstblk/ngwrdrst.grst.g7serrst.gnsckt_wrst.gcc_rst.sckt_wr_rst_cc[0]
    SLICE_X112Y69        LUT3 (Prop_lut3_I1_O)        0.124     0.684 f  i_axi_dwidth_converter_dm_slave/inst/gen_downsizer.gen_simple_downsizer.axi_downsizer_inst/USE_READ.read_addr_inst/cmd_queue/inst/fifo_gen_inst/inst_fifo_gen/gconvfifo.rf/grf.rf/rstblk/gpregsm1.curr_fwft_state[1]_i_2/O
                         net (fo=32, routed)          1.321     2.006    i_axi_dwidth_converter_dm_slave/inst/gen_downsizer.gen_simple_downsizer.axi_downsizer_inst/USE_READ.read_addr_inst/cmd_queue/inst/fifo_gen_inst/inst_fifo_gen/gconvfifo.rf/grf.rf/gntv_or_sync_fifo.gl0.wr/wpntr/AR[0]
    SLICE_X109Y68        FDCE                                         f  i_axi_dwidth_converter_dm_slave/inst/gen_downsizer.gen_simple_downsizer.axi_downsizer_inst/USE_READ.read_addr_inst/cmd_queue/inst/fifo_gen_inst/inst_fifo_gen/gconvfifo.rf/grf.rf/gntv_or_sync_fifo.gl0.wr/wpntr/gcc0.gc0.count_d1_reg[2]/CLR
  -------------------------------------------------------------------    -------------------

                         (clock clk_out1_xlnx_clk_gen rise edge)
                                                     20.000    20.000 r  
    K17                                               0.000    20.000 r  clk_sys (IN)
                         net (fo=0)                   0.000    20.000    i_xlnx_clk_gen/inst/clk_in1
    K17                  IBUF (Prop_ibuf_I_O)         1.404    21.404 r  i_xlnx_clk_gen/inst/clkin1_ibufg/O
                         net (fo=1, routed)           1.162    22.566    i_xlnx_clk_gen/inst/clk_in1_xlnx_clk_gen
    MMCME2_ADV_X1Y2      MMCME2_ADV (Prop_mmcme2_adv_CLKIN1_CLKOUT0)
                                                     -7.814    14.752 r  i_xlnx_clk_gen/inst/mmcm_adv_inst/CLKOUT0
                         net (fo=1, routed)           2.012    16.764    i_xlnx_clk_gen/inst/clk_out1_xlnx_clk_gen
    BUFGCTRL_X0Y16       BUFG (Prop_bufg_I_O)         0.091    16.855 r  i_xlnx_clk_gen/inst/clkout1_buf/O
                         net (fo=20013, routed)       1.673    18.528    i_axi_dwidth_converter_dm_slave/inst/gen_downsizer.gen_simple_downsizer.axi_downsizer_inst/USE_READ.read_addr_inst/cmd_queue/inst/fifo_gen_inst/inst_fifo_gen/gconvfifo.rf/grf.rf/gntv_or_sync_fifo.gl0.wr/wpntr/clk
    SLICE_X109Y68        FDCE                                         r  i_axi_dwidth_converter_dm_slave/inst/gen_downsizer.gen_simple_downsizer.axi_downsizer_inst/USE_READ.read_addr_inst/cmd_queue/inst/fifo_gen_inst/inst_fifo_gen/gconvfifo.rf/grf.rf/gntv_or_sync_fifo.gl0.wr/wpntr/gcc0.gc0.count_d1_reg[2]/C
                         clock pessimism              0.567    19.095    
                         clock uncertainty           -0.079    19.015    
    SLICE_X109Y68        FDCE (Recov_fdce_C_CLR)     -0.405    18.610    i_axi_dwidth_converter_dm_slave/inst/gen_downsizer.gen_simple_downsizer.axi_downsizer_inst/USE_READ.read_addr_inst/cmd_queue/inst/fifo_gen_inst/inst_fifo_gen/gconvfifo.rf/grf.rf/gntv_or_sync_fifo.gl0.wr/wpntr/gcc0.gc0.count_d1_reg[2]
  -------------------------------------------------------------------
                         required time                         18.610    
                         arrival time                          -2.006    
  -------------------------------------------------------------------
                         slack                                 16.605    

Slack (MET) :             16.605ns  (required time - arrival time)
  Source:                 i_axi_dwidth_converter_dm_slave/inst/gen_downsizer.gen_simple_downsizer.axi_downsizer_inst/USE_READ.read_addr_inst/cmd_queue/inst/fifo_gen_inst/inst_fifo_gen/gconvfifo.rf/grf.rf/rstblk/ngwrdrst.grst.g7serrst.gnsckt_wrst.gcc_rst.sckt_wr_rst_cc_reg[0]/C
                            (rising edge-triggered cell FDRE clocked by clk_out1_xlnx_clk_gen  {rise@0.000ns fall@10.000ns period=20.000ns})
  Destination:            i_axi_dwidth_converter_dm_slave/inst/gen_downsizer.gen_simple_downsizer.axi_downsizer_inst/USE_READ.read_addr_inst/cmd_queue/inst/fifo_gen_inst/inst_fifo_gen/gconvfifo.rf/grf.rf/gntv_or_sync_fifo.gl0.wr/wpntr/gcc0.gc0.count_d1_reg[3]/CLR
                            (recovery check against rising-edge clock clk_out1_xlnx_clk_gen  {rise@0.000ns fall@10.000ns period=20.000ns})
  Path Group:             **async_default**
  Path Type:              Recovery (Max at Slow Process Corner)
  Requirement:            20.000ns  (clk_out1_xlnx_clk_gen rise@20.000ns - clk_out1_xlnx_clk_gen rise@0.000ns)
  Data Path Delay:        2.846ns  (logic 0.642ns (22.558%)  route 2.204ns (77.442%))
  Logic Levels:           1  (LUT3=1)
  Clock Path Skew:        -0.065ns (DCD - SCD + CPR)
    Destination Clock Delay (DCD):    -1.472ns = ( 18.528 - 20.000 ) 
    Source Clock Delay      (SCD):    -0.840ns
    Clock Pessimism Removal (CPR):    0.567ns
  Clock Uncertainty:      0.079ns  ((TSJ^2 + DJ^2)^1/2) / 2 + PE
    Total System Jitter     (TSJ):    0.071ns
    Discrete Jitter          (DJ):    0.142ns
    Phase Error              (PE):    0.000ns

    Location             Delay type                Incr(ns)  Path(ns)    Netlist Resource(s)
  -------------------------------------------------------------------    -------------------
                         (clock clk_out1_xlnx_clk_gen rise edge)
                                                      0.000     0.000 r  
    K17                                               0.000     0.000 r  clk_sys (IN)
                         net (fo=0)                   0.000     0.000    i_xlnx_clk_gen/inst/clk_in1
    K17                  IBUF (Prop_ibuf_I_O)         1.475     1.475 r  i_xlnx_clk_gen/inst/clkin1_ibufg/O
                         net (fo=1, routed)           1.285     2.760    i_xlnx_clk_gen/inst/clk_in1_xlnx_clk_gen
    MMCME2_ADV_X1Y2      MMCME2_ADV (Prop_mmcme2_adv_CLKIN1_CLKOUT0)
                                                     -7.759    -4.999 r  i_xlnx_clk_gen/inst/mmcm_adv_inst/CLKOUT0
                         net (fo=1, routed)           2.206    -2.793    i_xlnx_clk_gen/inst/clk_out1_xlnx_clk_gen
    BUFGCTRL_X0Y16       BUFG (Prop_bufg_I_O)         0.101    -2.692 r  i_xlnx_clk_gen/inst/clkout1_buf/O
                         net (fo=20013, routed)       1.852    -0.840    i_axi_dwidth_converter_dm_slave/inst/gen_downsizer.gen_simple_downsizer.axi_downsizer_inst/USE_READ.read_addr_inst/cmd_queue/inst/fifo_gen_inst/inst_fifo_gen/gconvfifo.rf/grf.rf/rstblk/clk
    SLICE_X112Y70        FDRE                                         r  i_axi_dwidth_converter_dm_slave/inst/gen_downsizer.gen_simple_downsizer.axi_downsizer_inst/USE_READ.read_addr_inst/cmd_queue/inst/fifo_gen_inst/inst_fifo_gen/gconvfifo.rf/grf.rf/rstblk/ngwrdrst.grst.g7serrst.gnsckt_wrst.gcc_rst.sckt_wr_rst_cc_reg[0]/C
  -------------------------------------------------------------------    -------------------
    SLICE_X112Y70        FDRE (Prop_fdre_C_Q)         0.518    -0.322 f  i_axi_dwidth_converter_dm_slave/inst/gen_downsizer.gen_simple_downsizer.axi_downsizer_inst/USE_READ.read_addr_inst/cmd_queue/inst/fifo_gen_inst/inst_fifo_gen/gconvfifo.rf/grf.rf/rstblk/ngwrdrst.grst.g7serrst.gnsckt_wrst.gcc_rst.sckt_wr_rst_cc_reg[0]/Q
                         net (fo=3, routed)           0.883     0.560    i_axi_dwidth_converter_dm_slave/inst/gen_downsizer.gen_simple_downsizer.axi_downsizer_inst/USE_READ.read_addr_inst/cmd_queue/inst/fifo_gen_inst/inst_fifo_gen/gconvfifo.rf/grf.rf/rstblk/ngwrdrst.grst.g7serrst.gnsckt_wrst.gcc_rst.sckt_wr_rst_cc[0]
    SLICE_X112Y69        LUT3 (Prop_lut3_I1_O)        0.124     0.684 f  i_axi_dwidth_converter_dm_slave/inst/gen_downsizer.gen_simple_downsizer.axi_downsizer_inst/USE_READ.read_addr_inst/cmd_queue/inst/fifo_gen_inst/inst_fifo_gen/gconvfifo.rf/grf.rf/rstblk/gpregsm1.curr_fwft_state[1]_i_2/O
                         net (fo=32, routed)          1.321     2.006    i_axi_dwidth_converter_dm_slave/inst/gen_downsizer.gen_simple_downsizer.axi_downsizer_inst/USE_READ.read_addr_inst/cmd_queue/inst/fifo_gen_inst/inst_fifo_gen/gconvfifo.rf/grf.rf/gntv_or_sync_fifo.gl0.wr/wpntr/AR[0]
    SLICE_X109Y68        FDCE                                         f  i_axi_dwidth_converter_dm_slave/inst/gen_downsizer.gen_simple_downsizer.axi_downsizer_inst/USE_READ.read_addr_inst/cmd_queue/inst/fifo_gen_inst/inst_fifo_gen/gconvfifo.rf/grf.rf/gntv_or_sync_fifo.gl0.wr/wpntr/gcc0.gc0.count_d1_reg[3]/CLR
  -------------------------------------------------------------------    -------------------

                         (clock clk_out1_xlnx_clk_gen rise edge)
                                                     20.000    20.000 r  
    K17                                               0.000    20.000 r  clk_sys (IN)
                         net (fo=0)                   0.000    20.000    i_xlnx_clk_gen/inst/clk_in1
    K17                  IBUF (Prop_ibuf_I_O)         1.404    21.404 r  i_xlnx_clk_gen/inst/clkin1_ibufg/O
                         net (fo=1, routed)           1.162    22.566    i_xlnx_clk_gen/inst/clk_in1_xlnx_clk_gen
    MMCME2_ADV_X1Y2      MMCME2_ADV (Prop_mmcme2_adv_CLKIN1_CLKOUT0)
                                                     -7.814    14.752 r  i_xlnx_clk_gen/inst/mmcm_adv_inst/CLKOUT0
                         net (fo=1, routed)           2.012    16.764    i_xlnx_clk_gen/inst/clk_out1_xlnx_clk_gen
    BUFGCTRL_X0Y16       BUFG (Prop_bufg_I_O)         0.091    16.855 r  i_xlnx_clk_gen/inst/clkout1_buf/O
                         net (fo=20013, routed)       1.673    18.528    i_axi_dwidth_converter_dm_slave/inst/gen_downsizer.gen_simple_downsizer.axi_downsizer_inst/USE_READ.read_addr_inst/cmd_queue/inst/fifo_gen_inst/inst_fifo_gen/gconvfifo.rf/grf.rf/gntv_or_sync_fifo.gl0.wr/wpntr/clk
    SLICE_X109Y68        FDCE                                         r  i_axi_dwidth_converter_dm_slave/inst/gen_downsizer.gen_simple_downsizer.axi_downsizer_inst/USE_READ.read_addr_inst/cmd_queue/inst/fifo_gen_inst/inst_fifo_gen/gconvfifo.rf/grf.rf/gntv_or_sync_fifo.gl0.wr/wpntr/gcc0.gc0.count_d1_reg[3]/C
                         clock pessimism              0.567    19.095    
                         clock uncertainty           -0.079    19.015    
    SLICE_X109Y68        FDCE (Recov_fdce_C_CLR)     -0.405    18.610    i_axi_dwidth_converter_dm_slave/inst/gen_downsizer.gen_simple_downsizer.axi_downsizer_inst/USE_READ.read_addr_inst/cmd_queue/inst/fifo_gen_inst/inst_fifo_gen/gconvfifo.rf/grf.rf/gntv_or_sync_fifo.gl0.wr/wpntr/gcc0.gc0.count_d1_reg[3]
  -------------------------------------------------------------------
                         required time                         18.610    
                         arrival time                          -2.006    
  -------------------------------------------------------------------
                         slack                                 16.605    

Slack (MET) :             16.605ns  (required time - arrival time)
  Source:                 i_axi_dwidth_converter_dm_slave/inst/gen_downsizer.gen_simple_downsizer.axi_downsizer_inst/USE_READ.read_addr_inst/cmd_queue/inst/fifo_gen_inst/inst_fifo_gen/gconvfifo.rf/grf.rf/rstblk/ngwrdrst.grst.g7serrst.gnsckt_wrst.gcc_rst.sckt_wr_rst_cc_reg[0]/C
                            (rising edge-triggered cell FDRE clocked by clk_out1_xlnx_clk_gen  {rise@0.000ns fall@10.000ns period=20.000ns})
  Destination:            i_axi_dwidth_converter_dm_slave/inst/gen_downsizer.gen_simple_downsizer.axi_downsizer_inst/USE_READ.read_addr_inst/cmd_queue/inst/fifo_gen_inst/inst_fifo_gen/gconvfifo.rf/grf.rf/gntv_or_sync_fifo.gl0.wr/wpntr/gcc0.gc0.count_d1_reg[4]/CLR
                            (recovery check against rising-edge clock clk_out1_xlnx_clk_gen  {rise@0.000ns fall@10.000ns period=20.000ns})
  Path Group:             **async_default**
  Path Type:              Recovery (Max at Slow Process Corner)
  Requirement:            20.000ns  (clk_out1_xlnx_clk_gen rise@20.000ns - clk_out1_xlnx_clk_gen rise@0.000ns)
  Data Path Delay:        2.846ns  (logic 0.642ns (22.558%)  route 2.204ns (77.442%))
  Logic Levels:           1  (LUT3=1)
  Clock Path Skew:        -0.065ns (DCD - SCD + CPR)
    Destination Clock Delay (DCD):    -1.472ns = ( 18.528 - 20.000 ) 
    Source Clock Delay      (SCD):    -0.840ns
    Clock Pessimism Removal (CPR):    0.567ns
  Clock Uncertainty:      0.079ns  ((TSJ^2 + DJ^2)^1/2) / 2 + PE
    Total System Jitter     (TSJ):    0.071ns
    Discrete Jitter          (DJ):    0.142ns
    Phase Error              (PE):    0.000ns

    Location             Delay type                Incr(ns)  Path(ns)    Netlist Resource(s)
  -------------------------------------------------------------------    -------------------
                         (clock clk_out1_xlnx_clk_gen rise edge)
                                                      0.000     0.000 r  
    K17                                               0.000     0.000 r  clk_sys (IN)
                         net (fo=0)                   0.000     0.000    i_xlnx_clk_gen/inst/clk_in1
    K17                  IBUF (Prop_ibuf_I_O)         1.475     1.475 r  i_xlnx_clk_gen/inst/clkin1_ibufg/O
                         net (fo=1, routed)           1.285     2.760    i_xlnx_clk_gen/inst/clk_in1_xlnx_clk_gen
    MMCME2_ADV_X1Y2      MMCME2_ADV (Prop_mmcme2_adv_CLKIN1_CLKOUT0)
                                                     -7.759    -4.999 r  i_xlnx_clk_gen/inst/mmcm_adv_inst/CLKOUT0
                         net (fo=1, routed)           2.206    -2.793    i_xlnx_clk_gen/inst/clk_out1_xlnx_clk_gen
    BUFGCTRL_X0Y16       BUFG (Prop_bufg_I_O)         0.101    -2.692 r  i_xlnx_clk_gen/inst/clkout1_buf/O
                         net (fo=20013, routed)       1.852    -0.840    i_axi_dwidth_converter_dm_slave/inst/gen_downsizer.gen_simple_downsizer.axi_downsizer_inst/USE_READ.read_addr_inst/cmd_queue/inst/fifo_gen_inst/inst_fifo_gen/gconvfifo.rf/grf.rf/rstblk/clk
    SLICE_X112Y70        FDRE                                         r  i_axi_dwidth_converter_dm_slave/inst/gen_downsizer.gen_simple_downsizer.axi_downsizer_inst/USE_READ.read_addr_inst/cmd_queue/inst/fifo_gen_inst/inst_fifo_gen/gconvfifo.rf/grf.rf/rstblk/ngwrdrst.grst.g7serrst.gnsckt_wrst.gcc_rst.sckt_wr_rst_cc_reg[0]/C
  -------------------------------------------------------------------    -------------------
    SLICE_X112Y70        FDRE (Prop_fdre_C_Q)         0.518    -0.322 f  i_axi_dwidth_converter_dm_slave/inst/gen_downsizer.gen_simple_downsizer.axi_downsizer_inst/USE_READ.read_addr_inst/cmd_queue/inst/fifo_gen_inst/inst_fifo_gen/gconvfifo.rf/grf.rf/rstblk/ngwrdrst.grst.g7serrst.gnsckt_wrst.gcc_rst.sckt_wr_rst_cc_reg[0]/Q
                         net (fo=3, routed)           0.883     0.560    i_axi_dwidth_converter_dm_slave/inst/gen_downsizer.gen_simple_downsizer.axi_downsizer_inst/USE_READ.read_addr_inst/cmd_queue/inst/fifo_gen_inst/inst_fifo_gen/gconvfifo.rf/grf.rf/rstblk/ngwrdrst.grst.g7serrst.gnsckt_wrst.gcc_rst.sckt_wr_rst_cc[0]
    SLICE_X112Y69        LUT3 (Prop_lut3_I1_O)        0.124     0.684 f  i_axi_dwidth_converter_dm_slave/inst/gen_downsizer.gen_simple_downsizer.axi_downsizer_inst/USE_READ.read_addr_inst/cmd_queue/inst/fifo_gen_inst/inst_fifo_gen/gconvfifo.rf/grf.rf/rstblk/gpregsm1.curr_fwft_state[1]_i_2/O
                         net (fo=32, routed)          1.321     2.006    i_axi_dwidth_converter_dm_slave/inst/gen_downsizer.gen_simple_downsizer.axi_downsizer_inst/USE_READ.read_addr_inst/cmd_queue/inst/fifo_gen_inst/inst_fifo_gen/gconvfifo.rf/grf.rf/gntv_or_sync_fifo.gl0.wr/wpntr/AR[0]
    SLICE_X109Y68        FDCE                                         f  i_axi_dwidth_converter_dm_slave/inst/gen_downsizer.gen_simple_downsizer.axi_downsizer_inst/USE_READ.read_addr_inst/cmd_queue/inst/fifo_gen_inst/inst_fifo_gen/gconvfifo.rf/grf.rf/gntv_or_sync_fifo.gl0.wr/wpntr/gcc0.gc0.count_d1_reg[4]/CLR
  -------------------------------------------------------------------    -------------------

                         (clock clk_out1_xlnx_clk_gen rise edge)
                                                     20.000    20.000 r  
    K17                                               0.000    20.000 r  clk_sys (IN)
                         net (fo=0)                   0.000    20.000    i_xlnx_clk_gen/inst/clk_in1
    K17                  IBUF (Prop_ibuf_I_O)         1.404    21.404 r  i_xlnx_clk_gen/inst/clkin1_ibufg/O
                         net (fo=1, routed)           1.162    22.566    i_xlnx_clk_gen/inst/clk_in1_xlnx_clk_gen
    MMCME2_ADV_X1Y2      MMCME2_ADV (Prop_mmcme2_adv_CLKIN1_CLKOUT0)
                                                     -7.814    14.752 r  i_xlnx_clk_gen/inst/mmcm_adv_inst/CLKOUT0
                         net (fo=1, routed)           2.012    16.764    i_xlnx_clk_gen/inst/clk_out1_xlnx_clk_gen
    BUFGCTRL_X0Y16       BUFG (Prop_bufg_I_O)         0.091    16.855 r  i_xlnx_clk_gen/inst/clkout1_buf/O
                         net (fo=20013, routed)       1.673    18.528    i_axi_dwidth_converter_dm_slave/inst/gen_downsizer.gen_simple_downsizer.axi_downsizer_inst/USE_READ.read_addr_inst/cmd_queue/inst/fifo_gen_inst/inst_fifo_gen/gconvfifo.rf/grf.rf/gntv_or_sync_fifo.gl0.wr/wpntr/clk
    SLICE_X109Y68        FDCE                                         r  i_axi_dwidth_converter_dm_slave/inst/gen_downsizer.gen_simple_downsizer.axi_downsizer_inst/USE_READ.read_addr_inst/cmd_queue/inst/fifo_gen_inst/inst_fifo_gen/gconvfifo.rf/grf.rf/gntv_or_sync_fifo.gl0.wr/wpntr/gcc0.gc0.count_d1_reg[4]/C
                         clock pessimism              0.567    19.095    
                         clock uncertainty           -0.079    19.015    
    SLICE_X109Y68        FDCE (Recov_fdce_C_CLR)     -0.405    18.610    i_axi_dwidth_converter_dm_slave/inst/gen_downsizer.gen_simple_downsizer.axi_downsizer_inst/USE_READ.read_addr_inst/cmd_queue/inst/fifo_gen_inst/inst_fifo_gen/gconvfifo.rf/grf.rf/gntv_or_sync_fifo.gl0.wr/wpntr/gcc0.gc0.count_d1_reg[4]
  -------------------------------------------------------------------
                         required time                         18.610    
                         arrival time                          -2.006    
  -------------------------------------------------------------------
                         slack                                 16.605    

Slack (MET) :             16.605ns  (required time - arrival time)
  Source:                 i_axi_dwidth_converter_dm_slave/inst/gen_downsizer.gen_simple_downsizer.axi_downsizer_inst/USE_READ.read_addr_inst/cmd_queue/inst/fifo_gen_inst/inst_fifo_gen/gconvfifo.rf/grf.rf/rstblk/ngwrdrst.grst.g7serrst.gnsckt_wrst.gcc_rst.sckt_wr_rst_cc_reg[0]/C
                            (rising edge-triggered cell FDRE clocked by clk_out1_xlnx_clk_gen  {rise@0.000ns fall@10.000ns period=20.000ns})
  Destination:            i_axi_dwidth_converter_dm_slave/inst/gen_downsizer.gen_simple_downsizer.axi_downsizer_inst/USE_READ.read_addr_inst/cmd_queue/inst/fifo_gen_inst/inst_fifo_gen/gconvfifo.rf/grf.rf/gntv_or_sync_fifo.gl0.wr/wpntr/gcc0.gc0.count_reg[1]/CLR
                            (recovery check against rising-edge clock clk_out1_xlnx_clk_gen  {rise@0.000ns fall@10.000ns period=20.000ns})
  Path Group:             **async_default**
  Path Type:              Recovery (Max at Slow Process Corner)
  Requirement:            20.000ns  (clk_out1_xlnx_clk_gen rise@20.000ns - clk_out1_xlnx_clk_gen rise@0.000ns)
  Data Path Delay:        2.846ns  (logic 0.642ns (22.558%)  route 2.204ns (77.442%))
  Logic Levels:           1  (LUT3=1)
  Clock Path Skew:        -0.065ns (DCD - SCD + CPR)
    Destination Clock Delay (DCD):    -1.472ns = ( 18.528 - 20.000 ) 
    Source Clock Delay      (SCD):    -0.840ns
    Clock Pessimism Removal (CPR):    0.567ns
  Clock Uncertainty:      0.079ns  ((TSJ^2 + DJ^2)^1/2) / 2 + PE
    Total System Jitter     (TSJ):    0.071ns
    Discrete Jitter          (DJ):    0.142ns
    Phase Error              (PE):    0.000ns

    Location             Delay type                Incr(ns)  Path(ns)    Netlist Resource(s)
  -------------------------------------------------------------------    -------------------
                         (clock clk_out1_xlnx_clk_gen rise edge)
                                                      0.000     0.000 r  
    K17                                               0.000     0.000 r  clk_sys (IN)
                         net (fo=0)                   0.000     0.000    i_xlnx_clk_gen/inst/clk_in1
    K17                  IBUF (Prop_ibuf_I_O)         1.475     1.475 r  i_xlnx_clk_gen/inst/clkin1_ibufg/O
                         net (fo=1, routed)           1.285     2.760    i_xlnx_clk_gen/inst/clk_in1_xlnx_clk_gen
    MMCME2_ADV_X1Y2      MMCME2_ADV (Prop_mmcme2_adv_CLKIN1_CLKOUT0)
                                                     -7.759    -4.999 r  i_xlnx_clk_gen/inst/mmcm_adv_inst/CLKOUT0
                         net (fo=1, routed)           2.206    -2.793    i_xlnx_clk_gen/inst/clk_out1_xlnx_clk_gen
    BUFGCTRL_X0Y16       BUFG (Prop_bufg_I_O)         0.101    -2.692 r  i_xlnx_clk_gen/inst/clkout1_buf/O
                         net (fo=20013, routed)       1.852    -0.840    i_axi_dwidth_converter_dm_slave/inst/gen_downsizer.gen_simple_downsizer.axi_downsizer_inst/USE_READ.read_addr_inst/cmd_queue/inst/fifo_gen_inst/inst_fifo_gen/gconvfifo.rf/grf.rf/rstblk/clk
    SLICE_X112Y70        FDRE                                         r  i_axi_dwidth_converter_dm_slave/inst/gen_downsizer.gen_simple_downsizer.axi_downsizer_inst/USE_READ.read_addr_inst/cmd_queue/inst/fifo_gen_inst/inst_fifo_gen/gconvfifo.rf/grf.rf/rstblk/ngwrdrst.grst.g7serrst.gnsckt_wrst.gcc_rst.sckt_wr_rst_cc_reg[0]/C
  -------------------------------------------------------------------    -------------------
    SLICE_X112Y70        FDRE (Prop_fdre_C_Q)         0.518    -0.322 f  i_axi_dwidth_converter_dm_slave/inst/gen_downsizer.gen_simple_downsizer.axi_downsizer_inst/USE_READ.read_addr_inst/cmd_queue/inst/fifo_gen_inst/inst_fifo_gen/gconvfifo.rf/grf.rf/rstblk/ngwrdrst.grst.g7serrst.gnsckt_wrst.gcc_rst.sckt_wr_rst_cc_reg[0]/Q
                         net (fo=3, routed)           0.883     0.560    i_axi_dwidth_converter_dm_slave/inst/gen_downsizer.gen_simple_downsizer.axi_downsizer_inst/USE_READ.read_addr_inst/cmd_queue/inst/fifo_gen_inst/inst_fifo_gen/gconvfifo.rf/grf.rf/rstblk/ngwrdrst.grst.g7serrst.gnsckt_wrst.gcc_rst.sckt_wr_rst_cc[0]
    SLICE_X112Y69        LUT3 (Prop_lut3_I1_O)        0.124     0.684 f  i_axi_dwidth_converter_dm_slave/inst/gen_downsizer.gen_simple_downsizer.axi_downsizer_inst/USE_READ.read_addr_inst/cmd_queue/inst/fifo_gen_inst/inst_fifo_gen/gconvfifo.rf/grf.rf/rstblk/gpregsm1.curr_fwft_state[1]_i_2/O
                         net (fo=32, routed)          1.321     2.006    i_axi_dwidth_converter_dm_slave/inst/gen_downsizer.gen_simple_downsizer.axi_downsizer_inst/USE_READ.read_addr_inst/cmd_queue/inst/fifo_gen_inst/inst_fifo_gen/gconvfifo.rf/grf.rf/gntv_or_sync_fifo.gl0.wr/wpntr/AR[0]
    SLICE_X109Y68        FDCE                                         f  i_axi_dwidth_converter_dm_slave/inst/gen_downsizer.gen_simple_downsizer.axi_downsizer_inst/USE_READ.read_addr_inst/cmd_queue/inst/fifo_gen_inst/inst_fifo_gen/gconvfifo.rf/grf.rf/gntv_or_sync_fifo.gl0.wr/wpntr/gcc0.gc0.count_reg[1]/CLR
  -------------------------------------------------------------------    -------------------

                         (clock clk_out1_xlnx_clk_gen rise edge)
                                                     20.000    20.000 r  
    K17                                               0.000    20.000 r  clk_sys (IN)
                         net (fo=0)                   0.000    20.000    i_xlnx_clk_gen/inst/clk_in1
    K17                  IBUF (Prop_ibuf_I_O)         1.404    21.404 r  i_xlnx_clk_gen/inst/clkin1_ibufg/O
                         net (fo=1, routed)           1.162    22.566    i_xlnx_clk_gen/inst/clk_in1_xlnx_clk_gen
    MMCME2_ADV_X1Y2      MMCME2_ADV (Prop_mmcme2_adv_CLKIN1_CLKOUT0)
                                                     -7.814    14.752 r  i_xlnx_clk_gen/inst/mmcm_adv_inst/CLKOUT0
                         net (fo=1, routed)           2.012    16.764    i_xlnx_clk_gen/inst/clk_out1_xlnx_clk_gen
    BUFGCTRL_X0Y16       BUFG (Prop_bufg_I_O)         0.091    16.855 r  i_xlnx_clk_gen/inst/clkout1_buf/O
                         net (fo=20013, routed)       1.673    18.528    i_axi_dwidth_converter_dm_slave/inst/gen_downsizer.gen_simple_downsizer.axi_downsizer_inst/USE_READ.read_addr_inst/cmd_queue/inst/fifo_gen_inst/inst_fifo_gen/gconvfifo.rf/grf.rf/gntv_or_sync_fifo.gl0.wr/wpntr/clk
    SLICE_X109Y68        FDCE                                         r  i_axi_dwidth_converter_dm_slave/inst/gen_downsizer.gen_simple_downsizer.axi_downsizer_inst/USE_READ.read_addr_inst/cmd_queue/inst/fifo_gen_inst/inst_fifo_gen/gconvfifo.rf/grf.rf/gntv_or_sync_fifo.gl0.wr/wpntr/gcc0.gc0.count_reg[1]/C
                         clock pessimism              0.567    19.095    
                         clock uncertainty           -0.079    19.015    
    SLICE_X109Y68        FDCE (Recov_fdce_C_CLR)     -0.405    18.610    i_axi_dwidth_converter_dm_slave/inst/gen_downsizer.gen_simple_downsizer.axi_downsizer_inst/USE_READ.read_addr_inst/cmd_queue/inst/fifo_gen_inst/inst_fifo_gen/gconvfifo.rf/grf.rf/gntv_or_sync_fifo.gl0.wr/wpntr/gcc0.gc0.count_reg[1]
  -------------------------------------------------------------------
                         required time                         18.610    
                         arrival time                          -2.006    
  -------------------------------------------------------------------
                         slack                                 16.605    

Slack (MET) :             16.605ns  (required time - arrival time)
  Source:                 i_axi_dwidth_converter_dm_slave/inst/gen_downsizer.gen_simple_downsizer.axi_downsizer_inst/USE_READ.read_addr_inst/cmd_queue/inst/fifo_gen_inst/inst_fifo_gen/gconvfifo.rf/grf.rf/rstblk/ngwrdrst.grst.g7serrst.gnsckt_wrst.gcc_rst.sckt_wr_rst_cc_reg[0]/C
                            (rising edge-triggered cell FDRE clocked by clk_out1_xlnx_clk_gen  {rise@0.000ns fall@10.000ns period=20.000ns})
  Destination:            i_axi_dwidth_converter_dm_slave/inst/gen_downsizer.gen_simple_downsizer.axi_downsizer_inst/USE_READ.read_addr_inst/cmd_queue/inst/fifo_gen_inst/inst_fifo_gen/gconvfifo.rf/grf.rf/gntv_or_sync_fifo.gl0.wr/wpntr/gcc0.gc0.count_reg[2]/CLR
                            (recovery check against rising-edge clock clk_out1_xlnx_clk_gen  {rise@0.000ns fall@10.000ns period=20.000ns})
  Path Group:             **async_default**
  Path Type:              Recovery (Max at Slow Process Corner)
  Requirement:            20.000ns  (clk_out1_xlnx_clk_gen rise@20.000ns - clk_out1_xlnx_clk_gen rise@0.000ns)
  Data Path Delay:        2.846ns  (logic 0.642ns (22.558%)  route 2.204ns (77.442%))
  Logic Levels:           1  (LUT3=1)
  Clock Path Skew:        -0.065ns (DCD - SCD + CPR)
    Destination Clock Delay (DCD):    -1.472ns = ( 18.528 - 20.000 ) 
    Source Clock Delay      (SCD):    -0.840ns
    Clock Pessimism Removal (CPR):    0.567ns
  Clock Uncertainty:      0.079ns  ((TSJ^2 + DJ^2)^1/2) / 2 + PE
    Total System Jitter     (TSJ):    0.071ns
    Discrete Jitter          (DJ):    0.142ns
    Phase Error              (PE):    0.000ns

    Location             Delay type                Incr(ns)  Path(ns)    Netlist Resource(s)
  -------------------------------------------------------------------    -------------------
                         (clock clk_out1_xlnx_clk_gen rise edge)
                                                      0.000     0.000 r  
    K17                                               0.000     0.000 r  clk_sys (IN)
                         net (fo=0)                   0.000     0.000    i_xlnx_clk_gen/inst/clk_in1
    K17                  IBUF (Prop_ibuf_I_O)         1.475     1.475 r  i_xlnx_clk_gen/inst/clkin1_ibufg/O
                         net (fo=1, routed)           1.285     2.760    i_xlnx_clk_gen/inst/clk_in1_xlnx_clk_gen
    MMCME2_ADV_X1Y2      MMCME2_ADV (Prop_mmcme2_adv_CLKIN1_CLKOUT0)
                                                     -7.759    -4.999 r  i_xlnx_clk_gen/inst/mmcm_adv_inst/CLKOUT0
                         net (fo=1, routed)           2.206    -2.793    i_xlnx_clk_gen/inst/clk_out1_xlnx_clk_gen
    BUFGCTRL_X0Y16       BUFG (Prop_bufg_I_O)         0.101    -2.692 r  i_xlnx_clk_gen/inst/clkout1_buf/O
                         net (fo=20013, routed)       1.852    -0.840    i_axi_dwidth_converter_dm_slave/inst/gen_downsizer.gen_simple_downsizer.axi_downsizer_inst/USE_READ.read_addr_inst/cmd_queue/inst/fifo_gen_inst/inst_fifo_gen/gconvfifo.rf/grf.rf/rstblk/clk
    SLICE_X112Y70        FDRE                                         r  i_axi_dwidth_converter_dm_slave/inst/gen_downsizer.gen_simple_downsizer.axi_downsizer_inst/USE_READ.read_addr_inst/cmd_queue/inst/fifo_gen_inst/inst_fifo_gen/gconvfifo.rf/grf.rf/rstblk/ngwrdrst.grst.g7serrst.gnsckt_wrst.gcc_rst.sckt_wr_rst_cc_reg[0]/C
  -------------------------------------------------------------------    -------------------
    SLICE_X112Y70        FDRE (Prop_fdre_C_Q)         0.518    -0.322 f  i_axi_dwidth_converter_dm_slave/inst/gen_downsizer.gen_simple_downsizer.axi_downsizer_inst/USE_READ.read_addr_inst/cmd_queue/inst/fifo_gen_inst/inst_fifo_gen/gconvfifo.rf/grf.rf/rstblk/ngwrdrst.grst.g7serrst.gnsckt_wrst.gcc_rst.sckt_wr_rst_cc_reg[0]/Q
                         net (fo=3, routed)           0.883     0.560    i_axi_dwidth_converter_dm_slave/inst/gen_downsizer.gen_simple_downsizer.axi_downsizer_inst/USE_READ.read_addr_inst/cmd_queue/inst/fifo_gen_inst/inst_fifo_gen/gconvfifo.rf/grf.rf/rstblk/ngwrdrst.grst.g7serrst.gnsckt_wrst.gcc_rst.sckt_wr_rst_cc[0]
    SLICE_X112Y69        LUT3 (Prop_lut3_I1_O)        0.124     0.684 f  i_axi_dwidth_converter_dm_slave/inst/gen_downsizer.gen_simple_downsizer.axi_downsizer_inst/USE_READ.read_addr_inst/cmd_queue/inst/fifo_gen_inst/inst_fifo_gen/gconvfifo.rf/grf.rf/rstblk/gpregsm1.curr_fwft_state[1]_i_2/O
                         net (fo=32, routed)          1.321     2.006    i_axi_dwidth_converter_dm_slave/inst/gen_downsizer.gen_simple_downsizer.axi_downsizer_inst/USE_READ.read_addr_inst/cmd_queue/inst/fifo_gen_inst/inst_fifo_gen/gconvfifo.rf/grf.rf/gntv_or_sync_fifo.gl0.wr/wpntr/AR[0]
    SLICE_X109Y68        FDCE                                         f  i_axi_dwidth_converter_dm_slave/inst/gen_downsizer.gen_simple_downsizer.axi_downsizer_inst/USE_READ.read_addr_inst/cmd_queue/inst/fifo_gen_inst/inst_fifo_gen/gconvfifo.rf/grf.rf/gntv_or_sync_fifo.gl0.wr/wpntr/gcc0.gc0.count_reg[2]/CLR
  -------------------------------------------------------------------    -------------------

                         (clock clk_out1_xlnx_clk_gen rise edge)
                                                     20.000    20.000 r  
    K17                                               0.000    20.000 r  clk_sys (IN)
                         net (fo=0)                   0.000    20.000    i_xlnx_clk_gen/inst/clk_in1
    K17                  IBUF (Prop_ibuf_I_O)         1.404    21.404 r  i_xlnx_clk_gen/inst/clkin1_ibufg/O
                         net (fo=1, routed)           1.162    22.566    i_xlnx_clk_gen/inst/clk_in1_xlnx_clk_gen
    MMCME2_ADV_X1Y2      MMCME2_ADV (Prop_mmcme2_adv_CLKIN1_CLKOUT0)
                                                     -7.814    14.752 r  i_xlnx_clk_gen/inst/mmcm_adv_inst/CLKOUT0
                         net (fo=1, routed)           2.012    16.764    i_xlnx_clk_gen/inst/clk_out1_xlnx_clk_gen
    BUFGCTRL_X0Y16       BUFG (Prop_bufg_I_O)         0.091    16.855 r  i_xlnx_clk_gen/inst/clkout1_buf/O
                         net (fo=20013, routed)       1.673    18.528    i_axi_dwidth_converter_dm_slave/inst/gen_downsizer.gen_simple_downsizer.axi_downsizer_inst/USE_READ.read_addr_inst/cmd_queue/inst/fifo_gen_inst/inst_fifo_gen/gconvfifo.rf/grf.rf/gntv_or_sync_fifo.gl0.wr/wpntr/clk
    SLICE_X109Y68        FDCE                                         r  i_axi_dwidth_converter_dm_slave/inst/gen_downsizer.gen_simple_downsizer.axi_downsizer_inst/USE_READ.read_addr_inst/cmd_queue/inst/fifo_gen_inst/inst_fifo_gen/gconvfifo.rf/grf.rf/gntv_or_sync_fifo.gl0.wr/wpntr/gcc0.gc0.count_reg[2]/C
                         clock pessimism              0.567    19.095    
                         clock uncertainty           -0.079    19.015    
    SLICE_X109Y68        FDCE (Recov_fdce_C_CLR)     -0.405    18.610    i_axi_dwidth_converter_dm_slave/inst/gen_downsizer.gen_simple_downsizer.axi_downsizer_inst/USE_READ.read_addr_inst/cmd_queue/inst/fifo_gen_inst/inst_fifo_gen/gconvfifo.rf/grf.rf/gntv_or_sync_fifo.gl0.wr/wpntr/gcc0.gc0.count_reg[2]
  -------------------------------------------------------------------
                         required time                         18.610    
                         arrival time                          -2.006    
  -------------------------------------------------------------------
                         slack                                 16.605    

Slack (MET) :             16.605ns  (required time - arrival time)
  Source:                 i_axi_dwidth_converter_dm_slave/inst/gen_downsizer.gen_simple_downsizer.axi_downsizer_inst/USE_READ.read_addr_inst/cmd_queue/inst/fifo_gen_inst/inst_fifo_gen/gconvfifo.rf/grf.rf/rstblk/ngwrdrst.grst.g7serrst.gnsckt_wrst.gcc_rst.sckt_wr_rst_cc_reg[0]/C
                            (rising edge-triggered cell FDRE clocked by clk_out1_xlnx_clk_gen  {rise@0.000ns fall@10.000ns period=20.000ns})
  Destination:            i_axi_dwidth_converter_dm_slave/inst/gen_downsizer.gen_simple_downsizer.axi_downsizer_inst/USE_READ.read_addr_inst/cmd_queue/inst/fifo_gen_inst/inst_fifo_gen/gconvfifo.rf/grf.rf/gntv_or_sync_fifo.gl0.wr/wpntr/gcc0.gc0.count_reg[3]/CLR
                            (recovery check against rising-edge clock clk_out1_xlnx_clk_gen  {rise@0.000ns fall@10.000ns period=20.000ns})
  Path Group:             **async_default**
  Path Type:              Recovery (Max at Slow Process Corner)
  Requirement:            20.000ns  (clk_out1_xlnx_clk_gen rise@20.000ns - clk_out1_xlnx_clk_gen rise@0.000ns)
  Data Path Delay:        2.846ns  (logic 0.642ns (22.558%)  route 2.204ns (77.442%))
  Logic Levels:           1  (LUT3=1)
  Clock Path Skew:        -0.065ns (DCD - SCD + CPR)
    Destination Clock Delay (DCD):    -1.472ns = ( 18.528 - 20.000 ) 
    Source Clock Delay      (SCD):    -0.840ns
    Clock Pessimism Removal (CPR):    0.567ns
  Clock Uncertainty:      0.079ns  ((TSJ^2 + DJ^2)^1/2) / 2 + PE
    Total System Jitter     (TSJ):    0.071ns
    Discrete Jitter          (DJ):    0.142ns
    Phase Error              (PE):    0.000ns

    Location             Delay type                Incr(ns)  Path(ns)    Netlist Resource(s)
  -------------------------------------------------------------------    -------------------
                         (clock clk_out1_xlnx_clk_gen rise edge)
                                                      0.000     0.000 r  
    K17                                               0.000     0.000 r  clk_sys (IN)
                         net (fo=0)                   0.000     0.000    i_xlnx_clk_gen/inst/clk_in1
    K17                  IBUF (Prop_ibuf_I_O)         1.475     1.475 r  i_xlnx_clk_gen/inst/clkin1_ibufg/O
                         net (fo=1, routed)           1.285     2.760    i_xlnx_clk_gen/inst/clk_in1_xlnx_clk_gen
    MMCME2_ADV_X1Y2      MMCME2_ADV (Prop_mmcme2_adv_CLKIN1_CLKOUT0)
                                                     -7.759    -4.999 r  i_xlnx_clk_gen/inst/mmcm_adv_inst/CLKOUT0
                         net (fo=1, routed)           2.206    -2.793    i_xlnx_clk_gen/inst/clk_out1_xlnx_clk_gen
    BUFGCTRL_X0Y16       BUFG (Prop_bufg_I_O)         0.101    -2.692 r  i_xlnx_clk_gen/inst/clkout1_buf/O
                         net (fo=20013, routed)       1.852    -0.840    i_axi_dwidth_converter_dm_slave/inst/gen_downsizer.gen_simple_downsizer.axi_downsizer_inst/USE_READ.read_addr_inst/cmd_queue/inst/fifo_gen_inst/inst_fifo_gen/gconvfifo.rf/grf.rf/rstblk/clk
    SLICE_X112Y70        FDRE                                         r  i_axi_dwidth_converter_dm_slave/inst/gen_downsizer.gen_simple_downsizer.axi_downsizer_inst/USE_READ.read_addr_inst/cmd_queue/inst/fifo_gen_inst/inst_fifo_gen/gconvfifo.rf/grf.rf/rstblk/ngwrdrst.grst.g7serrst.gnsckt_wrst.gcc_rst.sckt_wr_rst_cc_reg[0]/C
  -------------------------------------------------------------------    -------------------
    SLICE_X112Y70        FDRE (Prop_fdre_C_Q)         0.518    -0.322 f  i_axi_dwidth_converter_dm_slave/inst/gen_downsizer.gen_simple_downsizer.axi_downsizer_inst/USE_READ.read_addr_inst/cmd_queue/inst/fifo_gen_inst/inst_fifo_gen/gconvfifo.rf/grf.rf/rstblk/ngwrdrst.grst.g7serrst.gnsckt_wrst.gcc_rst.sckt_wr_rst_cc_reg[0]/Q
                         net (fo=3, routed)           0.883     0.560    i_axi_dwidth_converter_dm_slave/inst/gen_downsizer.gen_simple_downsizer.axi_downsizer_inst/USE_READ.read_addr_inst/cmd_queue/inst/fifo_gen_inst/inst_fifo_gen/gconvfifo.rf/grf.rf/rstblk/ngwrdrst.grst.g7serrst.gnsckt_wrst.gcc_rst.sckt_wr_rst_cc[0]
    SLICE_X112Y69        LUT3 (Prop_lut3_I1_O)        0.124     0.684 f  i_axi_dwidth_converter_dm_slave/inst/gen_downsizer.gen_simple_downsizer.axi_downsizer_inst/USE_READ.read_addr_inst/cmd_queue/inst/fifo_gen_inst/inst_fifo_gen/gconvfifo.rf/grf.rf/rstblk/gpregsm1.curr_fwft_state[1]_i_2/O
                         net (fo=32, routed)          1.321     2.006    i_axi_dwidth_converter_dm_slave/inst/gen_downsizer.gen_simple_downsizer.axi_downsizer_inst/USE_READ.read_addr_inst/cmd_queue/inst/fifo_gen_inst/inst_fifo_gen/gconvfifo.rf/grf.rf/gntv_or_sync_fifo.gl0.wr/wpntr/AR[0]
    SLICE_X109Y68        FDCE                                         f  i_axi_dwidth_converter_dm_slave/inst/gen_downsizer.gen_simple_downsizer.axi_downsizer_inst/USE_READ.read_addr_inst/cmd_queue/inst/fifo_gen_inst/inst_fifo_gen/gconvfifo.rf/grf.rf/gntv_or_sync_fifo.gl0.wr/wpntr/gcc0.gc0.count_reg[3]/CLR
  -------------------------------------------------------------------    -------------------

                         (clock clk_out1_xlnx_clk_gen rise edge)
                                                     20.000    20.000 r  
    K17                                               0.000    20.000 r  clk_sys (IN)
                         net (fo=0)                   0.000    20.000    i_xlnx_clk_gen/inst/clk_in1
    K17                  IBUF (Prop_ibuf_I_O)         1.404    21.404 r  i_xlnx_clk_gen/inst/clkin1_ibufg/O
                         net (fo=1, routed)           1.162    22.566    i_xlnx_clk_gen/inst/clk_in1_xlnx_clk_gen
    MMCME2_ADV_X1Y2      MMCME2_ADV (Prop_mmcme2_adv_CLKIN1_CLKOUT0)
                                                     -7.814    14.752 r  i_xlnx_clk_gen/inst/mmcm_adv_inst/CLKOUT0
                         net (fo=1, routed)           2.012    16.764    i_xlnx_clk_gen/inst/clk_out1_xlnx_clk_gen
    BUFGCTRL_X0Y16       BUFG (Prop_bufg_I_O)         0.091    16.855 r  i_xlnx_clk_gen/inst/clkout1_buf/O
                         net (fo=20013, routed)       1.673    18.528    i_axi_dwidth_converter_dm_slave/inst/gen_downsizer.gen_simple_downsizer.axi_downsizer_inst/USE_READ.read_addr_inst/cmd_queue/inst/fifo_gen_inst/inst_fifo_gen/gconvfifo.rf/grf.rf/gntv_or_sync_fifo.gl0.wr/wpntr/clk
    SLICE_X109Y68        FDCE                                         r  i_axi_dwidth_converter_dm_slave/inst/gen_downsizer.gen_simple_downsizer.axi_downsizer_inst/USE_READ.read_addr_inst/cmd_queue/inst/fifo_gen_inst/inst_fifo_gen/gconvfifo.rf/grf.rf/gntv_or_sync_fifo.gl0.wr/wpntr/gcc0.gc0.count_reg[3]/C
                         clock pessimism              0.567    19.095    
                         clock uncertainty           -0.079    19.015    
    SLICE_X109Y68        FDCE (Recov_fdce_C_CLR)     -0.405    18.610    i_axi_dwidth_converter_dm_slave/inst/gen_downsizer.gen_simple_downsizer.axi_downsizer_inst/USE_READ.read_addr_inst/cmd_queue/inst/fifo_gen_inst/inst_fifo_gen/gconvfifo.rf/grf.rf/gntv_or_sync_fifo.gl0.wr/wpntr/gcc0.gc0.count_reg[3]
  -------------------------------------------------------------------
                         required time                         18.610    
                         arrival time                          -2.006    
  -------------------------------------------------------------------
                         slack                                 16.605    





Min Delay Paths
--------------------------------------------------------------------------------------
Slack (MET) :             0.567ns  (arrival time - required time)
  Source:                 i_axi_dwidth_converter_dm_slave/inst/gen_downsizer.gen_simple_downsizer.axi_downsizer_inst/USE_WRITE.write_addr_inst/cmd_queue/inst/fifo_gen_inst/inst_fifo_gen/gconvfifo.rf/grf.rf/rstblk/ngwrdrst.grst.g7serrst.gnsckt_wrst.gcc_rst.sckt_wr_rst_cc_reg[1]/C
                            (rising edge-triggered cell FDRE clocked by clk_out1_xlnx_clk_gen  {rise@0.000ns fall@10.000ns period=20.000ns})
  Destination:            i_axi_dwidth_converter_dm_slave/inst/gen_downsizer.gen_simple_downsizer.axi_downsizer_inst/USE_WRITE.write_addr_inst/cmd_queue/inst/fifo_gen_inst/inst_fifo_gen/gconvfifo.rf/grf.rf/gntv_or_sync_fifo.gl0.rd/gr1.gr1_int.rfwft/empty_fwft_fb_i_reg/PRE
                            (removal check against rising-edge clock clk_out1_xlnx_clk_gen  {rise@0.000ns fall@10.000ns period=20.000ns})
  Path Group:             **async_default**
  Path Type:              Removal (Min at Fast Process Corner)
  Requirement:            0.000ns  (clk_out1_xlnx_clk_gen rise@0.000ns - clk_out1_xlnx_clk_gen rise@0.000ns)
  Data Path Delay:        0.487ns  (logic 0.186ns (38.208%)  route 0.301ns (61.792%))
  Logic Levels:           1  (LUT3=1)
  Clock Path Skew:        0.015ns (DCD - SCD - CPR)
    Destination Clock Delay (DCD):    -0.813ns
    Source Clock Delay      (SCD):    -0.577ns
    Clock Pessimism Removal (CPR):    -0.252ns

    Location             Delay type                Incr(ns)  Path(ns)    Netlist Resource(s)
  -------------------------------------------------------------------    -------------------
                         (clock clk_out1_xlnx_clk_gen rise edge)
                                                      0.000     0.000 r  
    K17                                               0.000     0.000 r  clk_sys (IN)
                         net (fo=0)                   0.000     0.000    i_xlnx_clk_gen/inst/clk_in1
    K17                  IBUF (Prop_ibuf_I_O)         0.243     0.243 r  i_xlnx_clk_gen/inst/clkin1_ibufg/O
                         net (fo=1, routed)           0.440     0.683    i_xlnx_clk_gen/inst/clk_in1_xlnx_clk_gen
    MMCME2_ADV_X1Y2      MMCME2_ADV (Prop_mmcme2_adv_CLKIN1_CLKOUT0)
                                                     -2.613    -1.930 r  i_xlnx_clk_gen/inst/mmcm_adv_inst/CLKOUT0
                         net (fo=1, routed)           0.696    -1.233    i_xlnx_clk_gen/inst/clk_out1_xlnx_clk_gen
    BUFGCTRL_X0Y16       BUFG (Prop_bufg_I_O)         0.026    -1.207 r  i_xlnx_clk_gen/inst/clkout1_buf/O
                         net (fo=20013, routed)       0.631    -0.577    i_axi_dwidth_converter_dm_slave/inst/gen_downsizer.gen_simple_downsizer.axi_downsizer_inst/USE_WRITE.write_addr_inst/cmd_queue/inst/fifo_gen_inst/inst_fifo_gen/gconvfifo.rf/grf.rf/rstblk/clk
    SLICE_X113Y66        FDRE                                         r  i_axi_dwidth_converter_dm_slave/inst/gen_downsizer.gen_simple_downsizer.axi_downsizer_inst/USE_WRITE.write_addr_inst/cmd_queue/inst/fifo_gen_inst/inst_fifo_gen/gconvfifo.rf/grf.rf/rstblk/ngwrdrst.grst.g7serrst.gnsckt_wrst.gcc_rst.sckt_wr_rst_cc_reg[1]/C
  -------------------------------------------------------------------    -------------------
    SLICE_X113Y66        FDRE (Prop_fdre_C_Q)         0.141    -0.436 f  i_axi_dwidth_converter_dm_slave/inst/gen_downsizer.gen_simple_downsizer.axi_downsizer_inst/USE_WRITE.write_addr_inst/cmd_queue/inst/fifo_gen_inst/inst_fifo_gen/gconvfifo.rf/grf.rf/rstblk/ngwrdrst.grst.g7serrst.gnsckt_wrst.gcc_rst.sckt_wr_rst_cc_reg[1]/Q
                         net (fo=2, routed)           0.112    -0.323    i_axi_dwidth_converter_dm_slave/inst/gen_downsizer.gen_simple_downsizer.axi_downsizer_inst/USE_WRITE.write_addr_inst/cmd_queue/inst/fifo_gen_inst/inst_fifo_gen/gconvfifo.rf/grf.rf/rstblk/ngwrdrst.grst.g7serrst.gnsckt_wrst.gcc_rst.sckt_wr_rst_cc[1]
    SLICE_X113Y65        LUT3 (Prop_lut3_I0_O)        0.045    -0.278 f  i_axi_dwidth_converter_dm_slave/inst/gen_downsizer.gen_simple_downsizer.axi_downsizer_inst/USE_WRITE.write_addr_inst/cmd_queue/inst/fifo_gen_inst/inst_fifo_gen/gconvfifo.rf/grf.rf/rstblk/gpregsm1.curr_fwft_state[1]_i_2/O
                         net (fo=32, routed)          0.189    -0.090    i_axi_dwidth_converter_dm_slave/inst/gen_downsizer.gen_simple_downsizer.axi_downsizer_inst/USE_WRITE.write_addr_inst/cmd_queue/inst/fifo_gen_inst/inst_fifo_gen/gconvfifo.rf/grf.rf/gntv_or_sync_fifo.gl0.rd/gr1.gr1_int.rfwft/gpregsm1.user_valid_reg_0
    SLICE_X110Y65        FDPE                                         f  i_axi_dwidth_converter_dm_slave/inst/gen_downsizer.gen_simple_downsizer.axi_downsizer_inst/USE_WRITE.write_addr_inst/cmd_queue/inst/fifo_gen_inst/inst_fifo_gen/gconvfifo.rf/grf.rf/gntv_or_sync_fifo.gl0.rd/gr1.gr1_int.rfwft/empty_fwft_fb_i_reg/PRE
  -------------------------------------------------------------------    -------------------

                         (clock clk_out1_xlnx_clk_gen rise edge)
                                                      0.000     0.000 r  
    K17                                               0.000     0.000 r  clk_sys (IN)
                         net (fo=0)                   0.000     0.000    i_xlnx_clk_gen/inst/clk_in1
    K17                  IBUF (Prop_ibuf_I_O)         0.431     0.431 r  i_xlnx_clk_gen/inst/clkin1_ibufg/O
                         net (fo=1, routed)           0.480     0.911    i_xlnx_clk_gen/inst/clk_in1_xlnx_clk_gen
    MMCME2_ADV_X1Y2      MMCME2_ADV (Prop_mmcme2_adv_CLKIN1_CLKOUT0)
                                                     -3.407    -2.496 r  i_xlnx_clk_gen/inst/mmcm_adv_inst/CLKOUT0
                         net (fo=1, routed)           0.752    -1.744    i_xlnx_clk_gen/inst/clk_out1_xlnx_clk_gen
    BUFGCTRL_X0Y16       BUFG (Prop_bufg_I_O)         0.029    -1.715 r  i_xlnx_clk_gen/inst/clkout1_buf/O
                         net (fo=20013, routed)       0.902    -0.813    i_axi_dwidth_converter_dm_slave/inst/gen_downsizer.gen_simple_downsizer.axi_downsizer_inst/USE_WRITE.write_addr_inst/cmd_queue/inst/fifo_gen_inst/inst_fifo_gen/gconvfifo.rf/grf.rf/gntv_or_sync_fifo.gl0.rd/gr1.gr1_int.rfwft/clk
    SLICE_X110Y65        FDPE                                         r  i_axi_dwidth_converter_dm_slave/inst/gen_downsizer.gen_simple_downsizer.axi_downsizer_inst/USE_WRITE.write_addr_inst/cmd_queue/inst/fifo_gen_inst/inst_fifo_gen/gconvfifo.rf/grf.rf/gntv_or_sync_fifo.gl0.rd/gr1.gr1_int.rfwft/empty_fwft_fb_i_reg/C
                         clock pessimism              0.252    -0.562    
    SLICE_X110Y65        FDPE (Remov_fdpe_C_PRE)     -0.095    -0.657    i_axi_dwidth_converter_dm_slave/inst/gen_downsizer.gen_simple_downsizer.axi_downsizer_inst/USE_WRITE.write_addr_inst/cmd_queue/inst/fifo_gen_inst/inst_fifo_gen/gconvfifo.rf/grf.rf/gntv_or_sync_fifo.gl0.rd/gr1.gr1_int.rfwft/empty_fwft_fb_i_reg
  -------------------------------------------------------------------
                         required time                          0.657    
                         arrival time                          -0.090    
  -------------------------------------------------------------------
                         slack                                  0.567    

Slack (MET) :             0.567ns  (arrival time - required time)
  Source:                 i_axi_dwidth_converter_dm_slave/inst/gen_downsizer.gen_simple_downsizer.axi_downsizer_inst/USE_WRITE.write_addr_inst/cmd_queue/inst/fifo_gen_inst/inst_fifo_gen/gconvfifo.rf/grf.rf/rstblk/ngwrdrst.grst.g7serrst.gnsckt_wrst.gcc_rst.sckt_wr_rst_cc_reg[1]/C
                            (rising edge-triggered cell FDRE clocked by clk_out1_xlnx_clk_gen  {rise@0.000ns fall@10.000ns period=20.000ns})
  Destination:            i_axi_dwidth_converter_dm_slave/inst/gen_downsizer.gen_simple_downsizer.axi_downsizer_inst/USE_WRITE.write_addr_inst/cmd_queue/inst/fifo_gen_inst/inst_fifo_gen/gconvfifo.rf/grf.rf/gntv_or_sync_fifo.gl0.rd/gr1.gr1_int.rfwft/empty_fwft_i_reg/PRE
                            (removal check against rising-edge clock clk_out1_xlnx_clk_gen  {rise@0.000ns fall@10.000ns period=20.000ns})
  Path Group:             **async_default**
  Path Type:              Removal (Min at Fast Process Corner)
  Requirement:            0.000ns  (clk_out1_xlnx_clk_gen rise@0.000ns - clk_out1_xlnx_clk_gen rise@0.000ns)
  Data Path Delay:        0.487ns  (logic 0.186ns (38.208%)  route 0.301ns (61.792%))
  Logic Levels:           1  (LUT3=1)
  Clock Path Skew:        0.015ns (DCD - SCD - CPR)
    Destination Clock Delay (DCD):    -0.813ns
    Source Clock Delay      (SCD):    -0.577ns
    Clock Pessimism Removal (CPR):    -0.252ns

    Location             Delay type                Incr(ns)  Path(ns)    Netlist Resource(s)
  -------------------------------------------------------------------    -------------------
                         (clock clk_out1_xlnx_clk_gen rise edge)
                                                      0.000     0.000 r  
    K17                                               0.000     0.000 r  clk_sys (IN)
                         net (fo=0)                   0.000     0.000    i_xlnx_clk_gen/inst/clk_in1
    K17                  IBUF (Prop_ibuf_I_O)         0.243     0.243 r  i_xlnx_clk_gen/inst/clkin1_ibufg/O
                         net (fo=1, routed)           0.440     0.683    i_xlnx_clk_gen/inst/clk_in1_xlnx_clk_gen
    MMCME2_ADV_X1Y2      MMCME2_ADV (Prop_mmcme2_adv_CLKIN1_CLKOUT0)
                                                     -2.613    -1.930 r  i_xlnx_clk_gen/inst/mmcm_adv_inst/CLKOUT0
                         net (fo=1, routed)           0.696    -1.233    i_xlnx_clk_gen/inst/clk_out1_xlnx_clk_gen
    BUFGCTRL_X0Y16       BUFG (Prop_bufg_I_O)         0.026    -1.207 r  i_xlnx_clk_gen/inst/clkout1_buf/O
                         net (fo=20013, routed)       0.631    -0.577    i_axi_dwidth_converter_dm_slave/inst/gen_downsizer.gen_simple_downsizer.axi_downsizer_inst/USE_WRITE.write_addr_inst/cmd_queue/inst/fifo_gen_inst/inst_fifo_gen/gconvfifo.rf/grf.rf/rstblk/clk
    SLICE_X113Y66        FDRE                                         r  i_axi_dwidth_converter_dm_slave/inst/gen_downsizer.gen_simple_downsizer.axi_downsizer_inst/USE_WRITE.write_addr_inst/cmd_queue/inst/fifo_gen_inst/inst_fifo_gen/gconvfifo.rf/grf.rf/rstblk/ngwrdrst.grst.g7serrst.gnsckt_wrst.gcc_rst.sckt_wr_rst_cc_reg[1]/C
  -------------------------------------------------------------------    -------------------
    SLICE_X113Y66        FDRE (Prop_fdre_C_Q)         0.141    -0.436 f  i_axi_dwidth_converter_dm_slave/inst/gen_downsizer.gen_simple_downsizer.axi_downsizer_inst/USE_WRITE.write_addr_inst/cmd_queue/inst/fifo_gen_inst/inst_fifo_gen/gconvfifo.rf/grf.rf/rstblk/ngwrdrst.grst.g7serrst.gnsckt_wrst.gcc_rst.sckt_wr_rst_cc_reg[1]/Q
                         net (fo=2, routed)           0.112    -0.323    i_axi_dwidth_converter_dm_slave/inst/gen_downsizer.gen_simple_downsizer.axi_downsizer_inst/USE_WRITE.write_addr_inst/cmd_queue/inst/fifo_gen_inst/inst_fifo_gen/gconvfifo.rf/grf.rf/rstblk/ngwrdrst.grst.g7serrst.gnsckt_wrst.gcc_rst.sckt_wr_rst_cc[1]
    SLICE_X113Y65        LUT3 (Prop_lut3_I0_O)        0.045    -0.278 f  i_axi_dwidth_converter_dm_slave/inst/gen_downsizer.gen_simple_downsizer.axi_downsizer_inst/USE_WRITE.write_addr_inst/cmd_queue/inst/fifo_gen_inst/inst_fifo_gen/gconvfifo.rf/grf.rf/rstblk/gpregsm1.curr_fwft_state[1]_i_2/O
                         net (fo=32, routed)          0.189    -0.090    i_axi_dwidth_converter_dm_slave/inst/gen_downsizer.gen_simple_downsizer.axi_downsizer_inst/USE_WRITE.write_addr_inst/cmd_queue/inst/fifo_gen_inst/inst_fifo_gen/gconvfifo.rf/grf.rf/gntv_or_sync_fifo.gl0.rd/gr1.gr1_int.rfwft/gpregsm1.user_valid_reg_0
    SLICE_X110Y65        FDPE                                         f  i_axi_dwidth_converter_dm_slave/inst/gen_downsizer.gen_simple_downsizer.axi_downsizer_inst/USE_WRITE.write_addr_inst/cmd_queue/inst/fifo_gen_inst/inst_fifo_gen/gconvfifo.rf/grf.rf/gntv_or_sync_fifo.gl0.rd/gr1.gr1_int.rfwft/empty_fwft_i_reg/PRE
  -------------------------------------------------------------------    -------------------

                         (clock clk_out1_xlnx_clk_gen rise edge)
                                                      0.000     0.000 r  
    K17                                               0.000     0.000 r  clk_sys (IN)
                         net (fo=0)                   0.000     0.000    i_xlnx_clk_gen/inst/clk_in1
    K17                  IBUF (Prop_ibuf_I_O)         0.431     0.431 r  i_xlnx_clk_gen/inst/clkin1_ibufg/O
                         net (fo=1, routed)           0.480     0.911    i_xlnx_clk_gen/inst/clk_in1_xlnx_clk_gen
    MMCME2_ADV_X1Y2      MMCME2_ADV (Prop_mmcme2_adv_CLKIN1_CLKOUT0)
                                                     -3.407    -2.496 r  i_xlnx_clk_gen/inst/mmcm_adv_inst/CLKOUT0
                         net (fo=1, routed)           0.752    -1.744    i_xlnx_clk_gen/inst/clk_out1_xlnx_clk_gen
    BUFGCTRL_X0Y16       BUFG (Prop_bufg_I_O)         0.029    -1.715 r  i_xlnx_clk_gen/inst/clkout1_buf/O
                         net (fo=20013, routed)       0.902    -0.813    i_axi_dwidth_converter_dm_slave/inst/gen_downsizer.gen_simple_downsizer.axi_downsizer_inst/USE_WRITE.write_addr_inst/cmd_queue/inst/fifo_gen_inst/inst_fifo_gen/gconvfifo.rf/grf.rf/gntv_or_sync_fifo.gl0.rd/gr1.gr1_int.rfwft/clk
    SLICE_X110Y65        FDPE                                         r  i_axi_dwidth_converter_dm_slave/inst/gen_downsizer.gen_simple_downsizer.axi_downsizer_inst/USE_WRITE.write_addr_inst/cmd_queue/inst/fifo_gen_inst/inst_fifo_gen/gconvfifo.rf/grf.rf/gntv_or_sync_fifo.gl0.rd/gr1.gr1_int.rfwft/empty_fwft_i_reg/C
                         clock pessimism              0.252    -0.562    
    SLICE_X110Y65        FDPE (Remov_fdpe_C_PRE)     -0.095    -0.657    i_axi_dwidth_converter_dm_slave/inst/gen_downsizer.gen_simple_downsizer.axi_downsizer_inst/USE_WRITE.write_addr_inst/cmd_queue/inst/fifo_gen_inst/inst_fifo_gen/gconvfifo.rf/grf.rf/gntv_or_sync_fifo.gl0.rd/gr1.gr1_int.rfwft/empty_fwft_i_reg
  -------------------------------------------------------------------
                         required time                          0.657    
                         arrival time                          -0.090    
  -------------------------------------------------------------------
                         slack                                  0.567    

Slack (MET) :             0.570ns  (arrival time - required time)
  Source:                 i_axi_dwidth_converter_dm_slave/inst/gen_downsizer.gen_simple_downsizer.axi_downsizer_inst/USE_WRITE.write_addr_inst/USE_B_CHANNEL.cmd_b_queue/inst/fifo_gen_inst/inst_fifo_gen/gconvfifo.rf/grf.rf/rstblk/ngwrdrst.grst.g7serrst.gnsckt_wrst.gcc_rst.sckt_wr_rst_cc_reg[0]/C
                            (rising edge-triggered cell FDRE clocked by clk_out1_xlnx_clk_gen  {rise@0.000ns fall@10.000ns period=20.000ns})
  Destination:            i_axi_dwidth_converter_dm_slave/inst/gen_downsizer.gen_simple_downsizer.axi_downsizer_inst/USE_WRITE.write_addr_inst/USE_B_CHANNEL.cmd_b_queue/inst/fifo_gen_inst/inst_fifo_gen/gconvfifo.rf/grf.rf/gntv_or_sync_fifo.gl0.rd/gr1.gr1_int.rfwft/aempty_fwft_fb_i_reg/PRE
                            (removal check against rising-edge clock clk_out1_xlnx_clk_gen  {rise@0.000ns fall@10.000ns period=20.000ns})
  Path Group:             **async_default**
  Path Type:              Removal (Min at Fast Process Corner)
  Requirement:            0.000ns  (clk_out1_xlnx_clk_gen rise@0.000ns - clk_out1_xlnx_clk_gen rise@0.000ns)
  Data Path Delay:        0.491ns  (logic 0.186ns (37.886%)  route 0.305ns (62.114%))
  Logic Levels:           1  (LUT3=1)
  Clock Path Skew:        0.016ns (DCD - SCD - CPR)
    Destination Clock Delay (DCD):    -0.806ns
    Source Clock Delay      (SCD):    -0.571ns
    Clock Pessimism Removal (CPR):    -0.252ns

    Location             Delay type                Incr(ns)  Path(ns)    Netlist Resource(s)
  -------------------------------------------------------------------    -------------------
                         (clock clk_out1_xlnx_clk_gen rise edge)
                                                      0.000     0.000 r  
    K17                                               0.000     0.000 r  clk_sys (IN)
                         net (fo=0)                   0.000     0.000    i_xlnx_clk_gen/inst/clk_in1
    K17                  IBUF (Prop_ibuf_I_O)         0.243     0.243 r  i_xlnx_clk_gen/inst/clkin1_ibufg/O
                         net (fo=1, routed)           0.440     0.683    i_xlnx_clk_gen/inst/clk_in1_xlnx_clk_gen
    MMCME2_ADV_X1Y2      MMCME2_ADV (Prop_mmcme2_adv_CLKIN1_CLKOUT0)
                                                     -2.613    -1.930 r  i_xlnx_clk_gen/inst/mmcm_adv_inst/CLKOUT0
                         net (fo=1, routed)           0.696    -1.233    i_xlnx_clk_gen/inst/clk_out1_xlnx_clk_gen
    BUFGCTRL_X0Y16       BUFG (Prop_bufg_I_O)         0.026    -1.207 r  i_xlnx_clk_gen/inst/clkout1_buf/O
                         net (fo=20013, routed)       0.637    -0.571    i_axi_dwidth_converter_dm_slave/inst/gen_downsizer.gen_simple_downsizer.axi_downsizer_inst/USE_WRITE.write_addr_inst/USE_B_CHANNEL.cmd_b_queue/inst/fifo_gen_inst/inst_fifo_gen/gconvfifo.rf/grf.rf/rstblk/clk
    SLICE_X110Y50        FDRE                                         r  i_axi_dwidth_converter_dm_slave/inst/gen_downsizer.gen_simple_downsizer.axi_downsizer_inst/USE_WRITE.write_addr_inst/USE_B_CHANNEL.cmd_b_queue/inst/fifo_gen_inst/inst_fifo_gen/gconvfifo.rf/grf.rf/rstblk/ngwrdrst.grst.g7serrst.gnsckt_wrst.gcc_rst.sckt_wr_rst_cc_reg[0]/C
  -------------------------------------------------------------------    -------------------
    SLICE_X110Y50        FDRE (Prop_fdre_C_Q)         0.141    -0.430 f  i_axi_dwidth_converter_dm_slave/inst/gen_downsizer.gen_simple_downsizer.axi_downsizer_inst/USE_WRITE.write_addr_inst/USE_B_CHANNEL.cmd_b_queue/inst/fifo_gen_inst/inst_fifo_gen/gconvfifo.rf/grf.rf/rstblk/ngwrdrst.grst.g7serrst.gnsckt_wrst.gcc_rst.sckt_wr_rst_cc_reg[0]/Q
                         net (fo=3, routed)           0.109    -0.321    i_axi_dwidth_converter_dm_slave/inst/gen_downsizer.gen_simple_downsizer.axi_downsizer_inst/USE_WRITE.write_addr_inst/USE_B_CHANNEL.cmd_b_queue/inst/fifo_gen_inst/inst_fifo_gen/gconvfifo.rf/grf.rf/rstblk/ngwrdrst.grst.g7serrst.gnsckt_wrst.gcc_rst.sckt_wr_rst_cc[0]
    SLICE_X111Y50        LUT3 (Prop_lut3_I1_O)        0.045    -0.276 f  i_axi_dwidth_converter_dm_slave/inst/gen_downsizer.gen_simple_downsizer.axi_downsizer_inst/USE_WRITE.write_addr_inst/USE_B_CHANNEL.cmd_b_queue/inst/fifo_gen_inst/inst_fifo_gen/gconvfifo.rf/grf.rf/rstblk/gpregsm1.curr_fwft_state[1]_i_2/O
                         net (fo=32, routed)          0.196    -0.080    i_axi_dwidth_converter_dm_slave/inst/gen_downsizer.gen_simple_downsizer.axi_downsizer_inst/USE_WRITE.write_addr_inst/USE_B_CHANNEL.cmd_b_queue/inst/fifo_gen_inst/inst_fifo_gen/gconvfifo.rf/grf.rf/gntv_or_sync_fifo.gl0.rd/gr1.gr1_int.rfwft/gpregsm1.user_valid_reg_0
    SLICE_X111Y51        FDPE                                         f  i_axi_dwidth_converter_dm_slave/inst/gen_downsizer.gen_simple_downsizer.axi_downsizer_inst/USE_WRITE.write_addr_inst/USE_B_CHANNEL.cmd_b_queue/inst/fifo_gen_inst/inst_fifo_gen/gconvfifo.rf/grf.rf/gntv_or_sync_fifo.gl0.rd/gr1.gr1_int.rfwft/aempty_fwft_fb_i_reg/PRE
  -------------------------------------------------------------------    -------------------

                         (clock clk_out1_xlnx_clk_gen rise edge)
                                                      0.000     0.000 r  
    K17                                               0.000     0.000 r  clk_sys (IN)
                         net (fo=0)                   0.000     0.000    i_xlnx_clk_gen/inst/clk_in1
    K17                  IBUF (Prop_ibuf_I_O)         0.431     0.431 r  i_xlnx_clk_gen/inst/clkin1_ibufg/O
                         net (fo=1, routed)           0.480     0.911    i_xlnx_clk_gen/inst/clk_in1_xlnx_clk_gen
    MMCME2_ADV_X1Y2      MMCME2_ADV (Prop_mmcme2_adv_CLKIN1_CLKOUT0)
                                                     -3.407    -2.496 r  i_xlnx_clk_gen/inst/mmcm_adv_inst/CLKOUT0
                         net (fo=1, routed)           0.752    -1.744    i_xlnx_clk_gen/inst/clk_out1_xlnx_clk_gen
    BUFGCTRL_X0Y16       BUFG (Prop_bufg_I_O)         0.029    -1.715 r  i_xlnx_clk_gen/inst/clkout1_buf/O
                         net (fo=20013, routed)       0.909    -0.806    i_axi_dwidth_converter_dm_slave/inst/gen_downsizer.gen_simple_downsizer.axi_downsizer_inst/USE_WRITE.write_addr_inst/USE_B_CHANNEL.cmd_b_queue/inst/fifo_gen_inst/inst_fifo_gen/gconvfifo.rf/grf.rf/gntv_or_sync_fifo.gl0.rd/gr1.gr1_int.rfwft/clk
    SLICE_X111Y51        FDPE                                         r  i_axi_dwidth_converter_dm_slave/inst/gen_downsizer.gen_simple_downsizer.axi_downsizer_inst/USE_WRITE.write_addr_inst/USE_B_CHANNEL.cmd_b_queue/inst/fifo_gen_inst/inst_fifo_gen/gconvfifo.rf/grf.rf/gntv_or_sync_fifo.gl0.rd/gr1.gr1_int.rfwft/aempty_fwft_fb_i_reg/C
                         clock pessimism              0.252    -0.555    
    SLICE_X111Y51        FDPE (Remov_fdpe_C_PRE)     -0.095    -0.650    i_axi_dwidth_converter_dm_slave/inst/gen_downsizer.gen_simple_downsizer.axi_downsizer_inst/USE_WRITE.write_addr_inst/USE_B_CHANNEL.cmd_b_queue/inst/fifo_gen_inst/inst_fifo_gen/gconvfifo.rf/grf.rf/gntv_or_sync_fifo.gl0.rd/gr1.gr1_int.rfwft/aempty_fwft_fb_i_reg
  -------------------------------------------------------------------
                         required time                          0.650    
                         arrival time                          -0.080    
  -------------------------------------------------------------------
                         slack                                  0.570    

Slack (MET) :             0.570ns  (arrival time - required time)
  Source:                 i_axi_dwidth_converter_dm_slave/inst/gen_downsizer.gen_simple_downsizer.axi_downsizer_inst/USE_WRITE.write_addr_inst/USE_B_CHANNEL.cmd_b_queue/inst/fifo_gen_inst/inst_fifo_gen/gconvfifo.rf/grf.rf/rstblk/ngwrdrst.grst.g7serrst.gnsckt_wrst.gcc_rst.sckt_wr_rst_cc_reg[0]/C
                            (rising edge-triggered cell FDRE clocked by clk_out1_xlnx_clk_gen  {rise@0.000ns fall@10.000ns period=20.000ns})
  Destination:            i_axi_dwidth_converter_dm_slave/inst/gen_downsizer.gen_simple_downsizer.axi_downsizer_inst/USE_WRITE.write_addr_inst/USE_B_CHANNEL.cmd_b_queue/inst/fifo_gen_inst/inst_fifo_gen/gconvfifo.rf/grf.rf/gntv_or_sync_fifo.gl0.rd/gr1.gr1_int.rfwft/aempty_fwft_i_reg/PRE
                            (removal check against rising-edge clock clk_out1_xlnx_clk_gen  {rise@0.000ns fall@10.000ns period=20.000ns})
  Path Group:             **async_default**
  Path Type:              Removal (Min at Fast Process Corner)
  Requirement:            0.000ns  (clk_out1_xlnx_clk_gen rise@0.000ns - clk_out1_xlnx_clk_gen rise@0.000ns)
  Data Path Delay:        0.491ns  (logic 0.186ns (37.886%)  route 0.305ns (62.114%))
  Logic Levels:           1  (LUT3=1)
  Clock Path Skew:        0.016ns (DCD - SCD - CPR)
    Destination Clock Delay (DCD):    -0.806ns
    Source Clock Delay      (SCD):    -0.571ns
    Clock Pessimism Removal (CPR):    -0.252ns

    Location             Delay type                Incr(ns)  Path(ns)    Netlist Resource(s)
  -------------------------------------------------------------------    -------------------
                         (clock clk_out1_xlnx_clk_gen rise edge)
                                                      0.000     0.000 r  
    K17                                               0.000     0.000 r  clk_sys (IN)
                         net (fo=0)                   0.000     0.000    i_xlnx_clk_gen/inst/clk_in1
    K17                  IBUF (Prop_ibuf_I_O)         0.243     0.243 r  i_xlnx_clk_gen/inst/clkin1_ibufg/O
                         net (fo=1, routed)           0.440     0.683    i_xlnx_clk_gen/inst/clk_in1_xlnx_clk_gen
    MMCME2_ADV_X1Y2      MMCME2_ADV (Prop_mmcme2_adv_CLKIN1_CLKOUT0)
                                                     -2.613    -1.930 r  i_xlnx_clk_gen/inst/mmcm_adv_inst/CLKOUT0
                         net (fo=1, routed)           0.696    -1.233    i_xlnx_clk_gen/inst/clk_out1_xlnx_clk_gen
    BUFGCTRL_X0Y16       BUFG (Prop_bufg_I_O)         0.026    -1.207 r  i_xlnx_clk_gen/inst/clkout1_buf/O
                         net (fo=20013, routed)       0.637    -0.571    i_axi_dwidth_converter_dm_slave/inst/gen_downsizer.gen_simple_downsizer.axi_downsizer_inst/USE_WRITE.write_addr_inst/USE_B_CHANNEL.cmd_b_queue/inst/fifo_gen_inst/inst_fifo_gen/gconvfifo.rf/grf.rf/rstblk/clk
    SLICE_X110Y50        FDRE                                         r  i_axi_dwidth_converter_dm_slave/inst/gen_downsizer.gen_simple_downsizer.axi_downsizer_inst/USE_WRITE.write_addr_inst/USE_B_CHANNEL.cmd_b_queue/inst/fifo_gen_inst/inst_fifo_gen/gconvfifo.rf/grf.rf/rstblk/ngwrdrst.grst.g7serrst.gnsckt_wrst.gcc_rst.sckt_wr_rst_cc_reg[0]/C
  -------------------------------------------------------------------    -------------------
    SLICE_X110Y50        FDRE (Prop_fdre_C_Q)         0.141    -0.430 f  i_axi_dwidth_converter_dm_slave/inst/gen_downsizer.gen_simple_downsizer.axi_downsizer_inst/USE_WRITE.write_addr_inst/USE_B_CHANNEL.cmd_b_queue/inst/fifo_gen_inst/inst_fifo_gen/gconvfifo.rf/grf.rf/rstblk/ngwrdrst.grst.g7serrst.gnsckt_wrst.gcc_rst.sckt_wr_rst_cc_reg[0]/Q
                         net (fo=3, routed)           0.109    -0.321    i_axi_dwidth_converter_dm_slave/inst/gen_downsizer.gen_simple_downsizer.axi_downsizer_inst/USE_WRITE.write_addr_inst/USE_B_CHANNEL.cmd_b_queue/inst/fifo_gen_inst/inst_fifo_gen/gconvfifo.rf/grf.rf/rstblk/ngwrdrst.grst.g7serrst.gnsckt_wrst.gcc_rst.sckt_wr_rst_cc[0]
    SLICE_X111Y50        LUT3 (Prop_lut3_I1_O)        0.045    -0.276 f  i_axi_dwidth_converter_dm_slave/inst/gen_downsizer.gen_simple_downsizer.axi_downsizer_inst/USE_WRITE.write_addr_inst/USE_B_CHANNEL.cmd_b_queue/inst/fifo_gen_inst/inst_fifo_gen/gconvfifo.rf/grf.rf/rstblk/gpregsm1.curr_fwft_state[1]_i_2/O
                         net (fo=32, routed)          0.196    -0.080    i_axi_dwidth_converter_dm_slave/inst/gen_downsizer.gen_simple_downsizer.axi_downsizer_inst/USE_WRITE.write_addr_inst/USE_B_CHANNEL.cmd_b_queue/inst/fifo_gen_inst/inst_fifo_gen/gconvfifo.rf/grf.rf/gntv_or_sync_fifo.gl0.rd/gr1.gr1_int.rfwft/gpregsm1.user_valid_reg_0
    SLICE_X111Y51        FDPE                                         f  i_axi_dwidth_converter_dm_slave/inst/gen_downsizer.gen_simple_downsizer.axi_downsizer_inst/USE_WRITE.write_addr_inst/USE_B_CHANNEL.cmd_b_queue/inst/fifo_gen_inst/inst_fifo_gen/gconvfifo.rf/grf.rf/gntv_or_sync_fifo.gl0.rd/gr1.gr1_int.rfwft/aempty_fwft_i_reg/PRE
  -------------------------------------------------------------------    -------------------

                         (clock clk_out1_xlnx_clk_gen rise edge)
                                                      0.000     0.000 r  
    K17                                               0.000     0.000 r  clk_sys (IN)
                         net (fo=0)                   0.000     0.000    i_xlnx_clk_gen/inst/clk_in1
    K17                  IBUF (Prop_ibuf_I_O)         0.431     0.431 r  i_xlnx_clk_gen/inst/clkin1_ibufg/O
                         net (fo=1, routed)           0.480     0.911    i_xlnx_clk_gen/inst/clk_in1_xlnx_clk_gen
    MMCME2_ADV_X1Y2      MMCME2_ADV (Prop_mmcme2_adv_CLKIN1_CLKOUT0)
                                                     -3.407    -2.496 r  i_xlnx_clk_gen/inst/mmcm_adv_inst/CLKOUT0
                         net (fo=1, routed)           0.752    -1.744    i_xlnx_clk_gen/inst/clk_out1_xlnx_clk_gen
    BUFGCTRL_X0Y16       BUFG (Prop_bufg_I_O)         0.029    -1.715 r  i_xlnx_clk_gen/inst/clkout1_buf/O
                         net (fo=20013, routed)       0.909    -0.806    i_axi_dwidth_converter_dm_slave/inst/gen_downsizer.gen_simple_downsizer.axi_downsizer_inst/USE_WRITE.write_addr_inst/USE_B_CHANNEL.cmd_b_queue/inst/fifo_gen_inst/inst_fifo_gen/gconvfifo.rf/grf.rf/gntv_or_sync_fifo.gl0.rd/gr1.gr1_int.rfwft/clk
    SLICE_X111Y51        FDPE                                         r  i_axi_dwidth_converter_dm_slave/inst/gen_downsizer.gen_simple_downsizer.axi_downsizer_inst/USE_WRITE.write_addr_inst/USE_B_CHANNEL.cmd_b_queue/inst/fifo_gen_inst/inst_fifo_gen/gconvfifo.rf/grf.rf/gntv_or_sync_fifo.gl0.rd/gr1.gr1_int.rfwft/aempty_fwft_i_reg/C
                         clock pessimism              0.252    -0.555    
    SLICE_X111Y51        FDPE (Remov_fdpe_C_PRE)     -0.095    -0.650    i_axi_dwidth_converter_dm_slave/inst/gen_downsizer.gen_simple_downsizer.axi_downsizer_inst/USE_WRITE.write_addr_inst/USE_B_CHANNEL.cmd_b_queue/inst/fifo_gen_inst/inst_fifo_gen/gconvfifo.rf/grf.rf/gntv_or_sync_fifo.gl0.rd/gr1.gr1_int.rfwft/aempty_fwft_i_reg
  -------------------------------------------------------------------
                         required time                          0.650    
                         arrival time                          -0.080    
  -------------------------------------------------------------------
                         slack                                  0.570    

Slack (MET) :             0.570ns  (arrival time - required time)
  Source:                 i_axi_dwidth_converter_dm_slave/inst/gen_downsizer.gen_simple_downsizer.axi_downsizer_inst/USE_WRITE.write_addr_inst/USE_B_CHANNEL.cmd_b_queue/inst/fifo_gen_inst/inst_fifo_gen/gconvfifo.rf/grf.rf/rstblk/ngwrdrst.grst.g7serrst.gnsckt_wrst.gcc_rst.sckt_wr_rst_cc_reg[0]/C
                            (rising edge-triggered cell FDRE clocked by clk_out1_xlnx_clk_gen  {rise@0.000ns fall@10.000ns period=20.000ns})
  Destination:            i_axi_dwidth_converter_dm_slave/inst/gen_downsizer.gen_simple_downsizer.axi_downsizer_inst/USE_WRITE.write_addr_inst/USE_B_CHANNEL.cmd_b_queue/inst/fifo_gen_inst/inst_fifo_gen/gconvfifo.rf/grf.rf/gntv_or_sync_fifo.gl0.rd/gr1.gr1_int.rfwft/empty_fwft_fb_i_reg/PRE
                            (removal check against rising-edge clock clk_out1_xlnx_clk_gen  {rise@0.000ns fall@10.000ns period=20.000ns})
  Path Group:             **async_default**
  Path Type:              Removal (Min at Fast Process Corner)
  Requirement:            0.000ns  (clk_out1_xlnx_clk_gen rise@0.000ns - clk_out1_xlnx_clk_gen rise@0.000ns)
  Data Path Delay:        0.491ns  (logic 0.186ns (37.886%)  route 0.305ns (62.114%))
  Logic Levels:           1  (LUT3=1)
  Clock Path Skew:        0.016ns (DCD - SCD - CPR)
    Destination Clock Delay (DCD):    -0.806ns
    Source Clock Delay      (SCD):    -0.571ns
    Clock Pessimism Removal (CPR):    -0.252ns

    Location             Delay type                Incr(ns)  Path(ns)    Netlist Resource(s)
  -------------------------------------------------------------------    -------------------
                         (clock clk_out1_xlnx_clk_gen rise edge)
                                                      0.000     0.000 r  
    K17                                               0.000     0.000 r  clk_sys (IN)
                         net (fo=0)                   0.000     0.000    i_xlnx_clk_gen/inst/clk_in1
    K17                  IBUF (Prop_ibuf_I_O)         0.243     0.243 r  i_xlnx_clk_gen/inst/clkin1_ibufg/O
                         net (fo=1, routed)           0.440     0.683    i_xlnx_clk_gen/inst/clk_in1_xlnx_clk_gen
    MMCME2_ADV_X1Y2      MMCME2_ADV (Prop_mmcme2_adv_CLKIN1_CLKOUT0)
                                                     -2.613    -1.930 r  i_xlnx_clk_gen/inst/mmcm_adv_inst/CLKOUT0
                         net (fo=1, routed)           0.696    -1.233    i_xlnx_clk_gen/inst/clk_out1_xlnx_clk_gen
    BUFGCTRL_X0Y16       BUFG (Prop_bufg_I_O)         0.026    -1.207 r  i_xlnx_clk_gen/inst/clkout1_buf/O
                         net (fo=20013, routed)       0.637    -0.571    i_axi_dwidth_converter_dm_slave/inst/gen_downsizer.gen_simple_downsizer.axi_downsizer_inst/USE_WRITE.write_addr_inst/USE_B_CHANNEL.cmd_b_queue/inst/fifo_gen_inst/inst_fifo_gen/gconvfifo.rf/grf.rf/rstblk/clk
    SLICE_X110Y50        FDRE                                         r  i_axi_dwidth_converter_dm_slave/inst/gen_downsizer.gen_simple_downsizer.axi_downsizer_inst/USE_WRITE.write_addr_inst/USE_B_CHANNEL.cmd_b_queue/inst/fifo_gen_inst/inst_fifo_gen/gconvfifo.rf/grf.rf/rstblk/ngwrdrst.grst.g7serrst.gnsckt_wrst.gcc_rst.sckt_wr_rst_cc_reg[0]/C
  -------------------------------------------------------------------    -------------------
    SLICE_X110Y50        FDRE (Prop_fdre_C_Q)         0.141    -0.430 f  i_axi_dwidth_converter_dm_slave/inst/gen_downsizer.gen_simple_downsizer.axi_downsizer_inst/USE_WRITE.write_addr_inst/USE_B_CHANNEL.cmd_b_queue/inst/fifo_gen_inst/inst_fifo_gen/gconvfifo.rf/grf.rf/rstblk/ngwrdrst.grst.g7serrst.gnsckt_wrst.gcc_rst.sckt_wr_rst_cc_reg[0]/Q
                         net (fo=3, routed)           0.109    -0.321    i_axi_dwidth_converter_dm_slave/inst/gen_downsizer.gen_simple_downsizer.axi_downsizer_inst/USE_WRITE.write_addr_inst/USE_B_CHANNEL.cmd_b_queue/inst/fifo_gen_inst/inst_fifo_gen/gconvfifo.rf/grf.rf/rstblk/ngwrdrst.grst.g7serrst.gnsckt_wrst.gcc_rst.sckt_wr_rst_cc[0]
    SLICE_X111Y50        LUT3 (Prop_lut3_I1_O)        0.045    -0.276 f  i_axi_dwidth_converter_dm_slave/inst/gen_downsizer.gen_simple_downsizer.axi_downsizer_inst/USE_WRITE.write_addr_inst/USE_B_CHANNEL.cmd_b_queue/inst/fifo_gen_inst/inst_fifo_gen/gconvfifo.rf/grf.rf/rstblk/gpregsm1.curr_fwft_state[1]_i_2/O
                         net (fo=32, routed)          0.196    -0.080    i_axi_dwidth_converter_dm_slave/inst/gen_downsizer.gen_simple_downsizer.axi_downsizer_inst/USE_WRITE.write_addr_inst/USE_B_CHANNEL.cmd_b_queue/inst/fifo_gen_inst/inst_fifo_gen/gconvfifo.rf/grf.rf/gntv_or_sync_fifo.gl0.rd/gr1.gr1_int.rfwft/gpregsm1.user_valid_reg_0
    SLICE_X111Y51        FDPE                                         f  i_axi_dwidth_converter_dm_slave/inst/gen_downsizer.gen_simple_downsizer.axi_downsizer_inst/USE_WRITE.write_addr_inst/USE_B_CHANNEL.cmd_b_queue/inst/fifo_gen_inst/inst_fifo_gen/gconvfifo.rf/grf.rf/gntv_or_sync_fifo.gl0.rd/gr1.gr1_int.rfwft/empty_fwft_fb_i_reg/PRE
  -------------------------------------------------------------------    -------------------

                         (clock clk_out1_xlnx_clk_gen rise edge)
                                                      0.000     0.000 r  
    K17                                               0.000     0.000 r  clk_sys (IN)
                         net (fo=0)                   0.000     0.000    i_xlnx_clk_gen/inst/clk_in1
    K17                  IBUF (Prop_ibuf_I_O)         0.431     0.431 r  i_xlnx_clk_gen/inst/clkin1_ibufg/O
                         net (fo=1, routed)           0.480     0.911    i_xlnx_clk_gen/inst/clk_in1_xlnx_clk_gen
    MMCME2_ADV_X1Y2      MMCME2_ADV (Prop_mmcme2_adv_CLKIN1_CLKOUT0)
                                                     -3.407    -2.496 r  i_xlnx_clk_gen/inst/mmcm_adv_inst/CLKOUT0
                         net (fo=1, routed)           0.752    -1.744    i_xlnx_clk_gen/inst/clk_out1_xlnx_clk_gen
    BUFGCTRL_X0Y16       BUFG (Prop_bufg_I_O)         0.029    -1.715 r  i_xlnx_clk_gen/inst/clkout1_buf/O
                         net (fo=20013, routed)       0.909    -0.806    i_axi_dwidth_converter_dm_slave/inst/gen_downsizer.gen_simple_downsizer.axi_downsizer_inst/USE_WRITE.write_addr_inst/USE_B_CHANNEL.cmd_b_queue/inst/fifo_gen_inst/inst_fifo_gen/gconvfifo.rf/grf.rf/gntv_or_sync_fifo.gl0.rd/gr1.gr1_int.rfwft/clk
    SLICE_X111Y51        FDPE                                         r  i_axi_dwidth_converter_dm_slave/inst/gen_downsizer.gen_simple_downsizer.axi_downsizer_inst/USE_WRITE.write_addr_inst/USE_B_CHANNEL.cmd_b_queue/inst/fifo_gen_inst/inst_fifo_gen/gconvfifo.rf/grf.rf/gntv_or_sync_fifo.gl0.rd/gr1.gr1_int.rfwft/empty_fwft_fb_i_reg/C
                         clock pessimism              0.252    -0.555    
    SLICE_X111Y51        FDPE (Remov_fdpe_C_PRE)     -0.095    -0.650    i_axi_dwidth_converter_dm_slave/inst/gen_downsizer.gen_simple_downsizer.axi_downsizer_inst/USE_WRITE.write_addr_inst/USE_B_CHANNEL.cmd_b_queue/inst/fifo_gen_inst/inst_fifo_gen/gconvfifo.rf/grf.rf/gntv_or_sync_fifo.gl0.rd/gr1.gr1_int.rfwft/empty_fwft_fb_i_reg
  -------------------------------------------------------------------
                         required time                          0.650    
                         arrival time                          -0.080    
  -------------------------------------------------------------------
                         slack                                  0.570    

Slack (MET) :             0.570ns  (arrival time - required time)
  Source:                 i_axi_dwidth_converter_dm_slave/inst/gen_downsizer.gen_simple_downsizer.axi_downsizer_inst/USE_WRITE.write_addr_inst/USE_B_CHANNEL.cmd_b_queue/inst/fifo_gen_inst/inst_fifo_gen/gconvfifo.rf/grf.rf/rstblk/ngwrdrst.grst.g7serrst.gnsckt_wrst.gcc_rst.sckt_wr_rst_cc_reg[0]/C
                            (rising edge-triggered cell FDRE clocked by clk_out1_xlnx_clk_gen  {rise@0.000ns fall@10.000ns period=20.000ns})
  Destination:            i_axi_dwidth_converter_dm_slave/inst/gen_downsizer.gen_simple_downsizer.axi_downsizer_inst/USE_WRITE.write_addr_inst/USE_B_CHANNEL.cmd_b_queue/inst/fifo_gen_inst/inst_fifo_gen/gconvfifo.rf/grf.rf/gntv_or_sync_fifo.gl0.rd/gr1.gr1_int.rfwft/empty_fwft_fb_o_i_reg/PRE
                            (removal check against rising-edge clock clk_out1_xlnx_clk_gen  {rise@0.000ns fall@10.000ns period=20.000ns})
  Path Group:             **async_default**
  Path Type:              Removal (Min at Fast Process Corner)
  Requirement:            0.000ns  (clk_out1_xlnx_clk_gen rise@0.000ns - clk_out1_xlnx_clk_gen rise@0.000ns)
  Data Path Delay:        0.491ns  (logic 0.186ns (37.886%)  route 0.305ns (62.114%))
  Logic Levels:           1  (LUT3=1)
  Clock Path Skew:        0.016ns (DCD - SCD - CPR)
    Destination Clock Delay (DCD):    -0.806ns
    Source Clock Delay      (SCD):    -0.571ns
    Clock Pessimism Removal (CPR):    -0.252ns

    Location             Delay type                Incr(ns)  Path(ns)    Netlist Resource(s)
  -------------------------------------------------------------------    -------------------
                         (clock clk_out1_xlnx_clk_gen rise edge)
                                                      0.000     0.000 r  
    K17                                               0.000     0.000 r  clk_sys (IN)
                         net (fo=0)                   0.000     0.000    i_xlnx_clk_gen/inst/clk_in1
    K17                  IBUF (Prop_ibuf_I_O)         0.243     0.243 r  i_xlnx_clk_gen/inst/clkin1_ibufg/O
                         net (fo=1, routed)           0.440     0.683    i_xlnx_clk_gen/inst/clk_in1_xlnx_clk_gen
    MMCME2_ADV_X1Y2      MMCME2_ADV (Prop_mmcme2_adv_CLKIN1_CLKOUT0)
                                                     -2.613    -1.930 r  i_xlnx_clk_gen/inst/mmcm_adv_inst/CLKOUT0
                         net (fo=1, routed)           0.696    -1.233    i_xlnx_clk_gen/inst/clk_out1_xlnx_clk_gen
    BUFGCTRL_X0Y16       BUFG (Prop_bufg_I_O)         0.026    -1.207 r  i_xlnx_clk_gen/inst/clkout1_buf/O
                         net (fo=20013, routed)       0.637    -0.571    i_axi_dwidth_converter_dm_slave/inst/gen_downsizer.gen_simple_downsizer.axi_downsizer_inst/USE_WRITE.write_addr_inst/USE_B_CHANNEL.cmd_b_queue/inst/fifo_gen_inst/inst_fifo_gen/gconvfifo.rf/grf.rf/rstblk/clk
    SLICE_X110Y50        FDRE                                         r  i_axi_dwidth_converter_dm_slave/inst/gen_downsizer.gen_simple_downsizer.axi_downsizer_inst/USE_WRITE.write_addr_inst/USE_B_CHANNEL.cmd_b_queue/inst/fifo_gen_inst/inst_fifo_gen/gconvfifo.rf/grf.rf/rstblk/ngwrdrst.grst.g7serrst.gnsckt_wrst.gcc_rst.sckt_wr_rst_cc_reg[0]/C
  -------------------------------------------------------------------    -------------------
    SLICE_X110Y50        FDRE (Prop_fdre_C_Q)         0.141    -0.430 f  i_axi_dwidth_converter_dm_slave/inst/gen_downsizer.gen_simple_downsizer.axi_downsizer_inst/USE_WRITE.write_addr_inst/USE_B_CHANNEL.cmd_b_queue/inst/fifo_gen_inst/inst_fifo_gen/gconvfifo.rf/grf.rf/rstblk/ngwrdrst.grst.g7serrst.gnsckt_wrst.gcc_rst.sckt_wr_rst_cc_reg[0]/Q
                         net (fo=3, routed)           0.109    -0.321    i_axi_dwidth_converter_dm_slave/inst/gen_downsizer.gen_simple_downsizer.axi_downsizer_inst/USE_WRITE.write_addr_inst/USE_B_CHANNEL.cmd_b_queue/inst/fifo_gen_inst/inst_fifo_gen/gconvfifo.rf/grf.rf/rstblk/ngwrdrst.grst.g7serrst.gnsckt_wrst.gcc_rst.sckt_wr_rst_cc[0]
    SLICE_X111Y50        LUT3 (Prop_lut3_I1_O)        0.045    -0.276 f  i_axi_dwidth_converter_dm_slave/inst/gen_downsizer.gen_simple_downsizer.axi_downsizer_inst/USE_WRITE.write_addr_inst/USE_B_CHANNEL.cmd_b_queue/inst/fifo_gen_inst/inst_fifo_gen/gconvfifo.rf/grf.rf/rstblk/gpregsm1.curr_fwft_state[1]_i_2/O
                         net (fo=32, routed)          0.196    -0.080    i_axi_dwidth_converter_dm_slave/inst/gen_downsizer.gen_simple_downsizer.axi_downsizer_inst/USE_WRITE.write_addr_inst/USE_B_CHANNEL.cmd_b_queue/inst/fifo_gen_inst/inst_fifo_gen/gconvfifo.rf/grf.rf/gntv_or_sync_fifo.gl0.rd/gr1.gr1_int.rfwft/gpregsm1.user_valid_reg_0
    SLICE_X111Y51        FDPE                                         f  i_axi_dwidth_converter_dm_slave/inst/gen_downsizer.gen_simple_downsizer.axi_downsizer_inst/USE_WRITE.write_addr_inst/USE_B_CHANNEL.cmd_b_queue/inst/fifo_gen_inst/inst_fifo_gen/gconvfifo.rf/grf.rf/gntv_or_sync_fifo.gl0.rd/gr1.gr1_int.rfwft/empty_fwft_fb_o_i_reg/PRE
  -------------------------------------------------------------------    -------------------

                         (clock clk_out1_xlnx_clk_gen rise edge)
                                                      0.000     0.000 r  
    K17                                               0.000     0.000 r  clk_sys (IN)
                         net (fo=0)                   0.000     0.000    i_xlnx_clk_gen/inst/clk_in1
    K17                  IBUF (Prop_ibuf_I_O)         0.431     0.431 r  i_xlnx_clk_gen/inst/clkin1_ibufg/O
                         net (fo=1, routed)           0.480     0.911    i_xlnx_clk_gen/inst/clk_in1_xlnx_clk_gen
    MMCME2_ADV_X1Y2      MMCME2_ADV (Prop_mmcme2_adv_CLKIN1_CLKOUT0)
                                                     -3.407    -2.496 r  i_xlnx_clk_gen/inst/mmcm_adv_inst/CLKOUT0
                         net (fo=1, routed)           0.752    -1.744    i_xlnx_clk_gen/inst/clk_out1_xlnx_clk_gen
    BUFGCTRL_X0Y16       BUFG (Prop_bufg_I_O)         0.029    -1.715 r  i_xlnx_clk_gen/inst/clkout1_buf/O
                         net (fo=20013, routed)       0.909    -0.806    i_axi_dwidth_converter_dm_slave/inst/gen_downsizer.gen_simple_downsizer.axi_downsizer_inst/USE_WRITE.write_addr_inst/USE_B_CHANNEL.cmd_b_queue/inst/fifo_gen_inst/inst_fifo_gen/gconvfifo.rf/grf.rf/gntv_or_sync_fifo.gl0.rd/gr1.gr1_int.rfwft/clk
    SLICE_X111Y51        FDPE                                         r  i_axi_dwidth_converter_dm_slave/inst/gen_downsizer.gen_simple_downsizer.axi_downsizer_inst/USE_WRITE.write_addr_inst/USE_B_CHANNEL.cmd_b_queue/inst/fifo_gen_inst/inst_fifo_gen/gconvfifo.rf/grf.rf/gntv_or_sync_fifo.gl0.rd/gr1.gr1_int.rfwft/empty_fwft_fb_o_i_reg/C
                         clock pessimism              0.252    -0.555    
    SLICE_X111Y51        FDPE (Remov_fdpe_C_PRE)     -0.095    -0.650    i_axi_dwidth_converter_dm_slave/inst/gen_downsizer.gen_simple_downsizer.axi_downsizer_inst/USE_WRITE.write_addr_inst/USE_B_CHANNEL.cmd_b_queue/inst/fifo_gen_inst/inst_fifo_gen/gconvfifo.rf/grf.rf/gntv_or_sync_fifo.gl0.rd/gr1.gr1_int.rfwft/empty_fwft_fb_o_i_reg
  -------------------------------------------------------------------
                         required time                          0.650    
                         arrival time                          -0.080    
  -------------------------------------------------------------------
                         slack                                  0.570    

Slack (MET) :             0.570ns  (arrival time - required time)
  Source:                 i_axi_dwidth_converter_dm_slave/inst/gen_downsizer.gen_simple_downsizer.axi_downsizer_inst/USE_WRITE.write_addr_inst/USE_B_CHANNEL.cmd_b_queue/inst/fifo_gen_inst/inst_fifo_gen/gconvfifo.rf/grf.rf/rstblk/ngwrdrst.grst.g7serrst.gnsckt_wrst.gcc_rst.sckt_wr_rst_cc_reg[0]/C
                            (rising edge-triggered cell FDRE clocked by clk_out1_xlnx_clk_gen  {rise@0.000ns fall@10.000ns period=20.000ns})
  Destination:            i_axi_dwidth_converter_dm_slave/inst/gen_downsizer.gen_simple_downsizer.axi_downsizer_inst/USE_WRITE.write_addr_inst/USE_B_CHANNEL.cmd_b_queue/inst/fifo_gen_inst/inst_fifo_gen/gconvfifo.rf/grf.rf/gntv_or_sync_fifo.gl0.rd/grss.rsts/ram_empty_fb_i_reg/PRE
                            (removal check against rising-edge clock clk_out1_xlnx_clk_gen  {rise@0.000ns fall@10.000ns period=20.000ns})
  Path Group:             **async_default**
  Path Type:              Removal (Min at Fast Process Corner)
  Requirement:            0.000ns  (clk_out1_xlnx_clk_gen rise@0.000ns - clk_out1_xlnx_clk_gen rise@0.000ns)
  Data Path Delay:        0.491ns  (logic 0.186ns (37.886%)  route 0.305ns (62.114%))
  Logic Levels:           1  (LUT3=1)
  Clock Path Skew:        0.016ns (DCD - SCD - CPR)
    Destination Clock Delay (DCD):    -0.806ns
    Source Clock Delay      (SCD):    -0.571ns
    Clock Pessimism Removal (CPR):    -0.252ns

    Location             Delay type                Incr(ns)  Path(ns)    Netlist Resource(s)
  -------------------------------------------------------------------    -------------------
                         (clock clk_out1_xlnx_clk_gen rise edge)
                                                      0.000     0.000 r  
    K17                                               0.000     0.000 r  clk_sys (IN)
                         net (fo=0)                   0.000     0.000    i_xlnx_clk_gen/inst/clk_in1
    K17                  IBUF (Prop_ibuf_I_O)         0.243     0.243 r  i_xlnx_clk_gen/inst/clkin1_ibufg/O
                         net (fo=1, routed)           0.440     0.683    i_xlnx_clk_gen/inst/clk_in1_xlnx_clk_gen
    MMCME2_ADV_X1Y2      MMCME2_ADV (Prop_mmcme2_adv_CLKIN1_CLKOUT0)
                                                     -2.613    -1.930 r  i_xlnx_clk_gen/inst/mmcm_adv_inst/CLKOUT0
                         net (fo=1, routed)           0.696    -1.233    i_xlnx_clk_gen/inst/clk_out1_xlnx_clk_gen
    BUFGCTRL_X0Y16       BUFG (Prop_bufg_I_O)         0.026    -1.207 r  i_xlnx_clk_gen/inst/clkout1_buf/O
                         net (fo=20013, routed)       0.637    -0.571    i_axi_dwidth_converter_dm_slave/inst/gen_downsizer.gen_simple_downsizer.axi_downsizer_inst/USE_WRITE.write_addr_inst/USE_B_CHANNEL.cmd_b_queue/inst/fifo_gen_inst/inst_fifo_gen/gconvfifo.rf/grf.rf/rstblk/clk
    SLICE_X110Y50        FDRE                                         r  i_axi_dwidth_converter_dm_slave/inst/gen_downsizer.gen_simple_downsizer.axi_downsizer_inst/USE_WRITE.write_addr_inst/USE_B_CHANNEL.cmd_b_queue/inst/fifo_gen_inst/inst_fifo_gen/gconvfifo.rf/grf.rf/rstblk/ngwrdrst.grst.g7serrst.gnsckt_wrst.gcc_rst.sckt_wr_rst_cc_reg[0]/C
  -------------------------------------------------------------------    -------------------
    SLICE_X110Y50        FDRE (Prop_fdre_C_Q)         0.141    -0.430 f  i_axi_dwidth_converter_dm_slave/inst/gen_downsizer.gen_simple_downsizer.axi_downsizer_inst/USE_WRITE.write_addr_inst/USE_B_CHANNEL.cmd_b_queue/inst/fifo_gen_inst/inst_fifo_gen/gconvfifo.rf/grf.rf/rstblk/ngwrdrst.grst.g7serrst.gnsckt_wrst.gcc_rst.sckt_wr_rst_cc_reg[0]/Q
                         net (fo=3, routed)           0.109    -0.321    i_axi_dwidth_converter_dm_slave/inst/gen_downsizer.gen_simple_downsizer.axi_downsizer_inst/USE_WRITE.write_addr_inst/USE_B_CHANNEL.cmd_b_queue/inst/fifo_gen_inst/inst_fifo_gen/gconvfifo.rf/grf.rf/rstblk/ngwrdrst.grst.g7serrst.gnsckt_wrst.gcc_rst.sckt_wr_rst_cc[0]
    SLICE_X111Y50        LUT3 (Prop_lut3_I1_O)        0.045    -0.276 f  i_axi_dwidth_converter_dm_slave/inst/gen_downsizer.gen_simple_downsizer.axi_downsizer_inst/USE_WRITE.write_addr_inst/USE_B_CHANNEL.cmd_b_queue/inst/fifo_gen_inst/inst_fifo_gen/gconvfifo.rf/grf.rf/rstblk/gpregsm1.curr_fwft_state[1]_i_2/O
                         net (fo=32, routed)          0.196    -0.080    i_axi_dwidth_converter_dm_slave/inst/gen_downsizer.gen_simple_downsizer.axi_downsizer_inst/USE_WRITE.write_addr_inst/USE_B_CHANNEL.cmd_b_queue/inst/fifo_gen_inst/inst_fifo_gen/gconvfifo.rf/grf.rf/gntv_or_sync_fifo.gl0.rd/grss.rsts/ram_empty_i_reg_1
    SLICE_X111Y51        FDPE                                         f  i_axi_dwidth_converter_dm_slave/inst/gen_downsizer.gen_simple_downsizer.axi_downsizer_inst/USE_WRITE.write_addr_inst/USE_B_CHANNEL.cmd_b_queue/inst/fifo_gen_inst/inst_fifo_gen/gconvfifo.rf/grf.rf/gntv_or_sync_fifo.gl0.rd/grss.rsts/ram_empty_fb_i_reg/PRE
  -------------------------------------------------------------------    -------------------

                         (clock clk_out1_xlnx_clk_gen rise edge)
                                                      0.000     0.000 r  
    K17                                               0.000     0.000 r  clk_sys (IN)
                         net (fo=0)                   0.000     0.000    i_xlnx_clk_gen/inst/clk_in1
    K17                  IBUF (Prop_ibuf_I_O)         0.431     0.431 r  i_xlnx_clk_gen/inst/clkin1_ibufg/O
                         net (fo=1, routed)           0.480     0.911    i_xlnx_clk_gen/inst/clk_in1_xlnx_clk_gen
    MMCME2_ADV_X1Y2      MMCME2_ADV (Prop_mmcme2_adv_CLKIN1_CLKOUT0)
                                                     -3.407    -2.496 r  i_xlnx_clk_gen/inst/mmcm_adv_inst/CLKOUT0
                         net (fo=1, routed)           0.752    -1.744    i_xlnx_clk_gen/inst/clk_out1_xlnx_clk_gen
    BUFGCTRL_X0Y16       BUFG (Prop_bufg_I_O)         0.029    -1.715 r  i_xlnx_clk_gen/inst/clkout1_buf/O
                         net (fo=20013, routed)       0.909    -0.806    i_axi_dwidth_converter_dm_slave/inst/gen_downsizer.gen_simple_downsizer.axi_downsizer_inst/USE_WRITE.write_addr_inst/USE_B_CHANNEL.cmd_b_queue/inst/fifo_gen_inst/inst_fifo_gen/gconvfifo.rf/grf.rf/gntv_or_sync_fifo.gl0.rd/grss.rsts/clk
    SLICE_X111Y51        FDPE                                         r  i_axi_dwidth_converter_dm_slave/inst/gen_downsizer.gen_simple_downsizer.axi_downsizer_inst/USE_WRITE.write_addr_inst/USE_B_CHANNEL.cmd_b_queue/inst/fifo_gen_inst/inst_fifo_gen/gconvfifo.rf/grf.rf/gntv_or_sync_fifo.gl0.rd/grss.rsts/ram_empty_fb_i_reg/C
                         clock pessimism              0.252    -0.555    
    SLICE_X111Y51        FDPE (Remov_fdpe_C_PRE)     -0.095    -0.650    i_axi_dwidth_converter_dm_slave/inst/gen_downsizer.gen_simple_downsizer.axi_downsizer_inst/USE_WRITE.write_addr_inst/USE_B_CHANNEL.cmd_b_queue/inst/fifo_gen_inst/inst_fifo_gen/gconvfifo.rf/grf.rf/gntv_or_sync_fifo.gl0.rd/grss.rsts/ram_empty_fb_i_reg
  -------------------------------------------------------------------
                         required time                          0.650    
                         arrival time                          -0.080    
  -------------------------------------------------------------------
                         slack                                  0.570    

Slack (MET) :             0.570ns  (arrival time - required time)
  Source:                 i_axi_dwidth_converter_dm_slave/inst/gen_downsizer.gen_simple_downsizer.axi_downsizer_inst/USE_WRITE.write_addr_inst/USE_B_CHANNEL.cmd_b_queue/inst/fifo_gen_inst/inst_fifo_gen/gconvfifo.rf/grf.rf/rstblk/ngwrdrst.grst.g7serrst.gnsckt_wrst.gcc_rst.sckt_wr_rst_cc_reg[0]/C
                            (rising edge-triggered cell FDRE clocked by clk_out1_xlnx_clk_gen  {rise@0.000ns fall@10.000ns period=20.000ns})
  Destination:            i_axi_dwidth_converter_dm_slave/inst/gen_downsizer.gen_simple_downsizer.axi_downsizer_inst/USE_WRITE.write_addr_inst/USE_B_CHANNEL.cmd_b_queue/inst/fifo_gen_inst/inst_fifo_gen/gconvfifo.rf/grf.rf/gntv_or_sync_fifo.gl0.rd/grss.rsts/ram_empty_i_reg/PRE
                            (removal check against rising-edge clock clk_out1_xlnx_clk_gen  {rise@0.000ns fall@10.000ns period=20.000ns})
  Path Group:             **async_default**
  Path Type:              Removal (Min at Fast Process Corner)
  Requirement:            0.000ns  (clk_out1_xlnx_clk_gen rise@0.000ns - clk_out1_xlnx_clk_gen rise@0.000ns)
  Data Path Delay:        0.491ns  (logic 0.186ns (37.886%)  route 0.305ns (62.114%))
  Logic Levels:           1  (LUT3=1)
  Clock Path Skew:        0.016ns (DCD - SCD - CPR)
    Destination Clock Delay (DCD):    -0.806ns
    Source Clock Delay      (SCD):    -0.571ns
    Clock Pessimism Removal (CPR):    -0.252ns

    Location             Delay type                Incr(ns)  Path(ns)    Netlist Resource(s)
  -------------------------------------------------------------------    -------------------
                         (clock clk_out1_xlnx_clk_gen rise edge)
                                                      0.000     0.000 r  
    K17                                               0.000     0.000 r  clk_sys (IN)
                         net (fo=0)                   0.000     0.000    i_xlnx_clk_gen/inst/clk_in1
    K17                  IBUF (Prop_ibuf_I_O)         0.243     0.243 r  i_xlnx_clk_gen/inst/clkin1_ibufg/O
                         net (fo=1, routed)           0.440     0.683    i_xlnx_clk_gen/inst/clk_in1_xlnx_clk_gen
    MMCME2_ADV_X1Y2      MMCME2_ADV (Prop_mmcme2_adv_CLKIN1_CLKOUT0)
                                                     -2.613    -1.930 r  i_xlnx_clk_gen/inst/mmcm_adv_inst/CLKOUT0
                         net (fo=1, routed)           0.696    -1.233    i_xlnx_clk_gen/inst/clk_out1_xlnx_clk_gen
    BUFGCTRL_X0Y16       BUFG (Prop_bufg_I_O)         0.026    -1.207 r  i_xlnx_clk_gen/inst/clkout1_buf/O
                         net (fo=20013, routed)       0.637    -0.571    i_axi_dwidth_converter_dm_slave/inst/gen_downsizer.gen_simple_downsizer.axi_downsizer_inst/USE_WRITE.write_addr_inst/USE_B_CHANNEL.cmd_b_queue/inst/fifo_gen_inst/inst_fifo_gen/gconvfifo.rf/grf.rf/rstblk/clk
    SLICE_X110Y50        FDRE                                         r  i_axi_dwidth_converter_dm_slave/inst/gen_downsizer.gen_simple_downsizer.axi_downsizer_inst/USE_WRITE.write_addr_inst/USE_B_CHANNEL.cmd_b_queue/inst/fifo_gen_inst/inst_fifo_gen/gconvfifo.rf/grf.rf/rstblk/ngwrdrst.grst.g7serrst.gnsckt_wrst.gcc_rst.sckt_wr_rst_cc_reg[0]/C
  -------------------------------------------------------------------    -------------------
    SLICE_X110Y50        FDRE (Prop_fdre_C_Q)         0.141    -0.430 f  i_axi_dwidth_converter_dm_slave/inst/gen_downsizer.gen_simple_downsizer.axi_downsizer_inst/USE_WRITE.write_addr_inst/USE_B_CHANNEL.cmd_b_queue/inst/fifo_gen_inst/inst_fifo_gen/gconvfifo.rf/grf.rf/rstblk/ngwrdrst.grst.g7serrst.gnsckt_wrst.gcc_rst.sckt_wr_rst_cc_reg[0]/Q
                         net (fo=3, routed)           0.109    -0.321    i_axi_dwidth_converter_dm_slave/inst/gen_downsizer.gen_simple_downsizer.axi_downsizer_inst/USE_WRITE.write_addr_inst/USE_B_CHANNEL.cmd_b_queue/inst/fifo_gen_inst/inst_fifo_gen/gconvfifo.rf/grf.rf/rstblk/ngwrdrst.grst.g7serrst.gnsckt_wrst.gcc_rst.sckt_wr_rst_cc[0]
    SLICE_X111Y50        LUT3 (Prop_lut3_I1_O)        0.045    -0.276 f  i_axi_dwidth_converter_dm_slave/inst/gen_downsizer.gen_simple_downsizer.axi_downsizer_inst/USE_WRITE.write_addr_inst/USE_B_CHANNEL.cmd_b_queue/inst/fifo_gen_inst/inst_fifo_gen/gconvfifo.rf/grf.rf/rstblk/gpregsm1.curr_fwft_state[1]_i_2/O
                         net (fo=32, routed)          0.196    -0.080    i_axi_dwidth_converter_dm_slave/inst/gen_downsizer.gen_simple_downsizer.axi_downsizer_inst/USE_WRITE.write_addr_inst/USE_B_CHANNEL.cmd_b_queue/inst/fifo_gen_inst/inst_fifo_gen/gconvfifo.rf/grf.rf/gntv_or_sync_fifo.gl0.rd/grss.rsts/ram_empty_i_reg_1
    SLICE_X111Y51        FDPE                                         f  i_axi_dwidth_converter_dm_slave/inst/gen_downsizer.gen_simple_downsizer.axi_downsizer_inst/USE_WRITE.write_addr_inst/USE_B_CHANNEL.cmd_b_queue/inst/fifo_gen_inst/inst_fifo_gen/gconvfifo.rf/grf.rf/gntv_or_sync_fifo.gl0.rd/grss.rsts/ram_empty_i_reg/PRE
  -------------------------------------------------------------------    -------------------

                         (clock clk_out1_xlnx_clk_gen rise edge)
                                                      0.000     0.000 r  
    K17                                               0.000     0.000 r  clk_sys (IN)
                         net (fo=0)                   0.000     0.000    i_xlnx_clk_gen/inst/clk_in1
    K17                  IBUF (Prop_ibuf_I_O)         0.431     0.431 r  i_xlnx_clk_gen/inst/clkin1_ibufg/O
                         net (fo=1, routed)           0.480     0.911    i_xlnx_clk_gen/inst/clk_in1_xlnx_clk_gen
    MMCME2_ADV_X1Y2      MMCME2_ADV (Prop_mmcme2_adv_CLKIN1_CLKOUT0)
                                                     -3.407    -2.496 r  i_xlnx_clk_gen/inst/mmcm_adv_inst/CLKOUT0
                         net (fo=1, routed)           0.752    -1.744    i_xlnx_clk_gen/inst/clk_out1_xlnx_clk_gen
    BUFGCTRL_X0Y16       BUFG (Prop_bufg_I_O)         0.029    -1.715 r  i_xlnx_clk_gen/inst/clkout1_buf/O
                         net (fo=20013, routed)       0.909    -0.806    i_axi_dwidth_converter_dm_slave/inst/gen_downsizer.gen_simple_downsizer.axi_downsizer_inst/USE_WRITE.write_addr_inst/USE_B_CHANNEL.cmd_b_queue/inst/fifo_gen_inst/inst_fifo_gen/gconvfifo.rf/grf.rf/gntv_or_sync_fifo.gl0.rd/grss.rsts/clk
    SLICE_X111Y51        FDPE                                         r  i_axi_dwidth_converter_dm_slave/inst/gen_downsizer.gen_simple_downsizer.axi_downsizer_inst/USE_WRITE.write_addr_inst/USE_B_CHANNEL.cmd_b_queue/inst/fifo_gen_inst/inst_fifo_gen/gconvfifo.rf/grf.rf/gntv_or_sync_fifo.gl0.rd/grss.rsts/ram_empty_i_reg/C
                         clock pessimism              0.252    -0.555    
    SLICE_X111Y51        FDPE (Remov_fdpe_C_PRE)     -0.095    -0.650    i_axi_dwidth_converter_dm_slave/inst/gen_downsizer.gen_simple_downsizer.axi_downsizer_inst/USE_WRITE.write_addr_inst/USE_B_CHANNEL.cmd_b_queue/inst/fifo_gen_inst/inst_fifo_gen/gconvfifo.rf/grf.rf/gntv_or_sync_fifo.gl0.rd/grss.rsts/ram_empty_i_reg
  -------------------------------------------------------------------
                         required time                          0.650    
                         arrival time                          -0.080    
  -------------------------------------------------------------------
                         slack                                  0.570    

Slack (MET) :             0.573ns  (arrival time - required time)
  Source:                 i_axi_dwidth_converter_dm_slave/inst/gen_downsizer.gen_simple_downsizer.axi_downsizer_inst/USE_READ.read_addr_inst/cmd_queue/inst/fifo_gen_inst/inst_fifo_gen/gconvfifo.rf/grf.rf/rstblk/ngwrdrst.grst.g7serrst.gnsckt_wrst.gcc_rst.sckt_wr_rst_cc_reg[1]/C
                            (rising edge-triggered cell FDRE clocked by clk_out1_xlnx_clk_gen  {rise@0.000ns fall@10.000ns period=20.000ns})
  Destination:            i_axi_dwidth_converter_dm_slave/inst/gen_downsizer.gen_simple_downsizer.axi_downsizer_inst/USE_READ.read_addr_inst/cmd_queue/inst/fifo_gen_inst/inst_fifo_gen/gconvfifo.rf/grf.rf/gntv_or_sync_fifo.gl0.rd/gr1.gr1_int.rfwft/empty_fwft_fb_i_reg/PRE
                            (removal check against rising-edge clock clk_out1_xlnx_clk_gen  {rise@0.000ns fall@10.000ns period=20.000ns})
  Path Group:             **async_default**
  Path Type:              Removal (Min at Fast Process Corner)
  Requirement:            0.000ns  (clk_out1_xlnx_clk_gen rise@0.000ns - clk_out1_xlnx_clk_gen rise@0.000ns)
  Data Path Delay:        0.517ns  (logic 0.209ns (40.414%)  route 0.308ns (59.586%))
  Logic Levels:           1  (LUT3=1)
  Clock Path Skew:        0.015ns (DCD - SCD - CPR)
    Destination Clock Delay (DCD):    -0.817ns
    Source Clock Delay      (SCD):    -0.581ns
    Clock Pessimism Removal (CPR):    -0.252ns

    Location             Delay type                Incr(ns)  Path(ns)    Netlist Resource(s)
  -------------------------------------------------------------------    -------------------
                         (clock clk_out1_xlnx_clk_gen rise edge)
                                                      0.000     0.000 r  
    K17                                               0.000     0.000 r  clk_sys (IN)
                         net (fo=0)                   0.000     0.000    i_xlnx_clk_gen/inst/clk_in1
    K17                  IBUF (Prop_ibuf_I_O)         0.243     0.243 r  i_xlnx_clk_gen/inst/clkin1_ibufg/O
                         net (fo=1, routed)           0.440     0.683    i_xlnx_clk_gen/inst/clk_in1_xlnx_clk_gen
    MMCME2_ADV_X1Y2      MMCME2_ADV (Prop_mmcme2_adv_CLKIN1_CLKOUT0)
                                                     -2.613    -1.930 r  i_xlnx_clk_gen/inst/mmcm_adv_inst/CLKOUT0
                         net (fo=1, routed)           0.696    -1.233    i_xlnx_clk_gen/inst/clk_out1_xlnx_clk_gen
    BUFGCTRL_X0Y16       BUFG (Prop_bufg_I_O)         0.026    -1.207 r  i_xlnx_clk_gen/inst/clkout1_buf/O
                         net (fo=20013, routed)       0.627    -0.581    i_axi_dwidth_converter_dm_slave/inst/gen_downsizer.gen_simple_downsizer.axi_downsizer_inst/USE_READ.read_addr_inst/cmd_queue/inst/fifo_gen_inst/inst_fifo_gen/gconvfifo.rf/grf.rf/rstblk/clk
    SLICE_X112Y70        FDRE                                         r  i_axi_dwidth_converter_dm_slave/inst/gen_downsizer.gen_simple_downsizer.axi_downsizer_inst/USE_READ.read_addr_inst/cmd_queue/inst/fifo_gen_inst/inst_fifo_gen/gconvfifo.rf/grf.rf/rstblk/ngwrdrst.grst.g7serrst.gnsckt_wrst.gcc_rst.sckt_wr_rst_cc_reg[1]/C
  -------------------------------------------------------------------    -------------------
    SLICE_X112Y70        FDRE (Prop_fdre_C_Q)         0.164    -0.417 f  i_axi_dwidth_converter_dm_slave/inst/gen_downsizer.gen_simple_downsizer.axi_downsizer_inst/USE_READ.read_addr_inst/cmd_queue/inst/fifo_gen_inst/inst_fifo_gen/gconvfifo.rf/grf.rf/rstblk/ngwrdrst.grst.g7serrst.gnsckt_wrst.gcc_rst.sckt_wr_rst_cc_reg[1]/Q
                         net (fo=2, routed)           0.115    -0.301    i_axi_dwidth_converter_dm_slave/inst/gen_downsizer.gen_simple_downsizer.axi_downsizer_inst/USE_READ.read_addr_inst/cmd_queue/inst/fifo_gen_inst/inst_fifo_gen/gconvfifo.rf/grf.rf/rstblk/ngwrdrst.grst.g7serrst.gnsckt_wrst.gcc_rst.sckt_wr_rst_cc[1]
    SLICE_X112Y69        LUT3 (Prop_lut3_I0_O)        0.045    -0.256 f  i_axi_dwidth_converter_dm_slave/inst/gen_downsizer.gen_simple_downsizer.axi_downsizer_inst/USE_READ.read_addr_inst/cmd_queue/inst/fifo_gen_inst/inst_fifo_gen/gconvfifo.rf/grf.rf/rstblk/gpregsm1.curr_fwft_state[1]_i_2/O
                         net (fo=32, routed)          0.193    -0.063    i_axi_dwidth_converter_dm_slave/inst/gen_downsizer.gen_simple_downsizer.axi_downsizer_inst/USE_READ.read_addr_inst/cmd_queue/inst/fifo_gen_inst/inst_fifo_gen/gconvfifo.rf/grf.rf/gntv_or_sync_fifo.gl0.rd/gr1.gr1_int.rfwft/gpregsm1.user_valid_reg_0
    SLICE_X112Y69        FDPE                                         f  i_axi_dwidth_converter_dm_slave/inst/gen_downsizer.gen_simple_downsizer.axi_downsizer_inst/USE_READ.read_addr_inst/cmd_queue/inst/fifo_gen_inst/inst_fifo_gen/gconvfifo.rf/grf.rf/gntv_or_sync_fifo.gl0.rd/gr1.gr1_int.rfwft/empty_fwft_fb_i_reg/PRE
  -------------------------------------------------------------------    -------------------

                         (clock clk_out1_xlnx_clk_gen rise edge)
                                                      0.000     0.000 r  
    K17                                               0.000     0.000 r  clk_sys (IN)
                         net (fo=0)                   0.000     0.000    i_xlnx_clk_gen/inst/clk_in1
    K17                  IBUF (Prop_ibuf_I_O)         0.431     0.431 r  i_xlnx_clk_gen/inst/clkin1_ibufg/O
                         net (fo=1, routed)           0.480     0.911    i_xlnx_clk_gen/inst/clk_in1_xlnx_clk_gen
    MMCME2_ADV_X1Y2      MMCME2_ADV (Prop_mmcme2_adv_CLKIN1_CLKOUT0)
                                                     -3.407    -2.496 r  i_xlnx_clk_gen/inst/mmcm_adv_inst/CLKOUT0
                         net (fo=1, routed)           0.752    -1.744    i_xlnx_clk_gen/inst/clk_out1_xlnx_clk_gen
    BUFGCTRL_X0Y16       BUFG (Prop_bufg_I_O)         0.029    -1.715 r  i_xlnx_clk_gen/inst/clkout1_buf/O
                         net (fo=20013, routed)       0.898    -0.817    i_axi_dwidth_converter_dm_slave/inst/gen_downsizer.gen_simple_downsizer.axi_downsizer_inst/USE_READ.read_addr_inst/cmd_queue/inst/fifo_gen_inst/inst_fifo_gen/gconvfifo.rf/grf.rf/gntv_or_sync_fifo.gl0.rd/gr1.gr1_int.rfwft/clk
    SLICE_X112Y69        FDPE                                         r  i_axi_dwidth_converter_dm_slave/inst/gen_downsizer.gen_simple_downsizer.axi_downsizer_inst/USE_READ.read_addr_inst/cmd_queue/inst/fifo_gen_inst/inst_fifo_gen/gconvfifo.rf/grf.rf/gntv_or_sync_fifo.gl0.rd/gr1.gr1_int.rfwft/empty_fwft_fb_i_reg/C
                         clock pessimism              0.252    -0.566    
    SLICE_X112Y69        FDPE (Remov_fdpe_C_PRE)     -0.071    -0.637    i_axi_dwidth_converter_dm_slave/inst/gen_downsizer.gen_simple_downsizer.axi_downsizer_inst/USE_READ.read_addr_inst/cmd_queue/inst/fifo_gen_inst/inst_fifo_gen/gconvfifo.rf/grf.rf/gntv_or_sync_fifo.gl0.rd/gr1.gr1_int.rfwft/empty_fwft_fb_i_reg
  -------------------------------------------------------------------
                         required time                          0.637    
                         arrival time                          -0.063    
  -------------------------------------------------------------------
                         slack                                  0.573    

Slack (MET) :             0.573ns  (arrival time - required time)
  Source:                 i_axi_dwidth_converter_dm_slave/inst/gen_downsizer.gen_simple_downsizer.axi_downsizer_inst/USE_READ.read_addr_inst/cmd_queue/inst/fifo_gen_inst/inst_fifo_gen/gconvfifo.rf/grf.rf/rstblk/ngwrdrst.grst.g7serrst.gnsckt_wrst.gcc_rst.sckt_wr_rst_cc_reg[1]/C
                            (rising edge-triggered cell FDRE clocked by clk_out1_xlnx_clk_gen  {rise@0.000ns fall@10.000ns period=20.000ns})
  Destination:            i_axi_dwidth_converter_dm_slave/inst/gen_downsizer.gen_simple_downsizer.axi_downsizer_inst/USE_READ.read_addr_inst/cmd_queue/inst/fifo_gen_inst/inst_fifo_gen/gconvfifo.rf/grf.rf/gntv_or_sync_fifo.gl0.rd/gr1.gr1_int.rfwft/empty_fwft_fb_o_i_reg/PRE
                            (removal check against rising-edge clock clk_out1_xlnx_clk_gen  {rise@0.000ns fall@10.000ns period=20.000ns})
  Path Group:             **async_default**
  Path Type:              Removal (Min at Fast Process Corner)
  Requirement:            0.000ns  (clk_out1_xlnx_clk_gen rise@0.000ns - clk_out1_xlnx_clk_gen rise@0.000ns)
  Data Path Delay:        0.517ns  (logic 0.209ns (40.414%)  route 0.308ns (59.586%))
  Logic Levels:           1  (LUT3=1)
  Clock Path Skew:        0.015ns (DCD - SCD - CPR)
    Destination Clock Delay (DCD):    -0.817ns
    Source Clock Delay      (SCD):    -0.581ns
    Clock Pessimism Removal (CPR):    -0.252ns

    Location             Delay type                Incr(ns)  Path(ns)    Netlist Resource(s)
  -------------------------------------------------------------------    -------------------
                         (clock clk_out1_xlnx_clk_gen rise edge)
                                                      0.000     0.000 r  
    K17                                               0.000     0.000 r  clk_sys (IN)
                         net (fo=0)                   0.000     0.000    i_xlnx_clk_gen/inst/clk_in1
    K17                  IBUF (Prop_ibuf_I_O)         0.243     0.243 r  i_xlnx_clk_gen/inst/clkin1_ibufg/O
                         net (fo=1, routed)           0.440     0.683    i_xlnx_clk_gen/inst/clk_in1_xlnx_clk_gen
    MMCME2_ADV_X1Y2      MMCME2_ADV (Prop_mmcme2_adv_CLKIN1_CLKOUT0)
                                                     -2.613    -1.930 r  i_xlnx_clk_gen/inst/mmcm_adv_inst/CLKOUT0
                         net (fo=1, routed)           0.696    -1.233    i_xlnx_clk_gen/inst/clk_out1_xlnx_clk_gen
    BUFGCTRL_X0Y16       BUFG (Prop_bufg_I_O)         0.026    -1.207 r  i_xlnx_clk_gen/inst/clkout1_buf/O
                         net (fo=20013, routed)       0.627    -0.581    i_axi_dwidth_converter_dm_slave/inst/gen_downsizer.gen_simple_downsizer.axi_downsizer_inst/USE_READ.read_addr_inst/cmd_queue/inst/fifo_gen_inst/inst_fifo_gen/gconvfifo.rf/grf.rf/rstblk/clk
    SLICE_X112Y70        FDRE                                         r  i_axi_dwidth_converter_dm_slave/inst/gen_downsizer.gen_simple_downsizer.axi_downsizer_inst/USE_READ.read_addr_inst/cmd_queue/inst/fifo_gen_inst/inst_fifo_gen/gconvfifo.rf/grf.rf/rstblk/ngwrdrst.grst.g7serrst.gnsckt_wrst.gcc_rst.sckt_wr_rst_cc_reg[1]/C
  -------------------------------------------------------------------    -------------------
    SLICE_X112Y70        FDRE (Prop_fdre_C_Q)         0.164    -0.417 f  i_axi_dwidth_converter_dm_slave/inst/gen_downsizer.gen_simple_downsizer.axi_downsizer_inst/USE_READ.read_addr_inst/cmd_queue/inst/fifo_gen_inst/inst_fifo_gen/gconvfifo.rf/grf.rf/rstblk/ngwrdrst.grst.g7serrst.gnsckt_wrst.gcc_rst.sckt_wr_rst_cc_reg[1]/Q
                         net (fo=2, routed)           0.115    -0.301    i_axi_dwidth_converter_dm_slave/inst/gen_downsizer.gen_simple_downsizer.axi_downsizer_inst/USE_READ.read_addr_inst/cmd_queue/inst/fifo_gen_inst/inst_fifo_gen/gconvfifo.rf/grf.rf/rstblk/ngwrdrst.grst.g7serrst.gnsckt_wrst.gcc_rst.sckt_wr_rst_cc[1]
    SLICE_X112Y69        LUT3 (Prop_lut3_I0_O)        0.045    -0.256 f  i_axi_dwidth_converter_dm_slave/inst/gen_downsizer.gen_simple_downsizer.axi_downsizer_inst/USE_READ.read_addr_inst/cmd_queue/inst/fifo_gen_inst/inst_fifo_gen/gconvfifo.rf/grf.rf/rstblk/gpregsm1.curr_fwft_state[1]_i_2/O
                         net (fo=32, routed)          0.193    -0.063    i_axi_dwidth_converter_dm_slave/inst/gen_downsizer.gen_simple_downsizer.axi_downsizer_inst/USE_READ.read_addr_inst/cmd_queue/inst/fifo_gen_inst/inst_fifo_gen/gconvfifo.rf/grf.rf/gntv_or_sync_fifo.gl0.rd/gr1.gr1_int.rfwft/gpregsm1.user_valid_reg_0
    SLICE_X112Y69        FDPE                                         f  i_axi_dwidth_converter_dm_slave/inst/gen_downsizer.gen_simple_downsizer.axi_downsizer_inst/USE_READ.read_addr_inst/cmd_queue/inst/fifo_gen_inst/inst_fifo_gen/gconvfifo.rf/grf.rf/gntv_or_sync_fifo.gl0.rd/gr1.gr1_int.rfwft/empty_fwft_fb_o_i_reg/PRE
  -------------------------------------------------------------------    -------------------

                         (clock clk_out1_xlnx_clk_gen rise edge)
                                                      0.000     0.000 r  
    K17                                               0.000     0.000 r  clk_sys (IN)
                         net (fo=0)                   0.000     0.000    i_xlnx_clk_gen/inst/clk_in1
    K17                  IBUF (Prop_ibuf_I_O)         0.431     0.431 r  i_xlnx_clk_gen/inst/clkin1_ibufg/O
                         net (fo=1, routed)           0.480     0.911    i_xlnx_clk_gen/inst/clk_in1_xlnx_clk_gen
    MMCME2_ADV_X1Y2      MMCME2_ADV (Prop_mmcme2_adv_CLKIN1_CLKOUT0)
                                                     -3.407    -2.496 r  i_xlnx_clk_gen/inst/mmcm_adv_inst/CLKOUT0
                         net (fo=1, routed)           0.752    -1.744    i_xlnx_clk_gen/inst/clk_out1_xlnx_clk_gen
    BUFGCTRL_X0Y16       BUFG (Prop_bufg_I_O)         0.029    -1.715 r  i_xlnx_clk_gen/inst/clkout1_buf/O
                         net (fo=20013, routed)       0.898    -0.817    i_axi_dwidth_converter_dm_slave/inst/gen_downsizer.gen_simple_downsizer.axi_downsizer_inst/USE_READ.read_addr_inst/cmd_queue/inst/fifo_gen_inst/inst_fifo_gen/gconvfifo.rf/grf.rf/gntv_or_sync_fifo.gl0.rd/gr1.gr1_int.rfwft/clk
    SLICE_X112Y69        FDPE                                         r  i_axi_dwidth_converter_dm_slave/inst/gen_downsizer.gen_simple_downsizer.axi_downsizer_inst/USE_READ.read_addr_inst/cmd_queue/inst/fifo_gen_inst/inst_fifo_gen/gconvfifo.rf/grf.rf/gntv_or_sync_fifo.gl0.rd/gr1.gr1_int.rfwft/empty_fwft_fb_o_i_reg/C
                         clock pessimism              0.252    -0.566    
    SLICE_X112Y69        FDPE (Remov_fdpe_C_PRE)     -0.071    -0.637    i_axi_dwidth_converter_dm_slave/inst/gen_downsizer.gen_simple_downsizer.axi_downsizer_inst/USE_READ.read_addr_inst/cmd_queue/inst/fifo_gen_inst/inst_fifo_gen/gconvfifo.rf/grf.rf/gntv_or_sync_fifo.gl0.rd/gr1.gr1_int.rfwft/empty_fwft_fb_o_i_reg
  -------------------------------------------------------------------
                         required time                          0.637    
                         arrival time                          -0.063    
  -------------------------------------------------------------------
                         slack                                  0.573    





--------------------------------------------------------------------------------------
Path Group:  (none)
From Clock:  clk_out1_xlnx_clk_gen
  To Clock:  clk_out1_xlnx_clk_gen

Max Delay             6 Endpoints
Min Delay             6 Endpoints
--------------------------------------------------------------------------------------


Max Delay Paths
--------------------------------------------------------------------------------------
Slack:                    inf
  Source:                 i_rstgen_main/i_rstgen_bypass/synch_regs_q_reg[3]/C
                            (rising edge-triggered cell FDCE clocked by clk_out1_xlnx_clk_gen  {rise@0.000ns fall@10.000ns period=20.000ns})
  Destination:            i_axi_dwidth_converter_dm_slave/inst/gen_downsizer.gen_simple_downsizer.axi_downsizer_inst/USE_WRITE.write_addr_inst/USE_B_CHANNEL.cmd_b_queue/inst/fifo_gen_inst/inst_fifo_gen/gconvfifo.rf/grf.rf/rstblk/ngwrdrst.grst.g7serrst.gnsckt_wrst.rst_wr_reg2_inst/arststages_ff_reg[0]/PRE
                            (recovery check against rising-edge clock clk_out1_xlnx_clk_gen  {rise@0.000ns fall@10.000ns period=20.000ns})
  Path Group:             (none)
  Path Type:              Recovery (Max at Slow Process Corner)
  Data Path Delay:        5.780ns  (logic 0.642ns (11.107%)  route 5.138ns (88.893%))
  Logic Levels:           1  (LUT1=1)
  Clock Path Skew:        -0.551ns (DCD - SCD + CPR)
    Destination Clock Delay (DCD):    -1.461ns
    Source Clock Delay      (SCD):    -0.910ns
    Clock Pessimism Removal (CPR):    0.000ns
  Clock Uncertainty:      0.079ns  ((TSJ^2 + DJ^2)^1/2) / 2 + PE
    Total System Jitter     (TSJ):    0.071ns
    Discrete Jitter          (DJ):    0.142ns
    Phase Error              (PE):    0.000ns
  Timing Exception:       False Path

    Location             Delay type                Incr(ns)  Path(ns)    Netlist Resource(s)
  -------------------------------------------------------------------    -------------------
                         (clock clk_out1_xlnx_clk_gen rise edge)
                                                      0.000     0.000 r  
    K17                                               0.000     0.000 r  clk_sys (IN)
                         net (fo=0)                   0.000     0.000    i_xlnx_clk_gen/inst/clk_in1
    K17                  IBUF (Prop_ibuf_I_O)         1.475     1.475 r  i_xlnx_clk_gen/inst/clkin1_ibufg/O
                         net (fo=1, routed)           1.285     2.760    i_xlnx_clk_gen/inst/clk_in1_xlnx_clk_gen
    MMCME2_ADV_X1Y2      MMCME2_ADV (Prop_mmcme2_adv_CLKIN1_CLKOUT0)
                                                     -7.759    -4.999 r  i_xlnx_clk_gen/inst/mmcm_adv_inst/CLKOUT0
                         net (fo=1, routed)           2.206    -2.793    i_xlnx_clk_gen/inst/clk_out1_xlnx_clk_gen
    BUFGCTRL_X0Y16       BUFG (Prop_bufg_I_O)         0.101    -2.692 r  i_xlnx_clk_gen/inst/clkout1_buf/O
                         net (fo=20013, routed)       1.782    -0.910    i_rstgen_main/i_rstgen_bypass/clk_out1
    SLICE_X94Y60         FDCE                                         r  i_rstgen_main/i_rstgen_bypass/synch_regs_q_reg[3]/C
  -------------------------------------------------------------------    -------------------
    SLICE_X94Y60         FDCE (Prop_fdce_C_Q)         0.518    -0.392 r  i_rstgen_main/i_rstgen_bypass/synch_regs_q_reg[3]/Q
                         net (fo=19, routed)          1.767     1.375    i_axi_dwidth_converter_dm_slave/inst/gen_downsizer.gen_simple_downsizer.axi_downsizer_inst/USE_WRITE.write_addr_inst/USE_B_CHANNEL.cmd_b_queue/inst/out
    SLICE_X107Y67        LUT1 (Prop_lut1_I0_O)        0.124     1.499 f  i_axi_dwidth_converter_dm_slave/inst/gen_downsizer.gen_simple_downsizer.axi_downsizer_inst/USE_WRITE.write_addr_inst/USE_B_CHANNEL.cmd_b_queue/inst/S_AXI_AREADY_I_i_1/O
                         net (fo=165, routed)         3.371     4.870    i_axi_dwidth_converter_dm_slave/inst/gen_downsizer.gen_simple_downsizer.axi_downsizer_inst/USE_WRITE.write_addr_inst/USE_B_CHANNEL.cmd_b_queue/inst/fifo_gen_inst/inst_fifo_gen/gconvfifo.rf/grf.rf/rstblk/ngwrdrst.grst.g7serrst.gnsckt_wrst.rst_wr_reg2_inst/src_arst
    SLICE_X109Y50        FDPE                                         f  i_axi_dwidth_converter_dm_slave/inst/gen_downsizer.gen_simple_downsizer.axi_downsizer_inst/USE_WRITE.write_addr_inst/USE_B_CHANNEL.cmd_b_queue/inst/fifo_gen_inst/inst_fifo_gen/gconvfifo.rf/grf.rf/rstblk/ngwrdrst.grst.g7serrst.gnsckt_wrst.rst_wr_reg2_inst/arststages_ff_reg[0]/PRE
  -------------------------------------------------------------------    -------------------

                         (clock clk_out1_xlnx_clk_gen rise edge)
                                                      0.000     0.000 r  
    K17                                               0.000     0.000 r  clk_sys (IN)
                         net (fo=0)                   0.000     0.000    i_xlnx_clk_gen/inst/clk_in1
    K17                  IBUF (Prop_ibuf_I_O)         1.404     1.404 r  i_xlnx_clk_gen/inst/clkin1_ibufg/O
                         net (fo=1, routed)           1.162     2.566    i_xlnx_clk_gen/inst/clk_in1_xlnx_clk_gen
    MMCME2_ADV_X1Y2      MMCME2_ADV (Prop_mmcme2_adv_CLKIN1_CLKOUT0)
                                                     -7.814    -5.248 r  i_xlnx_clk_gen/inst/mmcm_adv_inst/CLKOUT0
                         net (fo=1, routed)           2.012    -3.236    i_xlnx_clk_gen/inst/clk_out1_xlnx_clk_gen
    BUFGCTRL_X0Y16       BUFG (Prop_bufg_I_O)         0.091    -3.145 r  i_xlnx_clk_gen/inst/clkout1_buf/O
                         net (fo=20013, routed)       1.684    -1.461    i_axi_dwidth_converter_dm_slave/inst/gen_downsizer.gen_simple_downsizer.axi_downsizer_inst/USE_WRITE.write_addr_inst/USE_B_CHANNEL.cmd_b_queue/inst/fifo_gen_inst/inst_fifo_gen/gconvfifo.rf/grf.rf/rstblk/ngwrdrst.grst.g7serrst.gnsckt_wrst.rst_wr_reg2_inst/dest_clk
    SLICE_X109Y50        FDPE                                         r  i_axi_dwidth_converter_dm_slave/inst/gen_downsizer.gen_simple_downsizer.axi_downsizer_inst/USE_WRITE.write_addr_inst/USE_B_CHANNEL.cmd_b_queue/inst/fifo_gen_inst/inst_fifo_gen/gconvfifo.rf/grf.rf/rstblk/ngwrdrst.grst.g7serrst.gnsckt_wrst.rst_wr_reg2_inst/arststages_ff_reg[0]/C

Slack:                    inf
  Source:                 i_rstgen_main/i_rstgen_bypass/synch_regs_q_reg[3]/C
                            (rising edge-triggered cell FDCE clocked by clk_out1_xlnx_clk_gen  {rise@0.000ns fall@10.000ns period=20.000ns})
  Destination:            i_axi_dwidth_converter_dm_slave/inst/gen_downsizer.gen_simple_downsizer.axi_downsizer_inst/USE_WRITE.write_addr_inst/USE_B_CHANNEL.cmd_b_queue/inst/fifo_gen_inst/inst_fifo_gen/gconvfifo.rf/grf.rf/rstblk/ngwrdrst.grst.g7serrst.gnsckt_wrst.rst_wr_reg2_inst/arststages_ff_reg[1]/PRE
                            (recovery check against rising-edge clock clk_out1_xlnx_clk_gen  {rise@0.000ns fall@10.000ns period=20.000ns})
  Path Group:             (none)
  Path Type:              Recovery (Max at Slow Process Corner)
  Data Path Delay:        5.780ns  (logic 0.642ns (11.107%)  route 5.138ns (88.893%))
  Logic Levels:           1  (LUT1=1)
  Clock Path Skew:        -0.551ns (DCD - SCD + CPR)
    Destination Clock Delay (DCD):    -1.461ns
    Source Clock Delay      (SCD):    -0.910ns
    Clock Pessimism Removal (CPR):    0.000ns
  Clock Uncertainty:      0.079ns  ((TSJ^2 + DJ^2)^1/2) / 2 + PE
    Total System Jitter     (TSJ):    0.071ns
    Discrete Jitter          (DJ):    0.142ns
    Phase Error              (PE):    0.000ns
  Timing Exception:       False Path

    Location             Delay type                Incr(ns)  Path(ns)    Netlist Resource(s)
  -------------------------------------------------------------------    -------------------
                         (clock clk_out1_xlnx_clk_gen rise edge)
                                                      0.000     0.000 r  
    K17                                               0.000     0.000 r  clk_sys (IN)
                         net (fo=0)                   0.000     0.000    i_xlnx_clk_gen/inst/clk_in1
    K17                  IBUF (Prop_ibuf_I_O)         1.475     1.475 r  i_xlnx_clk_gen/inst/clkin1_ibufg/O
                         net (fo=1, routed)           1.285     2.760    i_xlnx_clk_gen/inst/clk_in1_xlnx_clk_gen
    MMCME2_ADV_X1Y2      MMCME2_ADV (Prop_mmcme2_adv_CLKIN1_CLKOUT0)
                                                     -7.759    -4.999 r  i_xlnx_clk_gen/inst/mmcm_adv_inst/CLKOUT0
                         net (fo=1, routed)           2.206    -2.793    i_xlnx_clk_gen/inst/clk_out1_xlnx_clk_gen
    BUFGCTRL_X0Y16       BUFG (Prop_bufg_I_O)         0.101    -2.692 r  i_xlnx_clk_gen/inst/clkout1_buf/O
                         net (fo=20013, routed)       1.782    -0.910    i_rstgen_main/i_rstgen_bypass/clk_out1
    SLICE_X94Y60         FDCE                                         r  i_rstgen_main/i_rstgen_bypass/synch_regs_q_reg[3]/C
  -------------------------------------------------------------------    -------------------
    SLICE_X94Y60         FDCE (Prop_fdce_C_Q)         0.518    -0.392 r  i_rstgen_main/i_rstgen_bypass/synch_regs_q_reg[3]/Q
                         net (fo=19, routed)          1.767     1.375    i_axi_dwidth_converter_dm_slave/inst/gen_downsizer.gen_simple_downsizer.axi_downsizer_inst/USE_WRITE.write_addr_inst/USE_B_CHANNEL.cmd_b_queue/inst/out
    SLICE_X107Y67        LUT1 (Prop_lut1_I0_O)        0.124     1.499 f  i_axi_dwidth_converter_dm_slave/inst/gen_downsizer.gen_simple_downsizer.axi_downsizer_inst/USE_WRITE.write_addr_inst/USE_B_CHANNEL.cmd_b_queue/inst/S_AXI_AREADY_I_i_1/O
                         net (fo=165, routed)         3.371     4.870    i_axi_dwidth_converter_dm_slave/inst/gen_downsizer.gen_simple_downsizer.axi_downsizer_inst/USE_WRITE.write_addr_inst/USE_B_CHANNEL.cmd_b_queue/inst/fifo_gen_inst/inst_fifo_gen/gconvfifo.rf/grf.rf/rstblk/ngwrdrst.grst.g7serrst.gnsckt_wrst.rst_wr_reg2_inst/src_arst
    SLICE_X109Y50        FDPE                                         f  i_axi_dwidth_converter_dm_slave/inst/gen_downsizer.gen_simple_downsizer.axi_downsizer_inst/USE_WRITE.write_addr_inst/USE_B_CHANNEL.cmd_b_queue/inst/fifo_gen_inst/inst_fifo_gen/gconvfifo.rf/grf.rf/rstblk/ngwrdrst.grst.g7serrst.gnsckt_wrst.rst_wr_reg2_inst/arststages_ff_reg[1]/PRE
  -------------------------------------------------------------------    -------------------

                         (clock clk_out1_xlnx_clk_gen rise edge)
                                                      0.000     0.000 r  
    K17                                               0.000     0.000 r  clk_sys (IN)
                         net (fo=0)                   0.000     0.000    i_xlnx_clk_gen/inst/clk_in1
    K17                  IBUF (Prop_ibuf_I_O)         1.404     1.404 r  i_xlnx_clk_gen/inst/clkin1_ibufg/O
                         net (fo=1, routed)           1.162     2.566    i_xlnx_clk_gen/inst/clk_in1_xlnx_clk_gen
    MMCME2_ADV_X1Y2      MMCME2_ADV (Prop_mmcme2_adv_CLKIN1_CLKOUT0)
                                                     -7.814    -5.248 r  i_xlnx_clk_gen/inst/mmcm_adv_inst/CLKOUT0
                         net (fo=1, routed)           2.012    -3.236    i_xlnx_clk_gen/inst/clk_out1_xlnx_clk_gen
    BUFGCTRL_X0Y16       BUFG (Prop_bufg_I_O)         0.091    -3.145 r  i_xlnx_clk_gen/inst/clkout1_buf/O
                         net (fo=20013, routed)       1.684    -1.461    i_axi_dwidth_converter_dm_slave/inst/gen_downsizer.gen_simple_downsizer.axi_downsizer_inst/USE_WRITE.write_addr_inst/USE_B_CHANNEL.cmd_b_queue/inst/fifo_gen_inst/inst_fifo_gen/gconvfifo.rf/grf.rf/rstblk/ngwrdrst.grst.g7serrst.gnsckt_wrst.rst_wr_reg2_inst/dest_clk
    SLICE_X109Y50        FDPE                                         r  i_axi_dwidth_converter_dm_slave/inst/gen_downsizer.gen_simple_downsizer.axi_downsizer_inst/USE_WRITE.write_addr_inst/USE_B_CHANNEL.cmd_b_queue/inst/fifo_gen_inst/inst_fifo_gen/gconvfifo.rf/grf.rf/rstblk/ngwrdrst.grst.g7serrst.gnsckt_wrst.rst_wr_reg2_inst/arststages_ff_reg[1]/C

Slack:                    inf
  Source:                 i_rstgen_main/i_rstgen_bypass/synch_regs_q_reg[3]/C
                            (rising edge-triggered cell FDCE clocked by clk_out1_xlnx_clk_gen  {rise@0.000ns fall@10.000ns period=20.000ns})
  Destination:            i_axi_dwidth_converter_dm_slave/inst/gen_downsizer.gen_simple_downsizer.axi_downsizer_inst/USE_READ.read_addr_inst/cmd_queue/inst/fifo_gen_inst/inst_fifo_gen/gconvfifo.rf/grf.rf/rstblk/ngwrdrst.grst.g7serrst.gnsckt_wrst.rst_wr_reg2_inst/arststages_ff_reg[0]/PRE
                            (recovery check against rising-edge clock clk_out1_xlnx_clk_gen  {rise@0.000ns fall@10.000ns period=20.000ns})
  Path Group:             (none)
  Path Type:              Recovery (Max at Slow Process Corner)
  Data Path Delay:        5.452ns  (logic 0.642ns (11.775%)  route 4.810ns (88.225%))
  Logic Levels:           1  (LUT1=1)
  Clock Path Skew:        -0.560ns (DCD - SCD + CPR)
    Destination Clock Delay (DCD):    -1.470ns
    Source Clock Delay      (SCD):    -0.910ns
    Clock Pessimism Removal (CPR):    0.000ns
  Clock Uncertainty:      0.079ns  ((TSJ^2 + DJ^2)^1/2) / 2 + PE
    Total System Jitter     (TSJ):    0.071ns
    Discrete Jitter          (DJ):    0.142ns
    Phase Error              (PE):    0.000ns
  Timing Exception:       False Path

    Location             Delay type                Incr(ns)  Path(ns)    Netlist Resource(s)
  -------------------------------------------------------------------    -------------------
                         (clock clk_out1_xlnx_clk_gen rise edge)
                                                      0.000     0.000 r  
    K17                                               0.000     0.000 r  clk_sys (IN)
                         net (fo=0)                   0.000     0.000    i_xlnx_clk_gen/inst/clk_in1
    K17                  IBUF (Prop_ibuf_I_O)         1.475     1.475 r  i_xlnx_clk_gen/inst/clkin1_ibufg/O
                         net (fo=1, routed)           1.285     2.760    i_xlnx_clk_gen/inst/clk_in1_xlnx_clk_gen
    MMCME2_ADV_X1Y2      MMCME2_ADV (Prop_mmcme2_adv_CLKIN1_CLKOUT0)
                                                     -7.759    -4.999 r  i_xlnx_clk_gen/inst/mmcm_adv_inst/CLKOUT0
                         net (fo=1, routed)           2.206    -2.793    i_xlnx_clk_gen/inst/clk_out1_xlnx_clk_gen
    BUFGCTRL_X0Y16       BUFG (Prop_bufg_I_O)         0.101    -2.692 r  i_xlnx_clk_gen/inst/clkout1_buf/O
                         net (fo=20013, routed)       1.782    -0.910    i_rstgen_main/i_rstgen_bypass/clk_out1
    SLICE_X94Y60         FDCE                                         r  i_rstgen_main/i_rstgen_bypass/synch_regs_q_reg[3]/C
  -------------------------------------------------------------------    -------------------
    SLICE_X94Y60         FDCE (Prop_fdce_C_Q)         0.518    -0.392 r  i_rstgen_main/i_rstgen_bypass/synch_regs_q_reg[3]/Q
                         net (fo=19, routed)          1.767     1.375    i_axi_dwidth_converter_dm_slave/inst/gen_downsizer.gen_simple_downsizer.axi_downsizer_inst/USE_WRITE.write_addr_inst/USE_B_CHANNEL.cmd_b_queue/inst/out
    SLICE_X107Y67        LUT1 (Prop_lut1_I0_O)        0.124     1.499 f  i_axi_dwidth_converter_dm_slave/inst/gen_downsizer.gen_simple_downsizer.axi_downsizer_inst/USE_WRITE.write_addr_inst/USE_B_CHANNEL.cmd_b_queue/inst/S_AXI_AREADY_I_i_1/O
                         net (fo=165, routed)         3.043     4.542    i_axi_dwidth_converter_dm_slave/inst/gen_downsizer.gen_simple_downsizer.axi_downsizer_inst/USE_READ.read_addr_inst/cmd_queue/inst/fifo_gen_inst/inst_fifo_gen/gconvfifo.rf/grf.rf/rstblk/ngwrdrst.grst.g7serrst.gnsckt_wrst.rst_wr_reg2_inst/src_arst
    SLICE_X113Y70        FDPE                                         f  i_axi_dwidth_converter_dm_slave/inst/gen_downsizer.gen_simple_downsizer.axi_downsizer_inst/USE_READ.read_addr_inst/cmd_queue/inst/fifo_gen_inst/inst_fifo_gen/gconvfifo.rf/grf.rf/rstblk/ngwrdrst.grst.g7serrst.gnsckt_wrst.rst_wr_reg2_inst/arststages_ff_reg[0]/PRE
  -------------------------------------------------------------------    -------------------

                         (clock clk_out1_xlnx_clk_gen rise edge)
                                                      0.000     0.000 r  
    K17                                               0.000     0.000 r  clk_sys (IN)
                         net (fo=0)                   0.000     0.000    i_xlnx_clk_gen/inst/clk_in1
    K17                  IBUF (Prop_ibuf_I_O)         1.404     1.404 r  i_xlnx_clk_gen/inst/clkin1_ibufg/O
                         net (fo=1, routed)           1.162     2.566    i_xlnx_clk_gen/inst/clk_in1_xlnx_clk_gen
    MMCME2_ADV_X1Y2      MMCME2_ADV (Prop_mmcme2_adv_CLKIN1_CLKOUT0)
                                                     -7.814    -5.248 r  i_xlnx_clk_gen/inst/mmcm_adv_inst/CLKOUT0
                         net (fo=1, routed)           2.012    -3.236    i_xlnx_clk_gen/inst/clk_out1_xlnx_clk_gen
    BUFGCTRL_X0Y16       BUFG (Prop_bufg_I_O)         0.091    -3.145 r  i_xlnx_clk_gen/inst/clkout1_buf/O
                         net (fo=20013, routed)       1.675    -1.470    i_axi_dwidth_converter_dm_slave/inst/gen_downsizer.gen_simple_downsizer.axi_downsizer_inst/USE_READ.read_addr_inst/cmd_queue/inst/fifo_gen_inst/inst_fifo_gen/gconvfifo.rf/grf.rf/rstblk/ngwrdrst.grst.g7serrst.gnsckt_wrst.rst_wr_reg2_inst/dest_clk
    SLICE_X113Y70        FDPE                                         r  i_axi_dwidth_converter_dm_slave/inst/gen_downsizer.gen_simple_downsizer.axi_downsizer_inst/USE_READ.read_addr_inst/cmd_queue/inst/fifo_gen_inst/inst_fifo_gen/gconvfifo.rf/grf.rf/rstblk/ngwrdrst.grst.g7serrst.gnsckt_wrst.rst_wr_reg2_inst/arststages_ff_reg[0]/C

Slack:                    inf
  Source:                 i_rstgen_main/i_rstgen_bypass/synch_regs_q_reg[3]/C
                            (rising edge-triggered cell FDCE clocked by clk_out1_xlnx_clk_gen  {rise@0.000ns fall@10.000ns period=20.000ns})
  Destination:            i_axi_dwidth_converter_dm_slave/inst/gen_downsizer.gen_simple_downsizer.axi_downsizer_inst/USE_READ.read_addr_inst/cmd_queue/inst/fifo_gen_inst/inst_fifo_gen/gconvfifo.rf/grf.rf/rstblk/ngwrdrst.grst.g7serrst.gnsckt_wrst.rst_wr_reg2_inst/arststages_ff_reg[1]/PRE
                            (recovery check against rising-edge clock clk_out1_xlnx_clk_gen  {rise@0.000ns fall@10.000ns period=20.000ns})
  Path Group:             (none)
  Path Type:              Recovery (Max at Slow Process Corner)
  Data Path Delay:        5.452ns  (logic 0.642ns (11.775%)  route 4.810ns (88.225%))
  Logic Levels:           1  (LUT1=1)
  Clock Path Skew:        -0.560ns (DCD - SCD + CPR)
    Destination Clock Delay (DCD):    -1.470ns
    Source Clock Delay      (SCD):    -0.910ns
    Clock Pessimism Removal (CPR):    0.000ns
  Clock Uncertainty:      0.079ns  ((TSJ^2 + DJ^2)^1/2) / 2 + PE
    Total System Jitter     (TSJ):    0.071ns
    Discrete Jitter          (DJ):    0.142ns
    Phase Error              (PE):    0.000ns
  Timing Exception:       False Path

    Location             Delay type                Incr(ns)  Path(ns)    Netlist Resource(s)
  -------------------------------------------------------------------    -------------------
                         (clock clk_out1_xlnx_clk_gen rise edge)
                                                      0.000     0.000 r  
    K17                                               0.000     0.000 r  clk_sys (IN)
                         net (fo=0)                   0.000     0.000    i_xlnx_clk_gen/inst/clk_in1
    K17                  IBUF (Prop_ibuf_I_O)         1.475     1.475 r  i_xlnx_clk_gen/inst/clkin1_ibufg/O
                         net (fo=1, routed)           1.285     2.760    i_xlnx_clk_gen/inst/clk_in1_xlnx_clk_gen
    MMCME2_ADV_X1Y2      MMCME2_ADV (Prop_mmcme2_adv_CLKIN1_CLKOUT0)
                                                     -7.759    -4.999 r  i_xlnx_clk_gen/inst/mmcm_adv_inst/CLKOUT0
                         net (fo=1, routed)           2.206    -2.793    i_xlnx_clk_gen/inst/clk_out1_xlnx_clk_gen
    BUFGCTRL_X0Y16       BUFG (Prop_bufg_I_O)         0.101    -2.692 r  i_xlnx_clk_gen/inst/clkout1_buf/O
                         net (fo=20013, routed)       1.782    -0.910    i_rstgen_main/i_rstgen_bypass/clk_out1
    SLICE_X94Y60         FDCE                                         r  i_rstgen_main/i_rstgen_bypass/synch_regs_q_reg[3]/C
  -------------------------------------------------------------------    -------------------
    SLICE_X94Y60         FDCE (Prop_fdce_C_Q)         0.518    -0.392 r  i_rstgen_main/i_rstgen_bypass/synch_regs_q_reg[3]/Q
                         net (fo=19, routed)          1.767     1.375    i_axi_dwidth_converter_dm_slave/inst/gen_downsizer.gen_simple_downsizer.axi_downsizer_inst/USE_WRITE.write_addr_inst/USE_B_CHANNEL.cmd_b_queue/inst/out
    SLICE_X107Y67        LUT1 (Prop_lut1_I0_O)        0.124     1.499 f  i_axi_dwidth_converter_dm_slave/inst/gen_downsizer.gen_simple_downsizer.axi_downsizer_inst/USE_WRITE.write_addr_inst/USE_B_CHANNEL.cmd_b_queue/inst/S_AXI_AREADY_I_i_1/O
                         net (fo=165, routed)         3.043     4.542    i_axi_dwidth_converter_dm_slave/inst/gen_downsizer.gen_simple_downsizer.axi_downsizer_inst/USE_READ.read_addr_inst/cmd_queue/inst/fifo_gen_inst/inst_fifo_gen/gconvfifo.rf/grf.rf/rstblk/ngwrdrst.grst.g7serrst.gnsckt_wrst.rst_wr_reg2_inst/src_arst
    SLICE_X113Y70        FDPE                                         f  i_axi_dwidth_converter_dm_slave/inst/gen_downsizer.gen_simple_downsizer.axi_downsizer_inst/USE_READ.read_addr_inst/cmd_queue/inst/fifo_gen_inst/inst_fifo_gen/gconvfifo.rf/grf.rf/rstblk/ngwrdrst.grst.g7serrst.gnsckt_wrst.rst_wr_reg2_inst/arststages_ff_reg[1]/PRE
  -------------------------------------------------------------------    -------------------

                         (clock clk_out1_xlnx_clk_gen rise edge)
                                                      0.000     0.000 r  
    K17                                               0.000     0.000 r  clk_sys (IN)
                         net (fo=0)                   0.000     0.000    i_xlnx_clk_gen/inst/clk_in1
    K17                  IBUF (Prop_ibuf_I_O)         1.404     1.404 r  i_xlnx_clk_gen/inst/clkin1_ibufg/O
                         net (fo=1, routed)           1.162     2.566    i_xlnx_clk_gen/inst/clk_in1_xlnx_clk_gen
    MMCME2_ADV_X1Y2      MMCME2_ADV (Prop_mmcme2_adv_CLKIN1_CLKOUT0)
                                                     -7.814    -5.248 r  i_xlnx_clk_gen/inst/mmcm_adv_inst/CLKOUT0
                         net (fo=1, routed)           2.012    -3.236    i_xlnx_clk_gen/inst/clk_out1_xlnx_clk_gen
    BUFGCTRL_X0Y16       BUFG (Prop_bufg_I_O)         0.091    -3.145 r  i_xlnx_clk_gen/inst/clkout1_buf/O
                         net (fo=20013, routed)       1.675    -1.470    i_axi_dwidth_converter_dm_slave/inst/gen_downsizer.gen_simple_downsizer.axi_downsizer_inst/USE_READ.read_addr_inst/cmd_queue/inst/fifo_gen_inst/inst_fifo_gen/gconvfifo.rf/grf.rf/rstblk/ngwrdrst.grst.g7serrst.gnsckt_wrst.rst_wr_reg2_inst/dest_clk
    SLICE_X113Y70        FDPE                                         r  i_axi_dwidth_converter_dm_slave/inst/gen_downsizer.gen_simple_downsizer.axi_downsizer_inst/USE_READ.read_addr_inst/cmd_queue/inst/fifo_gen_inst/inst_fifo_gen/gconvfifo.rf/grf.rf/rstblk/ngwrdrst.grst.g7serrst.gnsckt_wrst.rst_wr_reg2_inst/arststages_ff_reg[1]/C

Slack:                    inf
  Source:                 i_rstgen_main/i_rstgen_bypass/synch_regs_q_reg[3]/C
                            (rising edge-triggered cell FDCE clocked by clk_out1_xlnx_clk_gen  {rise@0.000ns fall@10.000ns period=20.000ns})
  Destination:            i_axi_dwidth_converter_dm_slave/inst/gen_downsizer.gen_simple_downsizer.axi_downsizer_inst/USE_WRITE.write_addr_inst/cmd_queue/inst/fifo_gen_inst/inst_fifo_gen/gconvfifo.rf/grf.rf/rstblk/ngwrdrst.grst.g7serrst.gnsckt_wrst.rst_wr_reg2_inst/arststages_ff_reg[0]/PRE
                            (recovery check against rising-edge clock clk_out1_xlnx_clk_gen  {rise@0.000ns fall@10.000ns period=20.000ns})
  Path Group:             (none)
  Path Type:              Recovery (Max at Slow Process Corner)
  Data Path Delay:        4.855ns  (logic 0.642ns (13.223%)  route 4.213ns (86.777%))
  Logic Levels:           1  (LUT1=1)
  Clock Path Skew:        -0.556ns (DCD - SCD + CPR)
    Destination Clock Delay (DCD):    -1.466ns
    Source Clock Delay      (SCD):    -0.910ns
    Clock Pessimism Removal (CPR):    0.000ns
  Clock Uncertainty:      0.079ns  ((TSJ^2 + DJ^2)^1/2) / 2 + PE
    Total System Jitter     (TSJ):    0.071ns
    Discrete Jitter          (DJ):    0.142ns
    Phase Error              (PE):    0.000ns
  Timing Exception:       False Path

    Location             Delay type                Incr(ns)  Path(ns)    Netlist Resource(s)
  -------------------------------------------------------------------    -------------------
                         (clock clk_out1_xlnx_clk_gen rise edge)
                                                      0.000     0.000 r  
    K17                                               0.000     0.000 r  clk_sys (IN)
                         net (fo=0)                   0.000     0.000    i_xlnx_clk_gen/inst/clk_in1
    K17                  IBUF (Prop_ibuf_I_O)         1.475     1.475 r  i_xlnx_clk_gen/inst/clkin1_ibufg/O
                         net (fo=1, routed)           1.285     2.760    i_xlnx_clk_gen/inst/clk_in1_xlnx_clk_gen
    MMCME2_ADV_X1Y2      MMCME2_ADV (Prop_mmcme2_adv_CLKIN1_CLKOUT0)
                                                     -7.759    -4.999 r  i_xlnx_clk_gen/inst/mmcm_adv_inst/CLKOUT0
                         net (fo=1, routed)           2.206    -2.793    i_xlnx_clk_gen/inst/clk_out1_xlnx_clk_gen
    BUFGCTRL_X0Y16       BUFG (Prop_bufg_I_O)         0.101    -2.692 r  i_xlnx_clk_gen/inst/clkout1_buf/O
                         net (fo=20013, routed)       1.782    -0.910    i_rstgen_main/i_rstgen_bypass/clk_out1
    SLICE_X94Y60         FDCE                                         r  i_rstgen_main/i_rstgen_bypass/synch_regs_q_reg[3]/C
  -------------------------------------------------------------------    -------------------
    SLICE_X94Y60         FDCE (Prop_fdce_C_Q)         0.518    -0.392 r  i_rstgen_main/i_rstgen_bypass/synch_regs_q_reg[3]/Q
                         net (fo=19, routed)          1.767     1.375    i_axi_dwidth_converter_dm_slave/inst/gen_downsizer.gen_simple_downsizer.axi_downsizer_inst/USE_WRITE.write_addr_inst/USE_B_CHANNEL.cmd_b_queue/inst/out
    SLICE_X107Y67        LUT1 (Prop_lut1_I0_O)        0.124     1.499 f  i_axi_dwidth_converter_dm_slave/inst/gen_downsizer.gen_simple_downsizer.axi_downsizer_inst/USE_WRITE.write_addr_inst/USE_B_CHANNEL.cmd_b_queue/inst/S_AXI_AREADY_I_i_1/O
                         net (fo=165, routed)         2.446     3.945    i_axi_dwidth_converter_dm_slave/inst/gen_downsizer.gen_simple_downsizer.axi_downsizer_inst/USE_WRITE.write_addr_inst/cmd_queue/inst/fifo_gen_inst/inst_fifo_gen/gconvfifo.rf/grf.rf/rstblk/ngwrdrst.grst.g7serrst.gnsckt_wrst.rst_wr_reg2_inst/src_arst
    SLICE_X112Y66        FDPE                                         f  i_axi_dwidth_converter_dm_slave/inst/gen_downsizer.gen_simple_downsizer.axi_downsizer_inst/USE_WRITE.write_addr_inst/cmd_queue/inst/fifo_gen_inst/inst_fifo_gen/gconvfifo.rf/grf.rf/rstblk/ngwrdrst.grst.g7serrst.gnsckt_wrst.rst_wr_reg2_inst/arststages_ff_reg[0]/PRE
  -------------------------------------------------------------------    -------------------

                         (clock clk_out1_xlnx_clk_gen rise edge)
                                                      0.000     0.000 r  
    K17                                               0.000     0.000 r  clk_sys (IN)
                         net (fo=0)                   0.000     0.000    i_xlnx_clk_gen/inst/clk_in1
    K17                  IBUF (Prop_ibuf_I_O)         1.404     1.404 r  i_xlnx_clk_gen/inst/clkin1_ibufg/O
                         net (fo=1, routed)           1.162     2.566    i_xlnx_clk_gen/inst/clk_in1_xlnx_clk_gen
    MMCME2_ADV_X1Y2      MMCME2_ADV (Prop_mmcme2_adv_CLKIN1_CLKOUT0)
                                                     -7.814    -5.248 r  i_xlnx_clk_gen/inst/mmcm_adv_inst/CLKOUT0
                         net (fo=1, routed)           2.012    -3.236    i_xlnx_clk_gen/inst/clk_out1_xlnx_clk_gen
    BUFGCTRL_X0Y16       BUFG (Prop_bufg_I_O)         0.091    -3.145 r  i_xlnx_clk_gen/inst/clkout1_buf/O
                         net (fo=20013, routed)       1.679    -1.466    i_axi_dwidth_converter_dm_slave/inst/gen_downsizer.gen_simple_downsizer.axi_downsizer_inst/USE_WRITE.write_addr_inst/cmd_queue/inst/fifo_gen_inst/inst_fifo_gen/gconvfifo.rf/grf.rf/rstblk/ngwrdrst.grst.g7serrst.gnsckt_wrst.rst_wr_reg2_inst/dest_clk
    SLICE_X112Y66        FDPE                                         r  i_axi_dwidth_converter_dm_slave/inst/gen_downsizer.gen_simple_downsizer.axi_downsizer_inst/USE_WRITE.write_addr_inst/cmd_queue/inst/fifo_gen_inst/inst_fifo_gen/gconvfifo.rf/grf.rf/rstblk/ngwrdrst.grst.g7serrst.gnsckt_wrst.rst_wr_reg2_inst/arststages_ff_reg[0]/C

Slack:                    inf
  Source:                 i_rstgen_main/i_rstgen_bypass/synch_regs_q_reg[3]/C
                            (rising edge-triggered cell FDCE clocked by clk_out1_xlnx_clk_gen  {rise@0.000ns fall@10.000ns period=20.000ns})
  Destination:            i_axi_dwidth_converter_dm_slave/inst/gen_downsizer.gen_simple_downsizer.axi_downsizer_inst/USE_WRITE.write_addr_inst/cmd_queue/inst/fifo_gen_inst/inst_fifo_gen/gconvfifo.rf/grf.rf/rstblk/ngwrdrst.grst.g7serrst.gnsckt_wrst.rst_wr_reg2_inst/arststages_ff_reg[1]/PRE
                            (recovery check against rising-edge clock clk_out1_xlnx_clk_gen  {rise@0.000ns fall@10.000ns period=20.000ns})
  Path Group:             (none)
  Path Type:              Recovery (Max at Slow Process Corner)
  Data Path Delay:        4.855ns  (logic 0.642ns (13.223%)  route 4.213ns (86.777%))
  Logic Levels:           1  (LUT1=1)
  Clock Path Skew:        -0.556ns (DCD - SCD + CPR)
    Destination Clock Delay (DCD):    -1.466ns
    Source Clock Delay      (SCD):    -0.910ns
    Clock Pessimism Removal (CPR):    0.000ns
  Clock Uncertainty:      0.079ns  ((TSJ^2 + DJ^2)^1/2) / 2 + PE
    Total System Jitter     (TSJ):    0.071ns
    Discrete Jitter          (DJ):    0.142ns
    Phase Error              (PE):    0.000ns
  Timing Exception:       False Path

    Location             Delay type                Incr(ns)  Path(ns)    Netlist Resource(s)
  -------------------------------------------------------------------    -------------------
                         (clock clk_out1_xlnx_clk_gen rise edge)
                                                      0.000     0.000 r  
    K17                                               0.000     0.000 r  clk_sys (IN)
                         net (fo=0)                   0.000     0.000    i_xlnx_clk_gen/inst/clk_in1
    K17                  IBUF (Prop_ibuf_I_O)         1.475     1.475 r  i_xlnx_clk_gen/inst/clkin1_ibufg/O
                         net (fo=1, routed)           1.285     2.760    i_xlnx_clk_gen/inst/clk_in1_xlnx_clk_gen
    MMCME2_ADV_X1Y2      MMCME2_ADV (Prop_mmcme2_adv_CLKIN1_CLKOUT0)
                                                     -7.759    -4.999 r  i_xlnx_clk_gen/inst/mmcm_adv_inst/CLKOUT0
                         net (fo=1, routed)           2.206    -2.793    i_xlnx_clk_gen/inst/clk_out1_xlnx_clk_gen
    BUFGCTRL_X0Y16       BUFG (Prop_bufg_I_O)         0.101    -2.692 r  i_xlnx_clk_gen/inst/clkout1_buf/O
                         net (fo=20013, routed)       1.782    -0.910    i_rstgen_main/i_rstgen_bypass/clk_out1
    SLICE_X94Y60         FDCE                                         r  i_rstgen_main/i_rstgen_bypass/synch_regs_q_reg[3]/C
  -------------------------------------------------------------------    -------------------
    SLICE_X94Y60         FDCE (Prop_fdce_C_Q)         0.518    -0.392 r  i_rstgen_main/i_rstgen_bypass/synch_regs_q_reg[3]/Q
                         net (fo=19, routed)          1.767     1.375    i_axi_dwidth_converter_dm_slave/inst/gen_downsizer.gen_simple_downsizer.axi_downsizer_inst/USE_WRITE.write_addr_inst/USE_B_CHANNEL.cmd_b_queue/inst/out
    SLICE_X107Y67        LUT1 (Prop_lut1_I0_O)        0.124     1.499 f  i_axi_dwidth_converter_dm_slave/inst/gen_downsizer.gen_simple_downsizer.axi_downsizer_inst/USE_WRITE.write_addr_inst/USE_B_CHANNEL.cmd_b_queue/inst/S_AXI_AREADY_I_i_1/O
                         net (fo=165, routed)         2.446     3.945    i_axi_dwidth_converter_dm_slave/inst/gen_downsizer.gen_simple_downsizer.axi_downsizer_inst/USE_WRITE.write_addr_inst/cmd_queue/inst/fifo_gen_inst/inst_fifo_gen/gconvfifo.rf/grf.rf/rstblk/ngwrdrst.grst.g7serrst.gnsckt_wrst.rst_wr_reg2_inst/src_arst
    SLICE_X112Y66        FDPE                                         f  i_axi_dwidth_converter_dm_slave/inst/gen_downsizer.gen_simple_downsizer.axi_downsizer_inst/USE_WRITE.write_addr_inst/cmd_queue/inst/fifo_gen_inst/inst_fifo_gen/gconvfifo.rf/grf.rf/rstblk/ngwrdrst.grst.g7serrst.gnsckt_wrst.rst_wr_reg2_inst/arststages_ff_reg[1]/PRE
  -------------------------------------------------------------------    -------------------

                         (clock clk_out1_xlnx_clk_gen rise edge)
                                                      0.000     0.000 r  
    K17                                               0.000     0.000 r  clk_sys (IN)
                         net (fo=0)                   0.000     0.000    i_xlnx_clk_gen/inst/clk_in1
    K17                  IBUF (Prop_ibuf_I_O)         1.404     1.404 r  i_xlnx_clk_gen/inst/clkin1_ibufg/O
                         net (fo=1, routed)           1.162     2.566    i_xlnx_clk_gen/inst/clk_in1_xlnx_clk_gen
    MMCME2_ADV_X1Y2      MMCME2_ADV (Prop_mmcme2_adv_CLKIN1_CLKOUT0)
                                                     -7.814    -5.248 r  i_xlnx_clk_gen/inst/mmcm_adv_inst/CLKOUT0
                         net (fo=1, routed)           2.012    -3.236    i_xlnx_clk_gen/inst/clk_out1_xlnx_clk_gen
    BUFGCTRL_X0Y16       BUFG (Prop_bufg_I_O)         0.091    -3.145 r  i_xlnx_clk_gen/inst/clkout1_buf/O
                         net (fo=20013, routed)       1.679    -1.466    i_axi_dwidth_converter_dm_slave/inst/gen_downsizer.gen_simple_downsizer.axi_downsizer_inst/USE_WRITE.write_addr_inst/cmd_queue/inst/fifo_gen_inst/inst_fifo_gen/gconvfifo.rf/grf.rf/rstblk/ngwrdrst.grst.g7serrst.gnsckt_wrst.rst_wr_reg2_inst/dest_clk
    SLICE_X112Y66        FDPE                                         r  i_axi_dwidth_converter_dm_slave/inst/gen_downsizer.gen_simple_downsizer.axi_downsizer_inst/USE_WRITE.write_addr_inst/cmd_queue/inst/fifo_gen_inst/inst_fifo_gen/gconvfifo.rf/grf.rf/rstblk/ngwrdrst.grst.g7serrst.gnsckt_wrst.rst_wr_reg2_inst/arststages_ff_reg[1]/C





Min Delay Paths
--------------------------------------------------------------------------------------
Slack:                    inf
  Source:                 i_rstgen_main/i_rstgen_bypass/synch_regs_q_reg[3]/C
                            (rising edge-triggered cell FDCE clocked by clk_out1_xlnx_clk_gen  {rise@0.000ns fall@10.000ns period=20.000ns})
  Destination:            i_axi_dwidth_converter_dm_slave/inst/gen_downsizer.gen_simple_downsizer.axi_downsizer_inst/USE_WRITE.write_addr_inst/cmd_queue/inst/fifo_gen_inst/inst_fifo_gen/gconvfifo.rf/grf.rf/rstblk/ngwrdrst.grst.g7serrst.gnsckt_wrst.rst_wr_reg2_inst/arststages_ff_reg[0]/PRE
                            (removal check against rising-edge clock clk_out1_xlnx_clk_gen  {rise@0.000ns fall@10.000ns period=20.000ns})
  Path Group:             (none)
  Path Type:              Removal (Min at Fast Process Corner)
  Data Path Delay:        2.180ns  (logic 0.209ns (9.587%)  route 1.971ns (90.413%))
  Logic Levels:           1  (LUT1=1)
  Clock Path Skew:        -0.212ns (DCD - SCD - CPR)
    Destination Clock Delay (DCD):    -0.814ns
    Source Clock Delay      (SCD):    -0.603ns
    Clock Pessimism Removal (CPR):    -0.000ns
  Clock Uncertainty:      0.079ns  ((TSJ^2 + DJ^2)^1/2) / 2 + PE
    Total System Jitter     (TSJ):    0.071ns
    Discrete Jitter          (DJ):    0.142ns
    Phase Error              (PE):    0.000ns
  Timing Exception:       False Path

    Location             Delay type                Incr(ns)  Path(ns)    Netlist Resource(s)
  -------------------------------------------------------------------    -------------------
                         (clock clk_out1_xlnx_clk_gen rise edge)
                                                      0.000     0.000 r  
    K17                                               0.000     0.000 r  clk_sys (IN)
                         net (fo=0)                   0.000     0.000    i_xlnx_clk_gen/inst/clk_in1
    K17                  IBUF (Prop_ibuf_I_O)         0.243     0.243 r  i_xlnx_clk_gen/inst/clkin1_ibufg/O
                         net (fo=1, routed)           0.440     0.683    i_xlnx_clk_gen/inst/clk_in1_xlnx_clk_gen
    MMCME2_ADV_X1Y2      MMCME2_ADV (Prop_mmcme2_adv_CLKIN1_CLKOUT0)
                                                     -2.613    -1.930 r  i_xlnx_clk_gen/inst/mmcm_adv_inst/CLKOUT0
                         net (fo=1, routed)           0.696    -1.233    i_xlnx_clk_gen/inst/clk_out1_xlnx_clk_gen
    BUFGCTRL_X0Y16       BUFG (Prop_bufg_I_O)         0.026    -1.207 r  i_xlnx_clk_gen/inst/clkout1_buf/O
                         net (fo=20013, routed)       0.605    -0.603    i_rstgen_main/i_rstgen_bypass/clk_out1
    SLICE_X94Y60         FDCE                                         r  i_rstgen_main/i_rstgen_bypass/synch_regs_q_reg[3]/C
  -------------------------------------------------------------------    -------------------
    SLICE_X94Y60         FDCE (Prop_fdce_C_Q)         0.164    -0.439 r  i_rstgen_main/i_rstgen_bypass/synch_regs_q_reg[3]/Q
                         net (fo=19, routed)          0.736     0.298    i_axi_dwidth_converter_dm_slave/inst/gen_downsizer.gen_simple_downsizer.axi_downsizer_inst/USE_WRITE.write_addr_inst/USE_B_CHANNEL.cmd_b_queue/inst/out
    SLICE_X107Y67        LUT1 (Prop_lut1_I0_O)        0.045     0.343 f  i_axi_dwidth_converter_dm_slave/inst/gen_downsizer.gen_simple_downsizer.axi_downsizer_inst/USE_WRITE.write_addr_inst/USE_B_CHANNEL.cmd_b_queue/inst/S_AXI_AREADY_I_i_1/O
                         net (fo=165, routed)         1.235     1.578    i_axi_dwidth_converter_dm_slave/inst/gen_downsizer.gen_simple_downsizer.axi_downsizer_inst/USE_WRITE.write_addr_inst/cmd_queue/inst/fifo_gen_inst/inst_fifo_gen/gconvfifo.rf/grf.rf/rstblk/ngwrdrst.grst.g7serrst.gnsckt_wrst.rst_wr_reg2_inst/src_arst
    SLICE_X112Y66        FDPE                                         f  i_axi_dwidth_converter_dm_slave/inst/gen_downsizer.gen_simple_downsizer.axi_downsizer_inst/USE_WRITE.write_addr_inst/cmd_queue/inst/fifo_gen_inst/inst_fifo_gen/gconvfifo.rf/grf.rf/rstblk/ngwrdrst.grst.g7serrst.gnsckt_wrst.rst_wr_reg2_inst/arststages_ff_reg[0]/PRE
  -------------------------------------------------------------------    -------------------

                         (clock clk_out1_xlnx_clk_gen rise edge)
                                                      0.000     0.000 r  
    K17                                               0.000     0.000 r  clk_sys (IN)
                         net (fo=0)                   0.000     0.000    i_xlnx_clk_gen/inst/clk_in1
    K17                  IBUF (Prop_ibuf_I_O)         0.431     0.431 r  i_xlnx_clk_gen/inst/clkin1_ibufg/O
                         net (fo=1, routed)           0.480     0.911    i_xlnx_clk_gen/inst/clk_in1_xlnx_clk_gen
    MMCME2_ADV_X1Y2      MMCME2_ADV (Prop_mmcme2_adv_CLKIN1_CLKOUT0)
                                                     -3.407    -2.496 r  i_xlnx_clk_gen/inst/mmcm_adv_inst/CLKOUT0
                         net (fo=1, routed)           0.752    -1.744    i_xlnx_clk_gen/inst/clk_out1_xlnx_clk_gen
    BUFGCTRL_X0Y16       BUFG (Prop_bufg_I_O)         0.029    -1.715 r  i_xlnx_clk_gen/inst/clkout1_buf/O
                         net (fo=20013, routed)       0.901    -0.814    i_axi_dwidth_converter_dm_slave/inst/gen_downsizer.gen_simple_downsizer.axi_downsizer_inst/USE_WRITE.write_addr_inst/cmd_queue/inst/fifo_gen_inst/inst_fifo_gen/gconvfifo.rf/grf.rf/rstblk/ngwrdrst.grst.g7serrst.gnsckt_wrst.rst_wr_reg2_inst/dest_clk
    SLICE_X112Y66        FDPE                                         r  i_axi_dwidth_converter_dm_slave/inst/gen_downsizer.gen_simple_downsizer.axi_downsizer_inst/USE_WRITE.write_addr_inst/cmd_queue/inst/fifo_gen_inst/inst_fifo_gen/gconvfifo.rf/grf.rf/rstblk/ngwrdrst.grst.g7serrst.gnsckt_wrst.rst_wr_reg2_inst/arststages_ff_reg[0]/C

Slack:                    inf
  Source:                 i_rstgen_main/i_rstgen_bypass/synch_regs_q_reg[3]/C
                            (rising edge-triggered cell FDCE clocked by clk_out1_xlnx_clk_gen  {rise@0.000ns fall@10.000ns period=20.000ns})
  Destination:            i_axi_dwidth_converter_dm_slave/inst/gen_downsizer.gen_simple_downsizer.axi_downsizer_inst/USE_WRITE.write_addr_inst/cmd_queue/inst/fifo_gen_inst/inst_fifo_gen/gconvfifo.rf/grf.rf/rstblk/ngwrdrst.grst.g7serrst.gnsckt_wrst.rst_wr_reg2_inst/arststages_ff_reg[1]/PRE
                            (removal check against rising-edge clock clk_out1_xlnx_clk_gen  {rise@0.000ns fall@10.000ns period=20.000ns})
  Path Group:             (none)
  Path Type:              Removal (Min at Fast Process Corner)
  Data Path Delay:        2.180ns  (logic 0.209ns (9.587%)  route 1.971ns (90.413%))
  Logic Levels:           1  (LUT1=1)
  Clock Path Skew:        -0.212ns (DCD - SCD - CPR)
    Destination Clock Delay (DCD):    -0.814ns
    Source Clock Delay      (SCD):    -0.603ns
    Clock Pessimism Removal (CPR):    -0.000ns
  Clock Uncertainty:      0.079ns  ((TSJ^2 + DJ^2)^1/2) / 2 + PE
    Total System Jitter     (TSJ):    0.071ns
    Discrete Jitter          (DJ):    0.142ns
    Phase Error              (PE):    0.000ns
  Timing Exception:       False Path

    Location             Delay type                Incr(ns)  Path(ns)    Netlist Resource(s)
  -------------------------------------------------------------------    -------------------
                         (clock clk_out1_xlnx_clk_gen rise edge)
                                                      0.000     0.000 r  
    K17                                               0.000     0.000 r  clk_sys (IN)
                         net (fo=0)                   0.000     0.000    i_xlnx_clk_gen/inst/clk_in1
    K17                  IBUF (Prop_ibuf_I_O)         0.243     0.243 r  i_xlnx_clk_gen/inst/clkin1_ibufg/O
                         net (fo=1, routed)           0.440     0.683    i_xlnx_clk_gen/inst/clk_in1_xlnx_clk_gen
    MMCME2_ADV_X1Y2      MMCME2_ADV (Prop_mmcme2_adv_CLKIN1_CLKOUT0)
                                                     -2.613    -1.930 r  i_xlnx_clk_gen/inst/mmcm_adv_inst/CLKOUT0
                         net (fo=1, routed)           0.696    -1.233    i_xlnx_clk_gen/inst/clk_out1_xlnx_clk_gen
    BUFGCTRL_X0Y16       BUFG (Prop_bufg_I_O)         0.026    -1.207 r  i_xlnx_clk_gen/inst/clkout1_buf/O
                         net (fo=20013, routed)       0.605    -0.603    i_rstgen_main/i_rstgen_bypass/clk_out1
    SLICE_X94Y60         FDCE                                         r  i_rstgen_main/i_rstgen_bypass/synch_regs_q_reg[3]/C
  -------------------------------------------------------------------    -------------------
    SLICE_X94Y60         FDCE (Prop_fdce_C_Q)         0.164    -0.439 r  i_rstgen_main/i_rstgen_bypass/synch_regs_q_reg[3]/Q
                         net (fo=19, routed)          0.736     0.298    i_axi_dwidth_converter_dm_slave/inst/gen_downsizer.gen_simple_downsizer.axi_downsizer_inst/USE_WRITE.write_addr_inst/USE_B_CHANNEL.cmd_b_queue/inst/out
    SLICE_X107Y67        LUT1 (Prop_lut1_I0_O)        0.045     0.343 f  i_axi_dwidth_converter_dm_slave/inst/gen_downsizer.gen_simple_downsizer.axi_downsizer_inst/USE_WRITE.write_addr_inst/USE_B_CHANNEL.cmd_b_queue/inst/S_AXI_AREADY_I_i_1/O
                         net (fo=165, routed)         1.235     1.578    i_axi_dwidth_converter_dm_slave/inst/gen_downsizer.gen_simple_downsizer.axi_downsizer_inst/USE_WRITE.write_addr_inst/cmd_queue/inst/fifo_gen_inst/inst_fifo_gen/gconvfifo.rf/grf.rf/rstblk/ngwrdrst.grst.g7serrst.gnsckt_wrst.rst_wr_reg2_inst/src_arst
    SLICE_X112Y66        FDPE                                         f  i_axi_dwidth_converter_dm_slave/inst/gen_downsizer.gen_simple_downsizer.axi_downsizer_inst/USE_WRITE.write_addr_inst/cmd_queue/inst/fifo_gen_inst/inst_fifo_gen/gconvfifo.rf/grf.rf/rstblk/ngwrdrst.grst.g7serrst.gnsckt_wrst.rst_wr_reg2_inst/arststages_ff_reg[1]/PRE
  -------------------------------------------------------------------    -------------------

                         (clock clk_out1_xlnx_clk_gen rise edge)
                                                      0.000     0.000 r  
    K17                                               0.000     0.000 r  clk_sys (IN)
                         net (fo=0)                   0.000     0.000    i_xlnx_clk_gen/inst/clk_in1
    K17                  IBUF (Prop_ibuf_I_O)         0.431     0.431 r  i_xlnx_clk_gen/inst/clkin1_ibufg/O
                         net (fo=1, routed)           0.480     0.911    i_xlnx_clk_gen/inst/clk_in1_xlnx_clk_gen
    MMCME2_ADV_X1Y2      MMCME2_ADV (Prop_mmcme2_adv_CLKIN1_CLKOUT0)
                                                     -3.407    -2.496 r  i_xlnx_clk_gen/inst/mmcm_adv_inst/CLKOUT0
                         net (fo=1, routed)           0.752    -1.744    i_xlnx_clk_gen/inst/clk_out1_xlnx_clk_gen
    BUFGCTRL_X0Y16       BUFG (Prop_bufg_I_O)         0.029    -1.715 r  i_xlnx_clk_gen/inst/clkout1_buf/O
                         net (fo=20013, routed)       0.901    -0.814    i_axi_dwidth_converter_dm_slave/inst/gen_downsizer.gen_simple_downsizer.axi_downsizer_inst/USE_WRITE.write_addr_inst/cmd_queue/inst/fifo_gen_inst/inst_fifo_gen/gconvfifo.rf/grf.rf/rstblk/ngwrdrst.grst.g7serrst.gnsckt_wrst.rst_wr_reg2_inst/dest_clk
    SLICE_X112Y66        FDPE                                         r  i_axi_dwidth_converter_dm_slave/inst/gen_downsizer.gen_simple_downsizer.axi_downsizer_inst/USE_WRITE.write_addr_inst/cmd_queue/inst/fifo_gen_inst/inst_fifo_gen/gconvfifo.rf/grf.rf/rstblk/ngwrdrst.grst.g7serrst.gnsckt_wrst.rst_wr_reg2_inst/arststages_ff_reg[1]/C

Slack:                    inf
  Source:                 i_rstgen_main/i_rstgen_bypass/synch_regs_q_reg[3]/C
                            (rising edge-triggered cell FDCE clocked by clk_out1_xlnx_clk_gen  {rise@0.000ns fall@10.000ns period=20.000ns})
  Destination:            i_axi_dwidth_converter_dm_slave/inst/gen_downsizer.gen_simple_downsizer.axi_downsizer_inst/USE_READ.read_addr_inst/cmd_queue/inst/fifo_gen_inst/inst_fifo_gen/gconvfifo.rf/grf.rf/rstblk/ngwrdrst.grst.g7serrst.gnsckt_wrst.rst_wr_reg2_inst/arststages_ff_reg[0]/PRE
                            (removal check against rising-edge clock clk_out1_xlnx_clk_gen  {rise@0.000ns fall@10.000ns period=20.000ns})
  Path Group:             (none)
  Path Type:              Removal (Min at Fast Process Corner)
  Data Path Delay:        2.433ns  (logic 0.209ns (8.589%)  route 2.224ns (91.411%))
  Logic Levels:           1  (LUT1=1)
  Clock Path Skew:        -0.216ns (DCD - SCD - CPR)
    Destination Clock Delay (DCD):    -0.818ns
    Source Clock Delay      (SCD):    -0.603ns
    Clock Pessimism Removal (CPR):    -0.000ns
  Clock Uncertainty:      0.079ns  ((TSJ^2 + DJ^2)^1/2) / 2 + PE
    Total System Jitter     (TSJ):    0.071ns
    Discrete Jitter          (DJ):    0.142ns
    Phase Error              (PE):    0.000ns
  Timing Exception:       False Path

    Location             Delay type                Incr(ns)  Path(ns)    Netlist Resource(s)
  -------------------------------------------------------------------    -------------------
                         (clock clk_out1_xlnx_clk_gen rise edge)
                                                      0.000     0.000 r  
    K17                                               0.000     0.000 r  clk_sys (IN)
                         net (fo=0)                   0.000     0.000    i_xlnx_clk_gen/inst/clk_in1
    K17                  IBUF (Prop_ibuf_I_O)         0.243     0.243 r  i_xlnx_clk_gen/inst/clkin1_ibufg/O
                         net (fo=1, routed)           0.440     0.683    i_xlnx_clk_gen/inst/clk_in1_xlnx_clk_gen
    MMCME2_ADV_X1Y2      MMCME2_ADV (Prop_mmcme2_adv_CLKIN1_CLKOUT0)
                                                     -2.613    -1.930 r  i_xlnx_clk_gen/inst/mmcm_adv_inst/CLKOUT0
                         net (fo=1, routed)           0.696    -1.233    i_xlnx_clk_gen/inst/clk_out1_xlnx_clk_gen
    BUFGCTRL_X0Y16       BUFG (Prop_bufg_I_O)         0.026    -1.207 r  i_xlnx_clk_gen/inst/clkout1_buf/O
                         net (fo=20013, routed)       0.605    -0.603    i_rstgen_main/i_rstgen_bypass/clk_out1
    SLICE_X94Y60         FDCE                                         r  i_rstgen_main/i_rstgen_bypass/synch_regs_q_reg[3]/C
  -------------------------------------------------------------------    -------------------
    SLICE_X94Y60         FDCE (Prop_fdce_C_Q)         0.164    -0.439 r  i_rstgen_main/i_rstgen_bypass/synch_regs_q_reg[3]/Q
                         net (fo=19, routed)          0.736     0.298    i_axi_dwidth_converter_dm_slave/inst/gen_downsizer.gen_simple_downsizer.axi_downsizer_inst/USE_WRITE.write_addr_inst/USE_B_CHANNEL.cmd_b_queue/inst/out
    SLICE_X107Y67        LUT1 (Prop_lut1_I0_O)        0.045     0.343 f  i_axi_dwidth_converter_dm_slave/inst/gen_downsizer.gen_simple_downsizer.axi_downsizer_inst/USE_WRITE.write_addr_inst/USE_B_CHANNEL.cmd_b_queue/inst/S_AXI_AREADY_I_i_1/O
                         net (fo=165, routed)         1.488     1.831    i_axi_dwidth_converter_dm_slave/inst/gen_downsizer.gen_simple_downsizer.axi_downsizer_inst/USE_READ.read_addr_inst/cmd_queue/inst/fifo_gen_inst/inst_fifo_gen/gconvfifo.rf/grf.rf/rstblk/ngwrdrst.grst.g7serrst.gnsckt_wrst.rst_wr_reg2_inst/src_arst
    SLICE_X113Y70        FDPE                                         f  i_axi_dwidth_converter_dm_slave/inst/gen_downsizer.gen_simple_downsizer.axi_downsizer_inst/USE_READ.read_addr_inst/cmd_queue/inst/fifo_gen_inst/inst_fifo_gen/gconvfifo.rf/grf.rf/rstblk/ngwrdrst.grst.g7serrst.gnsckt_wrst.rst_wr_reg2_inst/arststages_ff_reg[0]/PRE
  -------------------------------------------------------------------    -------------------

                         (clock clk_out1_xlnx_clk_gen rise edge)
                                                      0.000     0.000 r  
    K17                                               0.000     0.000 r  clk_sys (IN)
                         net (fo=0)                   0.000     0.000    i_xlnx_clk_gen/inst/clk_in1
    K17                  IBUF (Prop_ibuf_I_O)         0.431     0.431 r  i_xlnx_clk_gen/inst/clkin1_ibufg/O
                         net (fo=1, routed)           0.480     0.911    i_xlnx_clk_gen/inst/clk_in1_xlnx_clk_gen
    MMCME2_ADV_X1Y2      MMCME2_ADV (Prop_mmcme2_adv_CLKIN1_CLKOUT0)
                                                     -3.407    -2.496 r  i_xlnx_clk_gen/inst/mmcm_adv_inst/CLKOUT0
                         net (fo=1, routed)           0.752    -1.744    i_xlnx_clk_gen/inst/clk_out1_xlnx_clk_gen
    BUFGCTRL_X0Y16       BUFG (Prop_bufg_I_O)         0.029    -1.715 r  i_xlnx_clk_gen/inst/clkout1_buf/O
                         net (fo=20013, routed)       0.897    -0.818    i_axi_dwidth_converter_dm_slave/inst/gen_downsizer.gen_simple_downsizer.axi_downsizer_inst/USE_READ.read_addr_inst/cmd_queue/inst/fifo_gen_inst/inst_fifo_gen/gconvfifo.rf/grf.rf/rstblk/ngwrdrst.grst.g7serrst.gnsckt_wrst.rst_wr_reg2_inst/dest_clk
    SLICE_X113Y70        FDPE                                         r  i_axi_dwidth_converter_dm_slave/inst/gen_downsizer.gen_simple_downsizer.axi_downsizer_inst/USE_READ.read_addr_inst/cmd_queue/inst/fifo_gen_inst/inst_fifo_gen/gconvfifo.rf/grf.rf/rstblk/ngwrdrst.grst.g7serrst.gnsckt_wrst.rst_wr_reg2_inst/arststages_ff_reg[0]/C

Slack:                    inf
  Source:                 i_rstgen_main/i_rstgen_bypass/synch_regs_q_reg[3]/C
                            (rising edge-triggered cell FDCE clocked by clk_out1_xlnx_clk_gen  {rise@0.000ns fall@10.000ns period=20.000ns})
  Destination:            i_axi_dwidth_converter_dm_slave/inst/gen_downsizer.gen_simple_downsizer.axi_downsizer_inst/USE_READ.read_addr_inst/cmd_queue/inst/fifo_gen_inst/inst_fifo_gen/gconvfifo.rf/grf.rf/rstblk/ngwrdrst.grst.g7serrst.gnsckt_wrst.rst_wr_reg2_inst/arststages_ff_reg[1]/PRE
                            (removal check against rising-edge clock clk_out1_xlnx_clk_gen  {rise@0.000ns fall@10.000ns period=20.000ns})
  Path Group:             (none)
  Path Type:              Removal (Min at Fast Process Corner)
  Data Path Delay:        2.433ns  (logic 0.209ns (8.589%)  route 2.224ns (91.411%))
  Logic Levels:           1  (LUT1=1)
  Clock Path Skew:        -0.216ns (DCD - SCD - CPR)
    Destination Clock Delay (DCD):    -0.818ns
    Source Clock Delay      (SCD):    -0.603ns
    Clock Pessimism Removal (CPR):    -0.000ns
  Clock Uncertainty:      0.079ns  ((TSJ^2 + DJ^2)^1/2) / 2 + PE
    Total System Jitter     (TSJ):    0.071ns
    Discrete Jitter          (DJ):    0.142ns
    Phase Error              (PE):    0.000ns
  Timing Exception:       False Path

    Location             Delay type                Incr(ns)  Path(ns)    Netlist Resource(s)
  -------------------------------------------------------------------    -------------------
                         (clock clk_out1_xlnx_clk_gen rise edge)
                                                      0.000     0.000 r  
    K17                                               0.000     0.000 r  clk_sys (IN)
                         net (fo=0)                   0.000     0.000    i_xlnx_clk_gen/inst/clk_in1
    K17                  IBUF (Prop_ibuf_I_O)         0.243     0.243 r  i_xlnx_clk_gen/inst/clkin1_ibufg/O
                         net (fo=1, routed)           0.440     0.683    i_xlnx_clk_gen/inst/clk_in1_xlnx_clk_gen
    MMCME2_ADV_X1Y2      MMCME2_ADV (Prop_mmcme2_adv_CLKIN1_CLKOUT0)
                                                     -2.613    -1.930 r  i_xlnx_clk_gen/inst/mmcm_adv_inst/CLKOUT0
                         net (fo=1, routed)           0.696    -1.233    i_xlnx_clk_gen/inst/clk_out1_xlnx_clk_gen
    BUFGCTRL_X0Y16       BUFG (Prop_bufg_I_O)         0.026    -1.207 r  i_xlnx_clk_gen/inst/clkout1_buf/O
                         net (fo=20013, routed)       0.605    -0.603    i_rstgen_main/i_rstgen_bypass/clk_out1
    SLICE_X94Y60         FDCE                                         r  i_rstgen_main/i_rstgen_bypass/synch_regs_q_reg[3]/C
  -------------------------------------------------------------------    -------------------
    SLICE_X94Y60         FDCE (Prop_fdce_C_Q)         0.164    -0.439 r  i_rstgen_main/i_rstgen_bypass/synch_regs_q_reg[3]/Q
                         net (fo=19, routed)          0.736     0.298    i_axi_dwidth_converter_dm_slave/inst/gen_downsizer.gen_simple_downsizer.axi_downsizer_inst/USE_WRITE.write_addr_inst/USE_B_CHANNEL.cmd_b_queue/inst/out
    SLICE_X107Y67        LUT1 (Prop_lut1_I0_O)        0.045     0.343 f  i_axi_dwidth_converter_dm_slave/inst/gen_downsizer.gen_simple_downsizer.axi_downsizer_inst/USE_WRITE.write_addr_inst/USE_B_CHANNEL.cmd_b_queue/inst/S_AXI_AREADY_I_i_1/O
                         net (fo=165, routed)         1.488     1.831    i_axi_dwidth_converter_dm_slave/inst/gen_downsizer.gen_simple_downsizer.axi_downsizer_inst/USE_READ.read_addr_inst/cmd_queue/inst/fifo_gen_inst/inst_fifo_gen/gconvfifo.rf/grf.rf/rstblk/ngwrdrst.grst.g7serrst.gnsckt_wrst.rst_wr_reg2_inst/src_arst
    SLICE_X113Y70        FDPE                                         f  i_axi_dwidth_converter_dm_slave/inst/gen_downsizer.gen_simple_downsizer.axi_downsizer_inst/USE_READ.read_addr_inst/cmd_queue/inst/fifo_gen_inst/inst_fifo_gen/gconvfifo.rf/grf.rf/rstblk/ngwrdrst.grst.g7serrst.gnsckt_wrst.rst_wr_reg2_inst/arststages_ff_reg[1]/PRE
  -------------------------------------------------------------------    -------------------

                         (clock clk_out1_xlnx_clk_gen rise edge)
                                                      0.000     0.000 r  
    K17                                               0.000     0.000 r  clk_sys (IN)
                         net (fo=0)                   0.000     0.000    i_xlnx_clk_gen/inst/clk_in1
    K17                  IBUF (Prop_ibuf_I_O)         0.431     0.431 r  i_xlnx_clk_gen/inst/clkin1_ibufg/O
                         net (fo=1, routed)           0.480     0.911    i_xlnx_clk_gen/inst/clk_in1_xlnx_clk_gen
    MMCME2_ADV_X1Y2      MMCME2_ADV (Prop_mmcme2_adv_CLKIN1_CLKOUT0)
                                                     -3.407    -2.496 r  i_xlnx_clk_gen/inst/mmcm_adv_inst/CLKOUT0
                         net (fo=1, routed)           0.752    -1.744    i_xlnx_clk_gen/inst/clk_out1_xlnx_clk_gen
    BUFGCTRL_X0Y16       BUFG (Prop_bufg_I_O)         0.029    -1.715 r  i_xlnx_clk_gen/inst/clkout1_buf/O
                         net (fo=20013, routed)       0.897    -0.818    i_axi_dwidth_converter_dm_slave/inst/gen_downsizer.gen_simple_downsizer.axi_downsizer_inst/USE_READ.read_addr_inst/cmd_queue/inst/fifo_gen_inst/inst_fifo_gen/gconvfifo.rf/grf.rf/rstblk/ngwrdrst.grst.g7serrst.gnsckt_wrst.rst_wr_reg2_inst/dest_clk
    SLICE_X113Y70        FDPE                                         r  i_axi_dwidth_converter_dm_slave/inst/gen_downsizer.gen_simple_downsizer.axi_downsizer_inst/USE_READ.read_addr_inst/cmd_queue/inst/fifo_gen_inst/inst_fifo_gen/gconvfifo.rf/grf.rf/rstblk/ngwrdrst.grst.g7serrst.gnsckt_wrst.rst_wr_reg2_inst/arststages_ff_reg[1]/C

Slack:                    inf
  Source:                 i_rstgen_main/i_rstgen_bypass/synch_regs_q_reg[3]/C
                            (rising edge-triggered cell FDCE clocked by clk_out1_xlnx_clk_gen  {rise@0.000ns fall@10.000ns period=20.000ns})
  Destination:            i_axi_dwidth_converter_dm_slave/inst/gen_downsizer.gen_simple_downsizer.axi_downsizer_inst/USE_WRITE.write_addr_inst/USE_B_CHANNEL.cmd_b_queue/inst/fifo_gen_inst/inst_fifo_gen/gconvfifo.rf/grf.rf/rstblk/ngwrdrst.grst.g7serrst.gnsckt_wrst.rst_wr_reg2_inst/arststages_ff_reg[0]/PRE
                            (removal check against rising-edge clock clk_out1_xlnx_clk_gen  {rise@0.000ns fall@10.000ns period=20.000ns})
  Path Group:             (none)
  Path Type:              Removal (Min at Fast Process Corner)
  Data Path Delay:        2.463ns  (logic 0.209ns (8.485%)  route 2.254ns (91.515%))
  Logic Levels:           1  (LUT1=1)
  Clock Path Skew:        -0.207ns (DCD - SCD - CPR)
    Destination Clock Delay (DCD):    -0.809ns
    Source Clock Delay      (SCD):    -0.603ns
    Clock Pessimism Removal (CPR):    -0.000ns
  Clock Uncertainty:      0.079ns  ((TSJ^2 + DJ^2)^1/2) / 2 + PE
    Total System Jitter     (TSJ):    0.071ns
    Discrete Jitter          (DJ):    0.142ns
    Phase Error              (PE):    0.000ns
  Timing Exception:       False Path

    Location             Delay type                Incr(ns)  Path(ns)    Netlist Resource(s)
  -------------------------------------------------------------------    -------------------
                         (clock clk_out1_xlnx_clk_gen rise edge)
                                                      0.000     0.000 r  
    K17                                               0.000     0.000 r  clk_sys (IN)
                         net (fo=0)                   0.000     0.000    i_xlnx_clk_gen/inst/clk_in1
    K17                  IBUF (Prop_ibuf_I_O)         0.243     0.243 r  i_xlnx_clk_gen/inst/clkin1_ibufg/O
                         net (fo=1, routed)           0.440     0.683    i_xlnx_clk_gen/inst/clk_in1_xlnx_clk_gen
    MMCME2_ADV_X1Y2      MMCME2_ADV (Prop_mmcme2_adv_CLKIN1_CLKOUT0)
                                                     -2.613    -1.930 r  i_xlnx_clk_gen/inst/mmcm_adv_inst/CLKOUT0
                         net (fo=1, routed)           0.696    -1.233    i_xlnx_clk_gen/inst/clk_out1_xlnx_clk_gen
    BUFGCTRL_X0Y16       BUFG (Prop_bufg_I_O)         0.026    -1.207 r  i_xlnx_clk_gen/inst/clkout1_buf/O
                         net (fo=20013, routed)       0.605    -0.603    i_rstgen_main/i_rstgen_bypass/clk_out1
    SLICE_X94Y60         FDCE                                         r  i_rstgen_main/i_rstgen_bypass/synch_regs_q_reg[3]/C
  -------------------------------------------------------------------    -------------------
    SLICE_X94Y60         FDCE (Prop_fdce_C_Q)         0.164    -0.439 r  i_rstgen_main/i_rstgen_bypass/synch_regs_q_reg[3]/Q
                         net (fo=19, routed)          0.736     0.298    i_axi_dwidth_converter_dm_slave/inst/gen_downsizer.gen_simple_downsizer.axi_downsizer_inst/USE_WRITE.write_addr_inst/USE_B_CHANNEL.cmd_b_queue/inst/out
    SLICE_X107Y67        LUT1 (Prop_lut1_I0_O)        0.045     0.343 f  i_axi_dwidth_converter_dm_slave/inst/gen_downsizer.gen_simple_downsizer.axi_downsizer_inst/USE_WRITE.write_addr_inst/USE_B_CHANNEL.cmd_b_queue/inst/S_AXI_AREADY_I_i_1/O
                         net (fo=165, routed)         1.518     1.861    i_axi_dwidth_converter_dm_slave/inst/gen_downsizer.gen_simple_downsizer.axi_downsizer_inst/USE_WRITE.write_addr_inst/USE_B_CHANNEL.cmd_b_queue/inst/fifo_gen_inst/inst_fifo_gen/gconvfifo.rf/grf.rf/rstblk/ngwrdrst.grst.g7serrst.gnsckt_wrst.rst_wr_reg2_inst/src_arst
    SLICE_X109Y50        FDPE                                         f  i_axi_dwidth_converter_dm_slave/inst/gen_downsizer.gen_simple_downsizer.axi_downsizer_inst/USE_WRITE.write_addr_inst/USE_B_CHANNEL.cmd_b_queue/inst/fifo_gen_inst/inst_fifo_gen/gconvfifo.rf/grf.rf/rstblk/ngwrdrst.grst.g7serrst.gnsckt_wrst.rst_wr_reg2_inst/arststages_ff_reg[0]/PRE
  -------------------------------------------------------------------    -------------------

                         (clock clk_out1_xlnx_clk_gen rise edge)
                                                      0.000     0.000 r  
    K17                                               0.000     0.000 r  clk_sys (IN)
                         net (fo=0)                   0.000     0.000    i_xlnx_clk_gen/inst/clk_in1
    K17                  IBUF (Prop_ibuf_I_O)         0.431     0.431 r  i_xlnx_clk_gen/inst/clkin1_ibufg/O
                         net (fo=1, routed)           0.480     0.911    i_xlnx_clk_gen/inst/clk_in1_xlnx_clk_gen
    MMCME2_ADV_X1Y2      MMCME2_ADV (Prop_mmcme2_adv_CLKIN1_CLKOUT0)
                                                     -3.407    -2.496 r  i_xlnx_clk_gen/inst/mmcm_adv_inst/CLKOUT0
                         net (fo=1, routed)           0.752    -1.744    i_xlnx_clk_gen/inst/clk_out1_xlnx_clk_gen
    BUFGCTRL_X0Y16       BUFG (Prop_bufg_I_O)         0.029    -1.715 r  i_xlnx_clk_gen/inst/clkout1_buf/O
                         net (fo=20013, routed)       0.906    -0.809    i_axi_dwidth_converter_dm_slave/inst/gen_downsizer.gen_simple_downsizer.axi_downsizer_inst/USE_WRITE.write_addr_inst/USE_B_CHANNEL.cmd_b_queue/inst/fifo_gen_inst/inst_fifo_gen/gconvfifo.rf/grf.rf/rstblk/ngwrdrst.grst.g7serrst.gnsckt_wrst.rst_wr_reg2_inst/dest_clk
    SLICE_X109Y50        FDPE                                         r  i_axi_dwidth_converter_dm_slave/inst/gen_downsizer.gen_simple_downsizer.axi_downsizer_inst/USE_WRITE.write_addr_inst/USE_B_CHANNEL.cmd_b_queue/inst/fifo_gen_inst/inst_fifo_gen/gconvfifo.rf/grf.rf/rstblk/ngwrdrst.grst.g7serrst.gnsckt_wrst.rst_wr_reg2_inst/arststages_ff_reg[0]/C

Slack:                    inf
  Source:                 i_rstgen_main/i_rstgen_bypass/synch_regs_q_reg[3]/C
                            (rising edge-triggered cell FDCE clocked by clk_out1_xlnx_clk_gen  {rise@0.000ns fall@10.000ns period=20.000ns})
  Destination:            i_axi_dwidth_converter_dm_slave/inst/gen_downsizer.gen_simple_downsizer.axi_downsizer_inst/USE_WRITE.write_addr_inst/USE_B_CHANNEL.cmd_b_queue/inst/fifo_gen_inst/inst_fifo_gen/gconvfifo.rf/grf.rf/rstblk/ngwrdrst.grst.g7serrst.gnsckt_wrst.rst_wr_reg2_inst/arststages_ff_reg[1]/PRE
                            (removal check against rising-edge clock clk_out1_xlnx_clk_gen  {rise@0.000ns fall@10.000ns period=20.000ns})
  Path Group:             (none)
  Path Type:              Removal (Min at Fast Process Corner)
  Data Path Delay:        2.463ns  (logic 0.209ns (8.485%)  route 2.254ns (91.515%))
  Logic Levels:           1  (LUT1=1)
  Clock Path Skew:        -0.207ns (DCD - SCD - CPR)
    Destination Clock Delay (DCD):    -0.809ns
    Source Clock Delay      (SCD):    -0.603ns
    Clock Pessimism Removal (CPR):    -0.000ns
  Clock Uncertainty:      0.079ns  ((TSJ^2 + DJ^2)^1/2) / 2 + PE
    Total System Jitter     (TSJ):    0.071ns
    Discrete Jitter          (DJ):    0.142ns
    Phase Error              (PE):    0.000ns
  Timing Exception:       False Path

    Location             Delay type                Incr(ns)  Path(ns)    Netlist Resource(s)
  -------------------------------------------------------------------    -------------------
                         (clock clk_out1_xlnx_clk_gen rise edge)
                                                      0.000     0.000 r  
    K17                                               0.000     0.000 r  clk_sys (IN)
                         net (fo=0)                   0.000     0.000    i_xlnx_clk_gen/inst/clk_in1
    K17                  IBUF (Prop_ibuf_I_O)         0.243     0.243 r  i_xlnx_clk_gen/inst/clkin1_ibufg/O
                         net (fo=1, routed)           0.440     0.683    i_xlnx_clk_gen/inst/clk_in1_xlnx_clk_gen
    MMCME2_ADV_X1Y2      MMCME2_ADV (Prop_mmcme2_adv_CLKIN1_CLKOUT0)
                                                     -2.613    -1.930 r  i_xlnx_clk_gen/inst/mmcm_adv_inst/CLKOUT0
                         net (fo=1, routed)           0.696    -1.233    i_xlnx_clk_gen/inst/clk_out1_xlnx_clk_gen
    BUFGCTRL_X0Y16       BUFG (Prop_bufg_I_O)         0.026    -1.207 r  i_xlnx_clk_gen/inst/clkout1_buf/O
                         net (fo=20013, routed)       0.605    -0.603    i_rstgen_main/i_rstgen_bypass/clk_out1
    SLICE_X94Y60         FDCE                                         r  i_rstgen_main/i_rstgen_bypass/synch_regs_q_reg[3]/C
  -------------------------------------------------------------------    -------------------
    SLICE_X94Y60         FDCE (Prop_fdce_C_Q)         0.164    -0.439 r  i_rstgen_main/i_rstgen_bypass/synch_regs_q_reg[3]/Q
                         net (fo=19, routed)          0.736     0.298    i_axi_dwidth_converter_dm_slave/inst/gen_downsizer.gen_simple_downsizer.axi_downsizer_inst/USE_WRITE.write_addr_inst/USE_B_CHANNEL.cmd_b_queue/inst/out
    SLICE_X107Y67        LUT1 (Prop_lut1_I0_O)        0.045     0.343 f  i_axi_dwidth_converter_dm_slave/inst/gen_downsizer.gen_simple_downsizer.axi_downsizer_inst/USE_WRITE.write_addr_inst/USE_B_CHANNEL.cmd_b_queue/inst/S_AXI_AREADY_I_i_1/O
                         net (fo=165, routed)         1.518     1.861    i_axi_dwidth_converter_dm_slave/inst/gen_downsizer.gen_simple_downsizer.axi_downsizer_inst/USE_WRITE.write_addr_inst/USE_B_CHANNEL.cmd_b_queue/inst/fifo_gen_inst/inst_fifo_gen/gconvfifo.rf/grf.rf/rstblk/ngwrdrst.grst.g7serrst.gnsckt_wrst.rst_wr_reg2_inst/src_arst
    SLICE_X109Y50        FDPE                                         f  i_axi_dwidth_converter_dm_slave/inst/gen_downsizer.gen_simple_downsizer.axi_downsizer_inst/USE_WRITE.write_addr_inst/USE_B_CHANNEL.cmd_b_queue/inst/fifo_gen_inst/inst_fifo_gen/gconvfifo.rf/grf.rf/rstblk/ngwrdrst.grst.g7serrst.gnsckt_wrst.rst_wr_reg2_inst/arststages_ff_reg[1]/PRE
  -------------------------------------------------------------------    -------------------

                         (clock clk_out1_xlnx_clk_gen rise edge)
                                                      0.000     0.000 r  
    K17                                               0.000     0.000 r  clk_sys (IN)
                         net (fo=0)                   0.000     0.000    i_xlnx_clk_gen/inst/clk_in1
    K17                  IBUF (Prop_ibuf_I_O)         0.431     0.431 r  i_xlnx_clk_gen/inst/clkin1_ibufg/O
                         net (fo=1, routed)           0.480     0.911    i_xlnx_clk_gen/inst/clk_in1_xlnx_clk_gen
    MMCME2_ADV_X1Y2      MMCME2_ADV (Prop_mmcme2_adv_CLKIN1_CLKOUT0)
                                                     -3.407    -2.496 r  i_xlnx_clk_gen/inst/mmcm_adv_inst/CLKOUT0
                         net (fo=1, routed)           0.752    -1.744    i_xlnx_clk_gen/inst/clk_out1_xlnx_clk_gen
    BUFGCTRL_X0Y16       BUFG (Prop_bufg_I_O)         0.029    -1.715 r  i_xlnx_clk_gen/inst/clkout1_buf/O
                         net (fo=20013, routed)       0.906    -0.809    i_axi_dwidth_converter_dm_slave/inst/gen_downsizer.gen_simple_downsizer.axi_downsizer_inst/USE_WRITE.write_addr_inst/USE_B_CHANNEL.cmd_b_queue/inst/fifo_gen_inst/inst_fifo_gen/gconvfifo.rf/grf.rf/rstblk/ngwrdrst.grst.g7serrst.gnsckt_wrst.rst_wr_reg2_inst/dest_clk
    SLICE_X109Y50        FDPE                                         r  i_axi_dwidth_converter_dm_slave/inst/gen_downsizer.gen_simple_downsizer.axi_downsizer_inst/USE_WRITE.write_addr_inst/USE_B_CHANNEL.cmd_b_queue/inst/fifo_gen_inst/inst_fifo_gen/gconvfifo.rf/grf.rf/rstblk/ngwrdrst.grst.g7serrst.gnsckt_wrst.rst_wr_reg2_inst/arststages_ff_reg[1]/C





--------------------------------------------------------------------------------------
Path Group:  (none)
From Clock:  
  To Clock:  tck

Max Delay           258 Endpoints
Min Delay           258 Endpoints
--------------------------------------------------------------------------------------


Max Delay Paths
--------------------------------------------------------------------------------------
Slack:                    inf
  Source:                 trst_n
                            (input port)
  Destination:            i_dmi_jtag/i_dmi_jtag_tap/dtmcs_q_reg[abits][5]/CLR
                            (recovery check against rising-edge clock tck  {rise@0.000ns fall@50.000ns period=100.000ns})
  Path Group:             (none)
  Path Type:              Recovery (Max at Slow Process Corner)
  Data Path Delay:        6.512ns  (logic 1.694ns (26.017%)  route 4.817ns (73.983%))
  Logic Levels:           2  (IBUF=1 LUT1=1)
  Clock Path Skew:        6.323ns (DCD - SCD + CPR)
    Destination Clock Delay (DCD):    6.323ns
    Source Clock Delay      (SCD):    0.000ns
    Clock Pessimism Removal (CPR):    0.000ns
  Clock Uncertainty:      0.501ns  ((TSJ^2 + TIJ^2)^1/2 + DJ) / 2 + PE
    Total System Jitter     (TSJ):    0.050ns
    Total Input Jitter      (TIJ):    1.000ns
    Discrete Jitter          (DJ):    0.000ns
    Phase Error              (PE):    0.000ns
  Timing Exception:       False Path

    Location             Delay type                Incr(ns)  Path(ns)    Netlist Resource(s)
  -------------------------------------------------------------------    -------------------
    V13                                               0.000     0.000 r  trst_n (IN)
                         net (fo=0)                   0.000     0.000    trst_n
    V13                  IBUF (Prop_ibuf_I_O)         1.570     1.570 r  trst_n_IBUF_inst/O
                         net (fo=1, routed)           1.089     2.659    i_dmi_jtag/i_dmi_jtag_tap/trst_n_IBUF
    SLICE_X112Y93        LUT1 (Prop_lut1_I0_O)        0.124     2.783 f  i_dmi_jtag/i_dmi_jtag_tap/FSM_onehot_tap_state_q[15]_i_2/O
                         net (fo=258, routed)         3.728     6.512    i_dmi_jtag/i_dmi_jtag_tap/trst_n
    SLICE_X112Y84        FDCE                                         f  i_dmi_jtag/i_dmi_jtag_tap/dtmcs_q_reg[abits][5]/CLR
  -------------------------------------------------------------------    -------------------

                         (clock tck rise edge)        0.000     0.000 r  
    H15                                               0.000     0.000 r  tck (IN)
                         net (fo=0)                   0.000     0.000    tck
    H15                  IBUF (Prop_ibuf_I_O)         1.430     1.430 r  tck_IBUF_inst/O
                         net (fo=1, routed)           3.120     4.550    tck_IBUF
    BUFGCTRL_X0Y0        BUFG (Prop_bufg_I_O)         0.091     4.641 r  tck_IBUF_BUFG_inst/O
                         net (fo=258, routed)         1.683     6.323    i_dmi_jtag/i_dmi_jtag_tap/CLK
    SLICE_X112Y84        FDCE                                         r  i_dmi_jtag/i_dmi_jtag_tap/dtmcs_q_reg[abits][5]/C

Slack:                    inf
  Source:                 trst_n
                            (input port)
  Destination:            i_dmi_jtag/i_dmi_jtag_tap/dtmcs_q_reg[abits][6]/CLR
                            (recovery check against rising-edge clock tck  {rise@0.000ns fall@50.000ns period=100.000ns})
  Path Group:             (none)
  Path Type:              Recovery (Max at Slow Process Corner)
  Data Path Delay:        6.512ns  (logic 1.694ns (26.017%)  route 4.817ns (73.983%))
  Logic Levels:           2  (IBUF=1 LUT1=1)
  Clock Path Skew:        6.323ns (DCD - SCD + CPR)
    Destination Clock Delay (DCD):    6.323ns
    Source Clock Delay      (SCD):    0.000ns
    Clock Pessimism Removal (CPR):    0.000ns
  Clock Uncertainty:      0.501ns  ((TSJ^2 + TIJ^2)^1/2 + DJ) / 2 + PE
    Total System Jitter     (TSJ):    0.050ns
    Total Input Jitter      (TIJ):    1.000ns
    Discrete Jitter          (DJ):    0.000ns
    Phase Error              (PE):    0.000ns
  Timing Exception:       False Path

    Location             Delay type                Incr(ns)  Path(ns)    Netlist Resource(s)
  -------------------------------------------------------------------    -------------------
    V13                                               0.000     0.000 r  trst_n (IN)
                         net (fo=0)                   0.000     0.000    trst_n
    V13                  IBUF (Prop_ibuf_I_O)         1.570     1.570 r  trst_n_IBUF_inst/O
                         net (fo=1, routed)           1.089     2.659    i_dmi_jtag/i_dmi_jtag_tap/trst_n_IBUF
    SLICE_X112Y93        LUT1 (Prop_lut1_I0_O)        0.124     2.783 f  i_dmi_jtag/i_dmi_jtag_tap/FSM_onehot_tap_state_q[15]_i_2/O
                         net (fo=258, routed)         3.728     6.512    i_dmi_jtag/i_dmi_jtag_tap/trst_n
    SLICE_X112Y84        FDCE                                         f  i_dmi_jtag/i_dmi_jtag_tap/dtmcs_q_reg[abits][6]/CLR
  -------------------------------------------------------------------    -------------------

                         (clock tck rise edge)        0.000     0.000 r  
    H15                                               0.000     0.000 r  tck (IN)
                         net (fo=0)                   0.000     0.000    tck
    H15                  IBUF (Prop_ibuf_I_O)         1.430     1.430 r  tck_IBUF_inst/O
                         net (fo=1, routed)           3.120     4.550    tck_IBUF
    BUFGCTRL_X0Y0        BUFG (Prop_bufg_I_O)         0.091     4.641 r  tck_IBUF_BUFG_inst/O
                         net (fo=258, routed)         1.683     6.323    i_dmi_jtag/i_dmi_jtag_tap/CLK
    SLICE_X112Y84        FDCE                                         r  i_dmi_jtag/i_dmi_jtag_tap/dtmcs_q_reg[abits][6]/C

Slack:                    inf
  Source:                 trst_n
                            (input port)
  Destination:            i_dmi_jtag/i_dmi_jtag_tap/dtmcs_q_reg[abits][7]/CLR
                            (recovery check against rising-edge clock tck  {rise@0.000ns fall@50.000ns period=100.000ns})
  Path Group:             (none)
  Path Type:              Recovery (Max at Slow Process Corner)
  Data Path Delay:        6.512ns  (logic 1.694ns (26.017%)  route 4.817ns (73.983%))
  Logic Levels:           2  (IBUF=1 LUT1=1)
  Clock Path Skew:        6.323ns (DCD - SCD + CPR)
    Destination Clock Delay (DCD):    6.323ns
    Source Clock Delay      (SCD):    0.000ns
    Clock Pessimism Removal (CPR):    0.000ns
  Clock Uncertainty:      0.501ns  ((TSJ^2 + TIJ^2)^1/2 + DJ) / 2 + PE
    Total System Jitter     (TSJ):    0.050ns
    Total Input Jitter      (TIJ):    1.000ns
    Discrete Jitter          (DJ):    0.000ns
    Phase Error              (PE):    0.000ns
  Timing Exception:       False Path

    Location             Delay type                Incr(ns)  Path(ns)    Netlist Resource(s)
  -------------------------------------------------------------------    -------------------
    V13                                               0.000     0.000 r  trst_n (IN)
                         net (fo=0)                   0.000     0.000    trst_n
    V13                  IBUF (Prop_ibuf_I_O)         1.570     1.570 r  trst_n_IBUF_inst/O
                         net (fo=1, routed)           1.089     2.659    i_dmi_jtag/i_dmi_jtag_tap/trst_n_IBUF
    SLICE_X112Y93        LUT1 (Prop_lut1_I0_O)        0.124     2.783 f  i_dmi_jtag/i_dmi_jtag_tap/FSM_onehot_tap_state_q[15]_i_2/O
                         net (fo=258, routed)         3.728     6.512    i_dmi_jtag/i_dmi_jtag_tap/trst_n
    SLICE_X112Y84        FDCE                                         f  i_dmi_jtag/i_dmi_jtag_tap/dtmcs_q_reg[abits][7]/CLR
  -------------------------------------------------------------------    -------------------

                         (clock tck rise edge)        0.000     0.000 r  
    H15                                               0.000     0.000 r  tck (IN)
                         net (fo=0)                   0.000     0.000    tck
    H15                  IBUF (Prop_ibuf_I_O)         1.430     1.430 r  tck_IBUF_inst/O
                         net (fo=1, routed)           3.120     4.550    tck_IBUF
    BUFGCTRL_X0Y0        BUFG (Prop_bufg_I_O)         0.091     4.641 r  tck_IBUF_BUFG_inst/O
                         net (fo=258, routed)         1.683     6.323    i_dmi_jtag/i_dmi_jtag_tap/CLK
    SLICE_X112Y84        FDCE                                         r  i_dmi_jtag/i_dmi_jtag_tap/dtmcs_q_reg[abits][7]/C

Slack:                    inf
  Source:                 trst_n
                            (input port)
  Destination:            i_dmi_jtag/i_dmi_jtag_tap/dtmcs_q_reg[abits][8]/CLR
                            (recovery check against rising-edge clock tck  {rise@0.000ns fall@50.000ns period=100.000ns})
  Path Group:             (none)
  Path Type:              Recovery (Max at Slow Process Corner)
  Data Path Delay:        6.512ns  (logic 1.694ns (26.017%)  route 4.817ns (73.983%))
  Logic Levels:           2  (IBUF=1 LUT1=1)
  Clock Path Skew:        6.323ns (DCD - SCD + CPR)
    Destination Clock Delay (DCD):    6.323ns
    Source Clock Delay      (SCD):    0.000ns
    Clock Pessimism Removal (CPR):    0.000ns
  Clock Uncertainty:      0.501ns  ((TSJ^2 + TIJ^2)^1/2 + DJ) / 2 + PE
    Total System Jitter     (TSJ):    0.050ns
    Total Input Jitter      (TIJ):    1.000ns
    Discrete Jitter          (DJ):    0.000ns
    Phase Error              (PE):    0.000ns
  Timing Exception:       False Path

    Location             Delay type                Incr(ns)  Path(ns)    Netlist Resource(s)
  -------------------------------------------------------------------    -------------------
    V13                                               0.000     0.000 r  trst_n (IN)
                         net (fo=0)                   0.000     0.000    trst_n
    V13                  IBUF (Prop_ibuf_I_O)         1.570     1.570 r  trst_n_IBUF_inst/O
                         net (fo=1, routed)           1.089     2.659    i_dmi_jtag/i_dmi_jtag_tap/trst_n_IBUF
    SLICE_X112Y93        LUT1 (Prop_lut1_I0_O)        0.124     2.783 f  i_dmi_jtag/i_dmi_jtag_tap/FSM_onehot_tap_state_q[15]_i_2/O
                         net (fo=258, routed)         3.728     6.512    i_dmi_jtag/i_dmi_jtag_tap/trst_n
    SLICE_X112Y84        FDCE                                         f  i_dmi_jtag/i_dmi_jtag_tap/dtmcs_q_reg[abits][8]/CLR
  -------------------------------------------------------------------    -------------------

                         (clock tck rise edge)        0.000     0.000 r  
    H15                                               0.000     0.000 r  tck (IN)
                         net (fo=0)                   0.000     0.000    tck
    H15                  IBUF (Prop_ibuf_I_O)         1.430     1.430 r  tck_IBUF_inst/O
                         net (fo=1, routed)           3.120     4.550    tck_IBUF
    BUFGCTRL_X0Y0        BUFG (Prop_bufg_I_O)         0.091     4.641 r  tck_IBUF_BUFG_inst/O
                         net (fo=258, routed)         1.683     6.323    i_dmi_jtag/i_dmi_jtag_tap/CLK
    SLICE_X112Y84        FDCE                                         r  i_dmi_jtag/i_dmi_jtag_tap/dtmcs_q_reg[abits][8]/C

Slack:                    inf
  Source:                 trst_n
                            (input port)
  Destination:            i_dmi_jtag/i_dmi_jtag_tap/dtmcs_q_reg[zero1][18]/CLR
                            (recovery check against rising-edge clock tck  {rise@0.000ns fall@50.000ns period=100.000ns})
  Path Group:             (none)
  Path Type:              Recovery (Max at Slow Process Corner)
  Data Path Delay:        6.512ns  (logic 1.694ns (26.017%)  route 4.817ns (73.983%))
  Logic Levels:           2  (IBUF=1 LUT1=1)
  Clock Path Skew:        6.323ns (DCD - SCD + CPR)
    Destination Clock Delay (DCD):    6.323ns
    Source Clock Delay      (SCD):    0.000ns
    Clock Pessimism Removal (CPR):    0.000ns
  Clock Uncertainty:      0.501ns  ((TSJ^2 + TIJ^2)^1/2 + DJ) / 2 + PE
    Total System Jitter     (TSJ):    0.050ns
    Total Input Jitter      (TIJ):    1.000ns
    Discrete Jitter          (DJ):    0.000ns
    Phase Error              (PE):    0.000ns
  Timing Exception:       False Path

    Location             Delay type                Incr(ns)  Path(ns)    Netlist Resource(s)
  -------------------------------------------------------------------    -------------------
    V13                                               0.000     0.000 r  trst_n (IN)
                         net (fo=0)                   0.000     0.000    trst_n
    V13                  IBUF (Prop_ibuf_I_O)         1.570     1.570 r  trst_n_IBUF_inst/O
                         net (fo=1, routed)           1.089     2.659    i_dmi_jtag/i_dmi_jtag_tap/trst_n_IBUF
    SLICE_X112Y93        LUT1 (Prop_lut1_I0_O)        0.124     2.783 f  i_dmi_jtag/i_dmi_jtag_tap/FSM_onehot_tap_state_q[15]_i_2/O
                         net (fo=258, routed)         3.728     6.512    i_dmi_jtag/i_dmi_jtag_tap/trst_n
    SLICE_X112Y84        FDCE                                         f  i_dmi_jtag/i_dmi_jtag_tap/dtmcs_q_reg[zero1][18]/CLR
  -------------------------------------------------------------------    -------------------

                         (clock tck rise edge)        0.000     0.000 r  
    H15                                               0.000     0.000 r  tck (IN)
                         net (fo=0)                   0.000     0.000    tck
    H15                  IBUF (Prop_ibuf_I_O)         1.430     1.430 r  tck_IBUF_inst/O
                         net (fo=1, routed)           3.120     4.550    tck_IBUF
    BUFGCTRL_X0Y0        BUFG (Prop_bufg_I_O)         0.091     4.641 r  tck_IBUF_BUFG_inst/O
                         net (fo=258, routed)         1.683     6.323    i_dmi_jtag/i_dmi_jtag_tap/CLK
    SLICE_X112Y84        FDCE                                         r  i_dmi_jtag/i_dmi_jtag_tap/dtmcs_q_reg[zero1][18]/C

Slack:                    inf
  Source:                 trst_n
                            (input port)
  Destination:            i_dmi_jtag/i_dmi_jtag_tap/dtmcs_q_reg[zero1][19]/CLR
                            (recovery check against rising-edge clock tck  {rise@0.000ns fall@50.000ns period=100.000ns})
  Path Group:             (none)
  Path Type:              Recovery (Max at Slow Process Corner)
  Data Path Delay:        6.512ns  (logic 1.694ns (26.017%)  route 4.817ns (73.983%))
  Logic Levels:           2  (IBUF=1 LUT1=1)
  Clock Path Skew:        6.323ns (DCD - SCD + CPR)
    Destination Clock Delay (DCD):    6.323ns
    Source Clock Delay      (SCD):    0.000ns
    Clock Pessimism Removal (CPR):    0.000ns
  Clock Uncertainty:      0.501ns  ((TSJ^2 + TIJ^2)^1/2 + DJ) / 2 + PE
    Total System Jitter     (TSJ):    0.050ns
    Total Input Jitter      (TIJ):    1.000ns
    Discrete Jitter          (DJ):    0.000ns
    Phase Error              (PE):    0.000ns
  Timing Exception:       False Path

    Location             Delay type                Incr(ns)  Path(ns)    Netlist Resource(s)
  -------------------------------------------------------------------    -------------------
    V13                                               0.000     0.000 r  trst_n (IN)
                         net (fo=0)                   0.000     0.000    trst_n
    V13                  IBUF (Prop_ibuf_I_O)         1.570     1.570 r  trst_n_IBUF_inst/O
                         net (fo=1, routed)           1.089     2.659    i_dmi_jtag/i_dmi_jtag_tap/trst_n_IBUF
    SLICE_X112Y93        LUT1 (Prop_lut1_I0_O)        0.124     2.783 f  i_dmi_jtag/i_dmi_jtag_tap/FSM_onehot_tap_state_q[15]_i_2/O
                         net (fo=258, routed)         3.728     6.512    i_dmi_jtag/i_dmi_jtag_tap/trst_n
    SLICE_X112Y84        FDCE                                         f  i_dmi_jtag/i_dmi_jtag_tap/dtmcs_q_reg[zero1][19]/CLR
  -------------------------------------------------------------------    -------------------

                         (clock tck rise edge)        0.000     0.000 r  
    H15                                               0.000     0.000 r  tck (IN)
                         net (fo=0)                   0.000     0.000    tck
    H15                  IBUF (Prop_ibuf_I_O)         1.430     1.430 r  tck_IBUF_inst/O
                         net (fo=1, routed)           3.120     4.550    tck_IBUF
    BUFGCTRL_X0Y0        BUFG (Prop_bufg_I_O)         0.091     4.641 r  tck_IBUF_BUFG_inst/O
                         net (fo=258, routed)         1.683     6.323    i_dmi_jtag/i_dmi_jtag_tap/CLK
    SLICE_X112Y84        FDCE                                         r  i_dmi_jtag/i_dmi_jtag_tap/dtmcs_q_reg[zero1][19]/C

Slack:                    inf
  Source:                 trst_n
                            (input port)
  Destination:            i_dmi_jtag/i_dmi_jtag_tap/dtmcs_q_reg[zero1][20]/CLR
                            (recovery check against rising-edge clock tck  {rise@0.000ns fall@50.000ns period=100.000ns})
  Path Group:             (none)
  Path Type:              Recovery (Max at Slow Process Corner)
  Data Path Delay:        6.512ns  (logic 1.694ns (26.017%)  route 4.817ns (73.983%))
  Logic Levels:           2  (IBUF=1 LUT1=1)
  Clock Path Skew:        6.323ns (DCD - SCD + CPR)
    Destination Clock Delay (DCD):    6.323ns
    Source Clock Delay      (SCD):    0.000ns
    Clock Pessimism Removal (CPR):    0.000ns
  Clock Uncertainty:      0.501ns  ((TSJ^2 + TIJ^2)^1/2 + DJ) / 2 + PE
    Total System Jitter     (TSJ):    0.050ns
    Total Input Jitter      (TIJ):    1.000ns
    Discrete Jitter          (DJ):    0.000ns
    Phase Error              (PE):    0.000ns
  Timing Exception:       False Path

    Location             Delay type                Incr(ns)  Path(ns)    Netlist Resource(s)
  -------------------------------------------------------------------    -------------------
    V13                                               0.000     0.000 r  trst_n (IN)
                         net (fo=0)                   0.000     0.000    trst_n
    V13                  IBUF (Prop_ibuf_I_O)         1.570     1.570 r  trst_n_IBUF_inst/O
                         net (fo=1, routed)           1.089     2.659    i_dmi_jtag/i_dmi_jtag_tap/trst_n_IBUF
    SLICE_X112Y93        LUT1 (Prop_lut1_I0_O)        0.124     2.783 f  i_dmi_jtag/i_dmi_jtag_tap/FSM_onehot_tap_state_q[15]_i_2/O
                         net (fo=258, routed)         3.728     6.512    i_dmi_jtag/i_dmi_jtag_tap/trst_n
    SLICE_X112Y84        FDCE                                         f  i_dmi_jtag/i_dmi_jtag_tap/dtmcs_q_reg[zero1][20]/CLR
  -------------------------------------------------------------------    -------------------

                         (clock tck rise edge)        0.000     0.000 r  
    H15                                               0.000     0.000 r  tck (IN)
                         net (fo=0)                   0.000     0.000    tck
    H15                  IBUF (Prop_ibuf_I_O)         1.430     1.430 r  tck_IBUF_inst/O
                         net (fo=1, routed)           3.120     4.550    tck_IBUF
    BUFGCTRL_X0Y0        BUFG (Prop_bufg_I_O)         0.091     4.641 r  tck_IBUF_BUFG_inst/O
                         net (fo=258, routed)         1.683     6.323    i_dmi_jtag/i_dmi_jtag_tap/CLK
    SLICE_X112Y84        FDCE                                         r  i_dmi_jtag/i_dmi_jtag_tap/dtmcs_q_reg[zero1][20]/C

Slack:                    inf
  Source:                 trst_n
                            (input port)
  Destination:            i_dmi_jtag/i_dmi_jtag_tap/dtmcs_q_reg[zero1][21]/CLR
                            (recovery check against rising-edge clock tck  {rise@0.000ns fall@50.000ns period=100.000ns})
  Path Group:             (none)
  Path Type:              Recovery (Max at Slow Process Corner)
  Data Path Delay:        6.512ns  (logic 1.694ns (26.017%)  route 4.817ns (73.983%))
  Logic Levels:           2  (IBUF=1 LUT1=1)
  Clock Path Skew:        6.323ns (DCD - SCD + CPR)
    Destination Clock Delay (DCD):    6.323ns
    Source Clock Delay      (SCD):    0.000ns
    Clock Pessimism Removal (CPR):    0.000ns
  Clock Uncertainty:      0.501ns  ((TSJ^2 + TIJ^2)^1/2 + DJ) / 2 + PE
    Total System Jitter     (TSJ):    0.050ns
    Total Input Jitter      (TIJ):    1.000ns
    Discrete Jitter          (DJ):    0.000ns
    Phase Error              (PE):    0.000ns
  Timing Exception:       False Path

    Location             Delay type                Incr(ns)  Path(ns)    Netlist Resource(s)
  -------------------------------------------------------------------    -------------------
    V13                                               0.000     0.000 r  trst_n (IN)
                         net (fo=0)                   0.000     0.000    trst_n
    V13                  IBUF (Prop_ibuf_I_O)         1.570     1.570 r  trst_n_IBUF_inst/O
                         net (fo=1, routed)           1.089     2.659    i_dmi_jtag/i_dmi_jtag_tap/trst_n_IBUF
    SLICE_X112Y93        LUT1 (Prop_lut1_I0_O)        0.124     2.783 f  i_dmi_jtag/i_dmi_jtag_tap/FSM_onehot_tap_state_q[15]_i_2/O
                         net (fo=258, routed)         3.728     6.512    i_dmi_jtag/i_dmi_jtag_tap/trst_n
    SLICE_X112Y84        FDCE                                         f  i_dmi_jtag/i_dmi_jtag_tap/dtmcs_q_reg[zero1][21]/CLR
  -------------------------------------------------------------------    -------------------

                         (clock tck rise edge)        0.000     0.000 r  
    H15                                               0.000     0.000 r  tck (IN)
                         net (fo=0)                   0.000     0.000    tck
    H15                  IBUF (Prop_ibuf_I_O)         1.430     1.430 r  tck_IBUF_inst/O
                         net (fo=1, routed)           3.120     4.550    tck_IBUF
    BUFGCTRL_X0Y0        BUFG (Prop_bufg_I_O)         0.091     4.641 r  tck_IBUF_BUFG_inst/O
                         net (fo=258, routed)         1.683     6.323    i_dmi_jtag/i_dmi_jtag_tap/CLK
    SLICE_X112Y84        FDCE                                         r  i_dmi_jtag/i_dmi_jtag_tap/dtmcs_q_reg[zero1][21]/C

Slack:                    inf
  Source:                 trst_n
                            (input port)
  Destination:            i_dmi_jtag/i_dmi_cdc/i_cdc_resp/i_dst/data_dst_q_reg[resp][0]/CLR
                            (recovery check against rising-edge clock tck  {rise@0.000ns fall@50.000ns period=100.000ns})
  Path Group:             (none)
  Path Type:              Recovery (Max at Slow Process Corner)
  Data Path Delay:        6.502ns  (logic 1.694ns (26.056%)  route 4.808ns (73.944%))
  Logic Levels:           2  (IBUF=1 LUT1=1)
  Clock Path Skew:        6.321ns (DCD - SCD + CPR)
    Destination Clock Delay (DCD):    6.321ns
    Source Clock Delay      (SCD):    0.000ns
    Clock Pessimism Removal (CPR):    0.000ns
  Clock Uncertainty:      0.501ns  ((TSJ^2 + TIJ^2)^1/2 + DJ) / 2 + PE
    Total System Jitter     (TSJ):    0.050ns
    Total Input Jitter      (TIJ):    1.000ns
    Discrete Jitter          (DJ):    0.000ns
    Phase Error              (PE):    0.000ns
  Timing Exception:       False Path

    Location             Delay type                Incr(ns)  Path(ns)    Netlist Resource(s)
  -------------------------------------------------------------------    -------------------
    V13                                               0.000     0.000 r  trst_n (IN)
                         net (fo=0)                   0.000     0.000    trst_n
    V13                  IBUF (Prop_ibuf_I_O)         1.570     1.570 r  trst_n_IBUF_inst/O
                         net (fo=1, routed)           1.089     2.659    i_dmi_jtag/i_dmi_jtag_tap/trst_n_IBUF
    SLICE_X112Y93        LUT1 (Prop_lut1_I0_O)        0.124     2.783 f  i_dmi_jtag/i_dmi_jtag_tap/FSM_onehot_tap_state_q[15]_i_2/O
                         net (fo=258, routed)         3.719     6.502    i_dmi_jtag/i_dmi_cdc/i_cdc_resp/i_dst/data_dst_q_reg[resp][0]_0
    SLICE_X110Y82        FDCE                                         f  i_dmi_jtag/i_dmi_cdc/i_cdc_resp/i_dst/data_dst_q_reg[resp][0]/CLR
  -------------------------------------------------------------------    -------------------

                         (clock tck rise edge)        0.000     0.000 r  
    H15                                               0.000     0.000 r  tck (IN)
                         net (fo=0)                   0.000     0.000    tck
    H15                  IBUF (Prop_ibuf_I_O)         1.430     1.430 r  tck_IBUF_inst/O
                         net (fo=1, routed)           3.120     4.550    tck_IBUF
    BUFGCTRL_X0Y0        BUFG (Prop_bufg_I_O)         0.091     4.641 r  tck_IBUF_BUFG_inst/O
                         net (fo=258, routed)         1.681     6.321    i_dmi_jtag/i_dmi_cdc/i_cdc_resp/i_dst/CLK
    SLICE_X110Y82        FDCE                                         r  i_dmi_jtag/i_dmi_cdc/i_cdc_resp/i_dst/data_dst_q_reg[resp][0]/C

Slack:                    inf
  Source:                 trst_n
                            (input port)
  Destination:            i_dmi_jtag/i_dmi_cdc/i_cdc_resp/i_dst/data_dst_q_reg[resp][1]/CLR
                            (recovery check against rising-edge clock tck  {rise@0.000ns fall@50.000ns period=100.000ns})
  Path Group:             (none)
  Path Type:              Recovery (Max at Slow Process Corner)
  Data Path Delay:        6.502ns  (logic 1.694ns (26.056%)  route 4.808ns (73.944%))
  Logic Levels:           2  (IBUF=1 LUT1=1)
  Clock Path Skew:        6.321ns (DCD - SCD + CPR)
    Destination Clock Delay (DCD):    6.321ns
    Source Clock Delay      (SCD):    0.000ns
    Clock Pessimism Removal (CPR):    0.000ns
  Clock Uncertainty:      0.501ns  ((TSJ^2 + TIJ^2)^1/2 + DJ) / 2 + PE
    Total System Jitter     (TSJ):    0.050ns
    Total Input Jitter      (TIJ):    1.000ns
    Discrete Jitter          (DJ):    0.000ns
    Phase Error              (PE):    0.000ns
  Timing Exception:       False Path

    Location             Delay type                Incr(ns)  Path(ns)    Netlist Resource(s)
  -------------------------------------------------------------------    -------------------
    V13                                               0.000     0.000 r  trst_n (IN)
                         net (fo=0)                   0.000     0.000    trst_n
    V13                  IBUF (Prop_ibuf_I_O)         1.570     1.570 r  trst_n_IBUF_inst/O
                         net (fo=1, routed)           1.089     2.659    i_dmi_jtag/i_dmi_jtag_tap/trst_n_IBUF
    SLICE_X112Y93        LUT1 (Prop_lut1_I0_O)        0.124     2.783 f  i_dmi_jtag/i_dmi_jtag_tap/FSM_onehot_tap_state_q[15]_i_2/O
                         net (fo=258, routed)         3.719     6.502    i_dmi_jtag/i_dmi_cdc/i_cdc_resp/i_dst/data_dst_q_reg[resp][0]_0
    SLICE_X110Y82        FDCE                                         f  i_dmi_jtag/i_dmi_cdc/i_cdc_resp/i_dst/data_dst_q_reg[resp][1]/CLR
  -------------------------------------------------------------------    -------------------

                         (clock tck rise edge)        0.000     0.000 r  
    H15                                               0.000     0.000 r  tck (IN)
                         net (fo=0)                   0.000     0.000    tck
    H15                  IBUF (Prop_ibuf_I_O)         1.430     1.430 r  tck_IBUF_inst/O
                         net (fo=1, routed)           3.120     4.550    tck_IBUF
    BUFGCTRL_X0Y0        BUFG (Prop_bufg_I_O)         0.091     4.641 r  tck_IBUF_BUFG_inst/O
                         net (fo=258, routed)         1.681     6.321    i_dmi_jtag/i_dmi_cdc/i_cdc_resp/i_dst/CLK
    SLICE_X110Y82        FDCE                                         r  i_dmi_jtag/i_dmi_cdc/i_cdc_resp/i_dst/data_dst_q_reg[resp][1]/C





Min Delay Paths
--------------------------------------------------------------------------------------
Slack:                    inf
  Source:                 trst_n
                            (input port)
  Destination:            i_dmi_jtag/i_dmi_jtag_tap/td_o_reg/CLR
                            (removal check against rising-edge clock tck  {rise@0.000ns fall@50.000ns period=100.000ns})
  Path Group:             (none)
  Path Type:              Removal (Min at Fast Process Corner)
  Data Path Delay:        1.040ns  (logic 0.382ns (36.751%)  route 0.658ns (63.249%))
  Logic Levels:           2  (IBUF=1 LUT1=1)
  Clock Path Skew:        3.153ns (DCD - SCD - CPR)
    Destination Clock Delay (DCD):    3.153ns = ( 53.153 - 50.000 ) 
    Source Clock Delay      (SCD):    0.000ns
    Clock Pessimism Removal (CPR):    -0.000ns
  Timing Exception:       False Path

    Location             Delay type                Incr(ns)  Path(ns)    Netlist Resource(s)
  -------------------------------------------------------------------    -------------------
    V13                                               0.000     0.000 r  trst_n (IN)
                         net (fo=0)                   0.000     0.000    trst_n
    V13                  IBUF (Prop_ibuf_I_O)         0.337     0.337 r  trst_n_IBUF_inst/O
                         net (fo=1, routed)           0.403     0.740    i_dmi_jtag/i_dmi_jtag_tap/trst_n_IBUF
    SLICE_X112Y93        LUT1 (Prop_lut1_I0_O)        0.045     0.785 f  i_dmi_jtag/i_dmi_jtag_tap/FSM_onehot_tap_state_q[15]_i_2/O
                         net (fo=258, routed)         0.255     1.040    i_dmi_jtag/i_dmi_jtag_tap/trst_n
    SLICE_X108Y91        FDCE                                         f  i_dmi_jtag/i_dmi_jtag_tap/td_o_reg/CLR
  -------------------------------------------------------------------    -------------------

                         (clock tck fall edge)       50.000    50.000 f  
    H15                                               0.000    50.000 f  tck (IN)
                         net (fo=0)                   0.000    50.000    tck
    H15                  IBUF (Prop_ibuf_I_O)         0.456    50.456 f  tck_IBUF_inst/O
                         net (fo=1, routed)           1.762    52.218    tck_IBUF
    BUFGCTRL_X0Y0        BUFG (Prop_bufg_I_O)         0.029    52.247 f  tck_IBUF_BUFG_inst/O
                         net (fo=258, routed)         0.906    53.153    i_dmi_jtag/i_dmi_jtag_tap/tck_ni
    SLICE_X108Y91        FDCE                                         r  i_dmi_jtag/i_dmi_jtag_tap/td_o_reg/C  (IS_INVERTED)

Slack:                    inf
  Source:                 trst_n
                            (input port)
  Destination:            i_dmi_jtag/i_dmi_jtag_tap/FSM_onehot_tap_state_q_reg[11]/CLR
                            (removal check against rising-edge clock tck  {rise@0.000ns fall@50.000ns period=100.000ns})
  Path Group:             (none)
  Path Type:              Removal (Min at Fast Process Corner)
  Data Path Delay:        1.048ns  (logic 0.382ns (36.472%)  route 0.666ns (63.528%))
  Logic Levels:           2  (IBUF=1 LUT1=1)
  Clock Path Skew:        3.156ns (DCD - SCD - CPR)
    Destination Clock Delay (DCD):    3.156ns
    Source Clock Delay      (SCD):    0.000ns
    Clock Pessimism Removal (CPR):    -0.000ns
  Timing Exception:       False Path

    Location             Delay type                Incr(ns)  Path(ns)    Netlist Resource(s)
  -------------------------------------------------------------------    -------------------
    V13                                               0.000     0.000 r  trst_n (IN)
                         net (fo=0)                   0.000     0.000    trst_n
    V13                  IBUF (Prop_ibuf_I_O)         0.337     0.337 r  trst_n_IBUF_inst/O
                         net (fo=1, routed)           0.403     0.740    i_dmi_jtag/i_dmi_jtag_tap/trst_n_IBUF
    SLICE_X112Y93        LUT1 (Prop_lut1_I0_O)        0.045     0.785 f  i_dmi_jtag/i_dmi_jtag_tap/FSM_onehot_tap_state_q[15]_i_2/O
                         net (fo=258, routed)         0.263     1.048    i_dmi_jtag/i_dmi_jtag_tap/trst_n
    SLICE_X110Y92        FDCE                                         f  i_dmi_jtag/i_dmi_jtag_tap/FSM_onehot_tap_state_q_reg[11]/CLR
  -------------------------------------------------------------------    -------------------

                         (clock tck rise edge)        0.000     0.000 r  
    H15                                               0.000     0.000 r  tck (IN)
                         net (fo=0)                   0.000     0.000    tck
    H15                  IBUF (Prop_ibuf_I_O)         0.456     0.456 r  tck_IBUF_inst/O
                         net (fo=1, routed)           1.762     2.218    tck_IBUF
    BUFGCTRL_X0Y0        BUFG (Prop_bufg_I_O)         0.029     2.247 r  tck_IBUF_BUFG_inst/O
                         net (fo=258, routed)         0.909     3.156    i_dmi_jtag/i_dmi_jtag_tap/CLK
    SLICE_X110Y92        FDCE                                         r  i_dmi_jtag/i_dmi_jtag_tap/FSM_onehot_tap_state_q_reg[11]/C

Slack:                    inf
  Source:                 trst_n
                            (input port)
  Destination:            i_dmi_jtag/i_dmi_jtag_tap/FSM_onehot_tap_state_q_reg[12]/CLR
                            (removal check against rising-edge clock tck  {rise@0.000ns fall@50.000ns period=100.000ns})
  Path Group:             (none)
  Path Type:              Removal (Min at Fast Process Corner)
  Data Path Delay:        1.048ns  (logic 0.382ns (36.472%)  route 0.666ns (63.528%))
  Logic Levels:           2  (IBUF=1 LUT1=1)
  Clock Path Skew:        3.156ns (DCD - SCD - CPR)
    Destination Clock Delay (DCD):    3.156ns
    Source Clock Delay      (SCD):    0.000ns
    Clock Pessimism Removal (CPR):    -0.000ns
  Timing Exception:       False Path

    Location             Delay type                Incr(ns)  Path(ns)    Netlist Resource(s)
  -------------------------------------------------------------------    -------------------
    V13                                               0.000     0.000 r  trst_n (IN)
                         net (fo=0)                   0.000     0.000    trst_n
    V13                  IBUF (Prop_ibuf_I_O)         0.337     0.337 r  trst_n_IBUF_inst/O
                         net (fo=1, routed)           0.403     0.740    i_dmi_jtag/i_dmi_jtag_tap/trst_n_IBUF
    SLICE_X112Y93        LUT1 (Prop_lut1_I0_O)        0.045     0.785 f  i_dmi_jtag/i_dmi_jtag_tap/FSM_onehot_tap_state_q[15]_i_2/O
                         net (fo=258, routed)         0.263     1.048    i_dmi_jtag/i_dmi_jtag_tap/trst_n
    SLICE_X110Y92        FDCE                                         f  i_dmi_jtag/i_dmi_jtag_tap/FSM_onehot_tap_state_q_reg[12]/CLR
  -------------------------------------------------------------------    -------------------

                         (clock tck rise edge)        0.000     0.000 r  
    H15                                               0.000     0.000 r  tck (IN)
                         net (fo=0)                   0.000     0.000    tck
    H15                  IBUF (Prop_ibuf_I_O)         0.456     0.456 r  tck_IBUF_inst/O
                         net (fo=1, routed)           1.762     2.218    tck_IBUF
    BUFGCTRL_X0Y0        BUFG (Prop_bufg_I_O)         0.029     2.247 r  tck_IBUF_BUFG_inst/O
                         net (fo=258, routed)         0.909     3.156    i_dmi_jtag/i_dmi_jtag_tap/CLK
    SLICE_X110Y92        FDCE                                         r  i_dmi_jtag/i_dmi_jtag_tap/FSM_onehot_tap_state_q_reg[12]/C

Slack:                    inf
  Source:                 trst_n
                            (input port)
  Destination:            i_dmi_jtag/i_dmi_jtag_tap/FSM_onehot_tap_state_q_reg[13]/CLR
                            (removal check against rising-edge clock tck  {rise@0.000ns fall@50.000ns period=100.000ns})
  Path Group:             (none)
  Path Type:              Removal (Min at Fast Process Corner)
  Data Path Delay:        1.048ns  (logic 0.382ns (36.472%)  route 0.666ns (63.528%))
  Logic Levels:           2  (IBUF=1 LUT1=1)
  Clock Path Skew:        3.156ns (DCD - SCD - CPR)
    Destination Clock Delay (DCD):    3.156ns
    Source Clock Delay      (SCD):    0.000ns
    Clock Pessimism Removal (CPR):    -0.000ns
  Timing Exception:       False Path

    Location             Delay type                Incr(ns)  Path(ns)    Netlist Resource(s)
  -------------------------------------------------------------------    -------------------
    V13                                               0.000     0.000 r  trst_n (IN)
                         net (fo=0)                   0.000     0.000    trst_n
    V13                  IBUF (Prop_ibuf_I_O)         0.337     0.337 r  trst_n_IBUF_inst/O
                         net (fo=1, routed)           0.403     0.740    i_dmi_jtag/i_dmi_jtag_tap/trst_n_IBUF
    SLICE_X112Y93        LUT1 (Prop_lut1_I0_O)        0.045     0.785 f  i_dmi_jtag/i_dmi_jtag_tap/FSM_onehot_tap_state_q[15]_i_2/O
                         net (fo=258, routed)         0.263     1.048    i_dmi_jtag/i_dmi_jtag_tap/trst_n
    SLICE_X110Y92        FDCE                                         f  i_dmi_jtag/i_dmi_jtag_tap/FSM_onehot_tap_state_q_reg[13]/CLR
  -------------------------------------------------------------------    -------------------

                         (clock tck rise edge)        0.000     0.000 r  
    H15                                               0.000     0.000 r  tck (IN)
                         net (fo=0)                   0.000     0.000    tck
    H15                  IBUF (Prop_ibuf_I_O)         0.456     0.456 r  tck_IBUF_inst/O
                         net (fo=1, routed)           1.762     2.218    tck_IBUF
    BUFGCTRL_X0Y0        BUFG (Prop_bufg_I_O)         0.029     2.247 r  tck_IBUF_BUFG_inst/O
                         net (fo=258, routed)         0.909     3.156    i_dmi_jtag/i_dmi_jtag_tap/CLK
    SLICE_X110Y92        FDCE                                         r  i_dmi_jtag/i_dmi_jtag_tap/FSM_onehot_tap_state_q_reg[13]/C

Slack:                    inf
  Source:                 trst_n
                            (input port)
  Destination:            i_dmi_jtag/i_dmi_jtag_tap/FSM_onehot_tap_state_q_reg[15]/CLR
                            (removal check against rising-edge clock tck  {rise@0.000ns fall@50.000ns period=100.000ns})
  Path Group:             (none)
  Path Type:              Removal (Min at Fast Process Corner)
  Data Path Delay:        1.048ns  (logic 0.382ns (36.472%)  route 0.666ns (63.528%))
  Logic Levels:           2  (IBUF=1 LUT1=1)
  Clock Path Skew:        3.156ns (DCD - SCD - CPR)
    Destination Clock Delay (DCD):    3.156ns
    Source Clock Delay      (SCD):    0.000ns
    Clock Pessimism Removal (CPR):    -0.000ns
  Timing Exception:       False Path

    Location             Delay type                Incr(ns)  Path(ns)    Netlist Resource(s)
  -------------------------------------------------------------------    -------------------
    V13                                               0.000     0.000 r  trst_n (IN)
                         net (fo=0)                   0.000     0.000    trst_n
    V13                  IBUF (Prop_ibuf_I_O)         0.337     0.337 r  trst_n_IBUF_inst/O
                         net (fo=1, routed)           0.403     0.740    i_dmi_jtag/i_dmi_jtag_tap/trst_n_IBUF
    SLICE_X112Y93        LUT1 (Prop_lut1_I0_O)        0.045     0.785 f  i_dmi_jtag/i_dmi_jtag_tap/FSM_onehot_tap_state_q[15]_i_2/O
                         net (fo=258, routed)         0.263     1.048    i_dmi_jtag/i_dmi_jtag_tap/trst_n
    SLICE_X110Y92        FDCE                                         f  i_dmi_jtag/i_dmi_jtag_tap/FSM_onehot_tap_state_q_reg[15]/CLR
  -------------------------------------------------------------------    -------------------

                         (clock tck rise edge)        0.000     0.000 r  
    H15                                               0.000     0.000 r  tck (IN)
                         net (fo=0)                   0.000     0.000    tck
    H15                  IBUF (Prop_ibuf_I_O)         0.456     0.456 r  tck_IBUF_inst/O
                         net (fo=1, routed)           1.762     2.218    tck_IBUF
    BUFGCTRL_X0Y0        BUFG (Prop_bufg_I_O)         0.029     2.247 r  tck_IBUF_BUFG_inst/O
                         net (fo=258, routed)         0.909     3.156    i_dmi_jtag/i_dmi_jtag_tap/CLK
    SLICE_X110Y92        FDCE                                         r  i_dmi_jtag/i_dmi_jtag_tap/FSM_onehot_tap_state_q_reg[15]/C

Slack:                    inf
  Source:                 trst_n
                            (input port)
  Destination:            i_dmi_jtag/i_dmi_jtag_tap/FSM_onehot_tap_state_q_reg[0]/PRE
                            (removal check against rising-edge clock tck  {rise@0.000ns fall@50.000ns period=100.000ns})
  Path Group:             (none)
  Path Type:              Removal (Min at Fast Process Corner)
  Data Path Delay:        1.122ns  (logic 0.382ns (34.044%)  route 0.740ns (65.956%))
  Logic Levels:           2  (IBUF=1 LUT1=1)
  Clock Path Skew:        3.156ns (DCD - SCD - CPR)
    Destination Clock Delay (DCD):    3.156ns
    Source Clock Delay      (SCD):    0.000ns
    Clock Pessimism Removal (CPR):    -0.000ns
  Timing Exception:       False Path

    Location             Delay type                Incr(ns)  Path(ns)    Netlist Resource(s)
  -------------------------------------------------------------------    -------------------
    V13                                               0.000     0.000 r  trst_n (IN)
                         net (fo=0)                   0.000     0.000    trst_n
    V13                  IBUF (Prop_ibuf_I_O)         0.337     0.337 r  trst_n_IBUF_inst/O
                         net (fo=1, routed)           0.403     0.740    i_dmi_jtag/i_dmi_jtag_tap/trst_n_IBUF
    SLICE_X112Y93        LUT1 (Prop_lut1_I0_O)        0.045     0.785 f  i_dmi_jtag/i_dmi_jtag_tap/FSM_onehot_tap_state_q[15]_i_2/O
                         net (fo=258, routed)         0.337     1.122    i_dmi_jtag/i_dmi_jtag_tap/trst_n
    SLICE_X110Y91        FDPE                                         f  i_dmi_jtag/i_dmi_jtag_tap/FSM_onehot_tap_state_q_reg[0]/PRE
  -------------------------------------------------------------------    -------------------

                         (clock tck rise edge)        0.000     0.000 r  
    H15                                               0.000     0.000 r  tck (IN)
                         net (fo=0)                   0.000     0.000    tck
    H15                  IBUF (Prop_ibuf_I_O)         0.456     0.456 r  tck_IBUF_inst/O
                         net (fo=1, routed)           1.762     2.218    tck_IBUF
    BUFGCTRL_X0Y0        BUFG (Prop_bufg_I_O)         0.029     2.247 r  tck_IBUF_BUFG_inst/O
                         net (fo=258, routed)         0.909     3.156    i_dmi_jtag/i_dmi_jtag_tap/CLK
    SLICE_X110Y91        FDPE                                         r  i_dmi_jtag/i_dmi_jtag_tap/FSM_onehot_tap_state_q_reg[0]/C

Slack:                    inf
  Source:                 trst_n
                            (input port)
  Destination:            i_dmi_jtag/i_dmi_jtag_tap/FSM_onehot_tap_state_q_reg[10]/CLR
                            (removal check against rising-edge clock tck  {rise@0.000ns fall@50.000ns period=100.000ns})
  Path Group:             (none)
  Path Type:              Removal (Min at Fast Process Corner)
  Data Path Delay:        1.122ns  (logic 0.382ns (34.044%)  route 0.740ns (65.956%))
  Logic Levels:           2  (IBUF=1 LUT1=1)
  Clock Path Skew:        3.156ns (DCD - SCD - CPR)
    Destination Clock Delay (DCD):    3.156ns
    Source Clock Delay      (SCD):    0.000ns
    Clock Pessimism Removal (CPR):    -0.000ns
  Timing Exception:       False Path

    Location             Delay type                Incr(ns)  Path(ns)    Netlist Resource(s)
  -------------------------------------------------------------------    -------------------
    V13                                               0.000     0.000 r  trst_n (IN)
                         net (fo=0)                   0.000     0.000    trst_n
    V13                  IBUF (Prop_ibuf_I_O)         0.337     0.337 r  trst_n_IBUF_inst/O
                         net (fo=1, routed)           0.403     0.740    i_dmi_jtag/i_dmi_jtag_tap/trst_n_IBUF
    SLICE_X112Y93        LUT1 (Prop_lut1_I0_O)        0.045     0.785 f  i_dmi_jtag/i_dmi_jtag_tap/FSM_onehot_tap_state_q[15]_i_2/O
                         net (fo=258, routed)         0.337     1.122    i_dmi_jtag/i_dmi_jtag_tap/trst_n
    SLICE_X110Y91        FDCE                                         f  i_dmi_jtag/i_dmi_jtag_tap/FSM_onehot_tap_state_q_reg[10]/CLR
  -------------------------------------------------------------------    -------------------

                         (clock tck rise edge)        0.000     0.000 r  
    H15                                               0.000     0.000 r  tck (IN)
                         net (fo=0)                   0.000     0.000    tck
    H15                  IBUF (Prop_ibuf_I_O)         0.456     0.456 r  tck_IBUF_inst/O
                         net (fo=1, routed)           1.762     2.218    tck_IBUF
    BUFGCTRL_X0Y0        BUFG (Prop_bufg_I_O)         0.029     2.247 r  tck_IBUF_BUFG_inst/O
                         net (fo=258, routed)         0.909     3.156    i_dmi_jtag/i_dmi_jtag_tap/CLK
    SLICE_X110Y91        FDCE                                         r  i_dmi_jtag/i_dmi_jtag_tap/FSM_onehot_tap_state_q_reg[10]/C

Slack:                    inf
  Source:                 trst_n
                            (input port)
  Destination:            i_dmi_jtag/i_dmi_jtag_tap/FSM_onehot_tap_state_q_reg[14]/CLR
                            (removal check against rising-edge clock tck  {rise@0.000ns fall@50.000ns period=100.000ns})
  Path Group:             (none)
  Path Type:              Removal (Min at Fast Process Corner)
  Data Path Delay:        1.122ns  (logic 0.382ns (34.044%)  route 0.740ns (65.956%))
  Logic Levels:           2  (IBUF=1 LUT1=1)
  Clock Path Skew:        3.156ns (DCD - SCD - CPR)
    Destination Clock Delay (DCD):    3.156ns
    Source Clock Delay      (SCD):    0.000ns
    Clock Pessimism Removal (CPR):    -0.000ns
  Timing Exception:       False Path

    Location             Delay type                Incr(ns)  Path(ns)    Netlist Resource(s)
  -------------------------------------------------------------------    -------------------
    V13                                               0.000     0.000 r  trst_n (IN)
                         net (fo=0)                   0.000     0.000    trst_n
    V13                  IBUF (Prop_ibuf_I_O)         0.337     0.337 r  trst_n_IBUF_inst/O
                         net (fo=1, routed)           0.403     0.740    i_dmi_jtag/i_dmi_jtag_tap/trst_n_IBUF
    SLICE_X112Y93        LUT1 (Prop_lut1_I0_O)        0.045     0.785 f  i_dmi_jtag/i_dmi_jtag_tap/FSM_onehot_tap_state_q[15]_i_2/O
                         net (fo=258, routed)         0.337     1.122    i_dmi_jtag/i_dmi_jtag_tap/trst_n
    SLICE_X110Y91        FDCE                                         f  i_dmi_jtag/i_dmi_jtag_tap/FSM_onehot_tap_state_q_reg[14]/CLR
  -------------------------------------------------------------------    -------------------

                         (clock tck rise edge)        0.000     0.000 r  
    H15                                               0.000     0.000 r  tck (IN)
                         net (fo=0)                   0.000     0.000    tck
    H15                  IBUF (Prop_ibuf_I_O)         0.456     0.456 r  tck_IBUF_inst/O
                         net (fo=1, routed)           1.762     2.218    tck_IBUF
    BUFGCTRL_X0Y0        BUFG (Prop_bufg_I_O)         0.029     2.247 r  tck_IBUF_BUFG_inst/O
                         net (fo=258, routed)         0.909     3.156    i_dmi_jtag/i_dmi_jtag_tap/CLK
    SLICE_X110Y91        FDCE                                         r  i_dmi_jtag/i_dmi_jtag_tap/FSM_onehot_tap_state_q_reg[14]/C

Slack:                    inf
  Source:                 trst_n
                            (input port)
  Destination:            i_dmi_jtag/i_dmi_jtag_tap/FSM_onehot_tap_state_q_reg[1]/CLR
                            (removal check against rising-edge clock tck  {rise@0.000ns fall@50.000ns period=100.000ns})
  Path Group:             (none)
  Path Type:              Removal (Min at Fast Process Corner)
  Data Path Delay:        1.122ns  (logic 0.382ns (34.044%)  route 0.740ns (65.956%))
  Logic Levels:           2  (IBUF=1 LUT1=1)
  Clock Path Skew:        3.156ns (DCD - SCD - CPR)
    Destination Clock Delay (DCD):    3.156ns
    Source Clock Delay      (SCD):    0.000ns
    Clock Pessimism Removal (CPR):    -0.000ns
  Timing Exception:       False Path

    Location             Delay type                Incr(ns)  Path(ns)    Netlist Resource(s)
  -------------------------------------------------------------------    -------------------
    V13                                               0.000     0.000 r  trst_n (IN)
                         net (fo=0)                   0.000     0.000    trst_n
    V13                  IBUF (Prop_ibuf_I_O)         0.337     0.337 r  trst_n_IBUF_inst/O
                         net (fo=1, routed)           0.403     0.740    i_dmi_jtag/i_dmi_jtag_tap/trst_n_IBUF
    SLICE_X112Y93        LUT1 (Prop_lut1_I0_O)        0.045     0.785 f  i_dmi_jtag/i_dmi_jtag_tap/FSM_onehot_tap_state_q[15]_i_2/O
                         net (fo=258, routed)         0.337     1.122    i_dmi_jtag/i_dmi_jtag_tap/trst_n
    SLICE_X110Y91        FDCE                                         f  i_dmi_jtag/i_dmi_jtag_tap/FSM_onehot_tap_state_q_reg[1]/CLR
  -------------------------------------------------------------------    -------------------

                         (clock tck rise edge)        0.000     0.000 r  
    H15                                               0.000     0.000 r  tck (IN)
                         net (fo=0)                   0.000     0.000    tck
    H15                  IBUF (Prop_ibuf_I_O)         0.456     0.456 r  tck_IBUF_inst/O
                         net (fo=1, routed)           1.762     2.218    tck_IBUF
    BUFGCTRL_X0Y0        BUFG (Prop_bufg_I_O)         0.029     2.247 r  tck_IBUF_BUFG_inst/O
                         net (fo=258, routed)         0.909     3.156    i_dmi_jtag/i_dmi_jtag_tap/CLK
    SLICE_X110Y91        FDCE                                         r  i_dmi_jtag/i_dmi_jtag_tap/FSM_onehot_tap_state_q_reg[1]/C

Slack:                    inf
  Source:                 trst_n
                            (input port)
  Destination:            i_dmi_jtag/i_dmi_jtag_tap/FSM_onehot_tap_state_q_reg[2]/CLR
                            (removal check against rising-edge clock tck  {rise@0.000ns fall@50.000ns period=100.000ns})
  Path Group:             (none)
  Path Type:              Removal (Min at Fast Process Corner)
  Data Path Delay:        1.122ns  (logic 0.382ns (34.044%)  route 0.740ns (65.956%))
  Logic Levels:           2  (IBUF=1 LUT1=1)
  Clock Path Skew:        3.156ns (DCD - SCD - CPR)
    Destination Clock Delay (DCD):    3.156ns
    Source Clock Delay      (SCD):    0.000ns
    Clock Pessimism Removal (CPR):    -0.000ns
  Timing Exception:       False Path

    Location             Delay type                Incr(ns)  Path(ns)    Netlist Resource(s)
  -------------------------------------------------------------------    -------------------
    V13                                               0.000     0.000 r  trst_n (IN)
                         net (fo=0)                   0.000     0.000    trst_n
    V13                  IBUF (Prop_ibuf_I_O)         0.337     0.337 r  trst_n_IBUF_inst/O
                         net (fo=1, routed)           0.403     0.740    i_dmi_jtag/i_dmi_jtag_tap/trst_n_IBUF
    SLICE_X112Y93        LUT1 (Prop_lut1_I0_O)        0.045     0.785 f  i_dmi_jtag/i_dmi_jtag_tap/FSM_onehot_tap_state_q[15]_i_2/O
                         net (fo=258, routed)         0.337     1.122    i_dmi_jtag/i_dmi_jtag_tap/trst_n
    SLICE_X110Y91        FDCE                                         f  i_dmi_jtag/i_dmi_jtag_tap/FSM_onehot_tap_state_q_reg[2]/CLR
  -------------------------------------------------------------------    -------------------

                         (clock tck rise edge)        0.000     0.000 r  
    H15                                               0.000     0.000 r  tck (IN)
                         net (fo=0)                   0.000     0.000    tck
    H15                  IBUF (Prop_ibuf_I_O)         0.456     0.456 r  tck_IBUF_inst/O
                         net (fo=1, routed)           1.762     2.218    tck_IBUF
    BUFGCTRL_X0Y0        BUFG (Prop_bufg_I_O)         0.029     2.247 r  tck_IBUF_BUFG_inst/O
                         net (fo=258, routed)         0.909     3.156    i_dmi_jtag/i_dmi_jtag_tap/CLK
    SLICE_X110Y91        FDCE                                         r  i_dmi_jtag/i_dmi_jtag_tap/FSM_onehot_tap_state_q_reg[2]/C





--------------------------------------------------------------------------------------
Path Group:  (none)
From Clock:  clk_out1_xlnx_clk_gen
  To Clock:  tck

Max Delay             0 Endpoints
Min Delay            36 Endpoints
--------------------------------------------------------------------------------------


Min Delay Paths
--------------------------------------------------------------------------------------
Slack:                    inf
  Source:                 i_dmi_jtag/i_dmi_cdc/i_cdc_resp/i_src/data_src_q_reg[data][10]/C
                            (rising edge-triggered cell FDCE clocked by clk_out1_xlnx_clk_gen  {rise@0.000ns fall@10.000ns period=20.000ns})
  Destination:            i_dmi_jtag/i_dmi_cdc/i_cdc_resp/i_dst/data_dst_q_reg[data][10]/D
                            (rising edge-triggered cell FDCE clocked by tck  {rise@0.000ns fall@50.000ns period=100.000ns})
  Path Group:             (none)
  Path Type:              Hold (Min at Slow Process Corner)
  Data Path Delay:        0.666ns  (logic 0.385ns (57.769%)  route 0.281ns (42.231%))
  Logic Levels:           0  
  Clock Path Skew:        8.585ns (DCD - SCD - CPR)
    Destination Clock Delay (DCD):    7.040ns
    Source Clock Delay      (SCD):    -1.544ns
    Clock Pessimism Removal (CPR):    -0.000ns
  Clock Uncertainty:      0.603ns  ((TSJ^2 + TIJ^2 + DJ^2)^1/2) / 2 + PE
    Total System Jitter     (TSJ):    0.071ns
    Total Input Jitter      (TIJ):    1.000ns
    Discrete Jitter          (DJ):    0.142ns
    Phase Error              (PE):    0.097ns
  Timing Exception:       False Path

    Location             Delay type                Incr(ns)  Path(ns)    Netlist Resource(s)
  -------------------------------------------------------------------    -------------------
                         (clock clk_out1_xlnx_clk_gen rise edge)
                                                      0.000     0.000 r  
    K17                                               0.000     0.000 r  clk_sys (IN)
                         net (fo=0)                   0.000     0.000    i_xlnx_clk_gen/inst/clk_in1
    K17                  IBUF (Prop_ibuf_I_O)         1.404     1.404 r  i_xlnx_clk_gen/inst/clkin1_ibufg/O
                         net (fo=1, routed)           1.162     2.566    i_xlnx_clk_gen/inst/clk_in1_xlnx_clk_gen
    MMCME2_ADV_X1Y2      MMCME2_ADV (Prop_mmcme2_adv_CLKIN1_CLKOUT0)
                                                     -7.814    -5.248 r  i_xlnx_clk_gen/inst/mmcm_adv_inst/CLKOUT0
                         net (fo=1, routed)           2.012    -3.236    i_xlnx_clk_gen/inst/clk_out1_xlnx_clk_gen
    BUFGCTRL_X0Y16       BUFG (Prop_bufg_I_O)         0.091    -3.145 r  i_xlnx_clk_gen/inst/clkout1_buf/O
                         net (fo=20013, routed)       1.601    -1.544    i_dmi_jtag/i_dmi_cdc/i_cdc_resp/i_src/clk_out1
    SLICE_X104Y82        FDCE                                         r  i_dmi_jtag/i_dmi_cdc/i_cdc_resp/i_src/data_src_q_reg[data][10]/C
  -------------------------------------------------------------------    -------------------
    SLICE_X104Y82        FDCE (Prop_fdce_C_Q)         0.385    -1.159 r  i_dmi_jtag/i_dmi_cdc/i_cdc_resp/i_src/data_src_q_reg[data][10]/Q
                         net (fo=1, routed)           0.281    -0.878    i_dmi_jtag/i_dmi_cdc/i_cdc_resp/i_dst/D[10]
    SLICE_X105Y83        FDCE                                         r  i_dmi_jtag/i_dmi_cdc/i_cdc_resp/i_dst/data_dst_q_reg[data][10]/D
  -------------------------------------------------------------------    -------------------

                         (clock tck rise edge)        0.000     0.000 r  
    H15                                               0.000     0.000 r  tck (IN)
                         net (fo=0)                   0.000     0.000    tck
    H15                  IBUF (Prop_ibuf_I_O)         1.500     1.500 r  tck_IBUF_inst/O
                         net (fo=1, routed)           3.659     5.159    tck_IBUF
    BUFGCTRL_X0Y0        BUFG (Prop_bufg_I_O)         0.101     5.260 r  tck_IBUF_BUFG_inst/O
                         net (fo=258, routed)         1.780     7.040    i_dmi_jtag/i_dmi_cdc/i_cdc_resp/i_dst/CLK
    SLICE_X105Y83        FDCE                                         r  i_dmi_jtag/i_dmi_cdc/i_cdc_resp/i_dst/data_dst_q_reg[data][10]/C

Slack:                    inf
  Source:                 i_dmi_jtag/i_dmi_cdc/i_cdc_resp/i_src/data_src_q_reg[data][11]/C
                            (rising edge-triggered cell FDCE clocked by clk_out1_xlnx_clk_gen  {rise@0.000ns fall@10.000ns period=20.000ns})
  Destination:            i_dmi_jtag/i_dmi_cdc/i_cdc_resp/i_dst/data_dst_q_reg[data][11]/D
                            (rising edge-triggered cell FDCE clocked by tck  {rise@0.000ns fall@50.000ns period=100.000ns})
  Path Group:             (none)
  Path Type:              Hold (Min at Slow Process Corner)
  Data Path Delay:        0.694ns  (logic 0.418ns (60.230%)  route 0.276ns (39.770%))
  Logic Levels:           0  
  Clock Path Skew:        8.585ns (DCD - SCD - CPR)
    Destination Clock Delay (DCD):    7.040ns
    Source Clock Delay      (SCD):    -1.544ns
    Clock Pessimism Removal (CPR):    -0.000ns
  Clock Uncertainty:      0.603ns  ((TSJ^2 + TIJ^2 + DJ^2)^1/2) / 2 + PE
    Total System Jitter     (TSJ):    0.071ns
    Total Input Jitter      (TIJ):    1.000ns
    Discrete Jitter          (DJ):    0.142ns
    Phase Error              (PE):    0.097ns
  Timing Exception:       False Path

    Location             Delay type                Incr(ns)  Path(ns)    Netlist Resource(s)
  -------------------------------------------------------------------    -------------------
                         (clock clk_out1_xlnx_clk_gen rise edge)
                                                      0.000     0.000 r  
    K17                                               0.000     0.000 r  clk_sys (IN)
                         net (fo=0)                   0.000     0.000    i_xlnx_clk_gen/inst/clk_in1
    K17                  IBUF (Prop_ibuf_I_O)         1.404     1.404 r  i_xlnx_clk_gen/inst/clkin1_ibufg/O
                         net (fo=1, routed)           1.162     2.566    i_xlnx_clk_gen/inst/clk_in1_xlnx_clk_gen
    MMCME2_ADV_X1Y2      MMCME2_ADV (Prop_mmcme2_adv_CLKIN1_CLKOUT0)
                                                     -7.814    -5.248 r  i_xlnx_clk_gen/inst/mmcm_adv_inst/CLKOUT0
                         net (fo=1, routed)           2.012    -3.236    i_xlnx_clk_gen/inst/clk_out1_xlnx_clk_gen
    BUFGCTRL_X0Y16       BUFG (Prop_bufg_I_O)         0.091    -3.145 r  i_xlnx_clk_gen/inst/clkout1_buf/O
                         net (fo=20013, routed)       1.601    -1.544    i_dmi_jtag/i_dmi_cdc/i_cdc_resp/i_src/clk_out1
    SLICE_X104Y82        FDCE                                         r  i_dmi_jtag/i_dmi_cdc/i_cdc_resp/i_src/data_src_q_reg[data][11]/C
  -------------------------------------------------------------------    -------------------
    SLICE_X104Y82        FDCE (Prop_fdce_C_Q)         0.418    -1.126 r  i_dmi_jtag/i_dmi_cdc/i_cdc_resp/i_src/data_src_q_reg[data][11]/Q
                         net (fo=1, routed)           0.276    -0.850    i_dmi_jtag/i_dmi_cdc/i_cdc_resp/i_dst/D[11]
    SLICE_X104Y83        FDCE                                         r  i_dmi_jtag/i_dmi_cdc/i_cdc_resp/i_dst/data_dst_q_reg[data][11]/D
  -------------------------------------------------------------------    -------------------

                         (clock tck rise edge)        0.000     0.000 r  
    H15                                               0.000     0.000 r  tck (IN)
                         net (fo=0)                   0.000     0.000    tck
    H15                  IBUF (Prop_ibuf_I_O)         1.500     1.500 r  tck_IBUF_inst/O
                         net (fo=1, routed)           3.659     5.159    tck_IBUF
    BUFGCTRL_X0Y0        BUFG (Prop_bufg_I_O)         0.101     5.260 r  tck_IBUF_BUFG_inst/O
                         net (fo=258, routed)         1.780     7.040    i_dmi_jtag/i_dmi_cdc/i_cdc_resp/i_dst/CLK
    SLICE_X104Y83        FDCE                                         r  i_dmi_jtag/i_dmi_cdc/i_cdc_resp/i_dst/data_dst_q_reg[data][11]/C

Slack:                    inf
  Source:                 i_dmi_jtag/i_dmi_cdc/i_cdc_resp/i_src/data_src_q_reg[resp][1]/C
                            (rising edge-triggered cell FDCE clocked by clk_out1_xlnx_clk_gen  {rise@0.000ns fall@10.000ns period=20.000ns})
  Destination:            i_dmi_jtag/i_dmi_cdc/i_cdc_resp/i_dst/data_dst_q_reg[resp][1]/D
                            (rising edge-triggered cell FDCE clocked by tck  {rise@0.000ns fall@50.000ns period=100.000ns})
  Path Group:             (none)
  Path Type:              Hold (Min at Slow Process Corner)
  Data Path Delay:        0.646ns  (logic 0.367ns (56.826%)  route 0.279ns (43.174%))
  Logic Levels:           0  
  Clock Path Skew:        8.586ns (DCD - SCD - CPR)
    Destination Clock Delay (DCD):    7.119ns
    Source Clock Delay      (SCD):    -1.466ns
    Clock Pessimism Removal (CPR):    -0.000ns
  Clock Uncertainty:      0.603ns  ((TSJ^2 + TIJ^2 + DJ^2)^1/2) / 2 + PE
    Total System Jitter     (TSJ):    0.071ns
    Total Input Jitter      (TIJ):    1.000ns
    Discrete Jitter          (DJ):    0.142ns
    Phase Error              (PE):    0.097ns
  Timing Exception:       False Path

    Location             Delay type                Incr(ns)  Path(ns)    Netlist Resource(s)
  -------------------------------------------------------------------    -------------------
                         (clock clk_out1_xlnx_clk_gen rise edge)
                                                      0.000     0.000 r  
    K17                                               0.000     0.000 r  clk_sys (IN)
                         net (fo=0)                   0.000     0.000    i_xlnx_clk_gen/inst/clk_in1
    K17                  IBUF (Prop_ibuf_I_O)         1.404     1.404 r  i_xlnx_clk_gen/inst/clkin1_ibufg/O
                         net (fo=1, routed)           1.162     2.566    i_xlnx_clk_gen/inst/clk_in1_xlnx_clk_gen
    MMCME2_ADV_X1Y2      MMCME2_ADV (Prop_mmcme2_adv_CLKIN1_CLKOUT0)
                                                     -7.814    -5.248 r  i_xlnx_clk_gen/inst/mmcm_adv_inst/CLKOUT0
                         net (fo=1, routed)           2.012    -3.236    i_xlnx_clk_gen/inst/clk_out1_xlnx_clk_gen
    BUFGCTRL_X0Y16       BUFG (Prop_bufg_I_O)         0.091    -3.145 r  i_xlnx_clk_gen/inst/clkout1_buf/O
                         net (fo=20013, routed)       1.679    -1.466    i_dmi_jtag/i_dmi_cdc/i_cdc_resp/i_src/clk_out1
    SLICE_X110Y83        FDCE                                         r  i_dmi_jtag/i_dmi_cdc/i_cdc_resp/i_src/data_src_q_reg[resp][1]/C
  -------------------------------------------------------------------    -------------------
    SLICE_X110Y83        FDCE (Prop_fdce_C_Q)         0.367    -1.099 r  i_dmi_jtag/i_dmi_cdc/i_cdc_resp/i_src/data_src_q_reg[resp][1]/Q
                         net (fo=1, routed)           0.279    -0.820    i_dmi_jtag/i_dmi_cdc/i_cdc_resp/i_dst/data_dst_q_reg[resp][1]_0[1]
    SLICE_X110Y82        FDCE                                         r  i_dmi_jtag/i_dmi_cdc/i_cdc_resp/i_dst/data_dst_q_reg[resp][1]/D
  -------------------------------------------------------------------    -------------------

                         (clock tck rise edge)        0.000     0.000 r  
    H15                                               0.000     0.000 r  tck (IN)
                         net (fo=0)                   0.000     0.000    tck
    H15                  IBUF (Prop_ibuf_I_O)         1.500     1.500 r  tck_IBUF_inst/O
                         net (fo=1, routed)           3.659     5.159    tck_IBUF
    BUFGCTRL_X0Y0        BUFG (Prop_bufg_I_O)         0.101     5.260 r  tck_IBUF_BUFG_inst/O
                         net (fo=258, routed)         1.859     7.119    i_dmi_jtag/i_dmi_cdc/i_cdc_resp/i_dst/CLK
    SLICE_X110Y82        FDCE                                         r  i_dmi_jtag/i_dmi_cdc/i_cdc_resp/i_dst/data_dst_q_reg[resp][1]/C

Slack:                    inf
  Source:                 i_dmi_jtag/i_dmi_cdc/i_cdc_resp/i_src/data_src_q_reg[resp][0]/C
                            (rising edge-triggered cell FDCE clocked by clk_out1_xlnx_clk_gen  {rise@0.000ns fall@10.000ns period=20.000ns})
  Destination:            i_dmi_jtag/i_dmi_cdc/i_cdc_resp/i_dst/data_dst_q_reg[resp][0]/D
                            (rising edge-triggered cell FDCE clocked by tck  {rise@0.000ns fall@50.000ns period=100.000ns})
  Path Group:             (none)
  Path Type:              Hold (Min at Slow Process Corner)
  Data Path Delay:        0.653ns  (logic 0.367ns (56.164%)  route 0.286ns (43.836%))
  Logic Levels:           0  
  Clock Path Skew:        8.586ns (DCD - SCD - CPR)
    Destination Clock Delay (DCD):    7.119ns
    Source Clock Delay      (SCD):    -1.466ns
    Clock Pessimism Removal (CPR):    -0.000ns
  Clock Uncertainty:      0.603ns  ((TSJ^2 + TIJ^2 + DJ^2)^1/2) / 2 + PE
    Total System Jitter     (TSJ):    0.071ns
    Total Input Jitter      (TIJ):    1.000ns
    Discrete Jitter          (DJ):    0.142ns
    Phase Error              (PE):    0.097ns
  Timing Exception:       False Path

    Location             Delay type                Incr(ns)  Path(ns)    Netlist Resource(s)
  -------------------------------------------------------------------    -------------------
                         (clock clk_out1_xlnx_clk_gen rise edge)
                                                      0.000     0.000 r  
    K17                                               0.000     0.000 r  clk_sys (IN)
                         net (fo=0)                   0.000     0.000    i_xlnx_clk_gen/inst/clk_in1
    K17                  IBUF (Prop_ibuf_I_O)         1.404     1.404 r  i_xlnx_clk_gen/inst/clkin1_ibufg/O
                         net (fo=1, routed)           1.162     2.566    i_xlnx_clk_gen/inst/clk_in1_xlnx_clk_gen
    MMCME2_ADV_X1Y2      MMCME2_ADV (Prop_mmcme2_adv_CLKIN1_CLKOUT0)
                                                     -7.814    -5.248 r  i_xlnx_clk_gen/inst/mmcm_adv_inst/CLKOUT0
                         net (fo=1, routed)           2.012    -3.236    i_xlnx_clk_gen/inst/clk_out1_xlnx_clk_gen
    BUFGCTRL_X0Y16       BUFG (Prop_bufg_I_O)         0.091    -3.145 r  i_xlnx_clk_gen/inst/clkout1_buf/O
                         net (fo=20013, routed)       1.679    -1.466    i_dmi_jtag/i_dmi_cdc/i_cdc_resp/i_src/clk_out1
    SLICE_X110Y83        FDCE                                         r  i_dmi_jtag/i_dmi_cdc/i_cdc_resp/i_src/data_src_q_reg[resp][0]/C
  -------------------------------------------------------------------    -------------------
    SLICE_X110Y83        FDCE (Prop_fdce_C_Q)         0.367    -1.099 r  i_dmi_jtag/i_dmi_cdc/i_cdc_resp/i_src/data_src_q_reg[resp][0]/Q
                         net (fo=1, routed)           0.286    -0.813    i_dmi_jtag/i_dmi_cdc/i_cdc_resp/i_dst/data_dst_q_reg[resp][1]_0[0]
    SLICE_X110Y82        FDCE                                         r  i_dmi_jtag/i_dmi_cdc/i_cdc_resp/i_dst/data_dst_q_reg[resp][0]/D
  -------------------------------------------------------------------    -------------------

                         (clock tck rise edge)        0.000     0.000 r  
    H15                                               0.000     0.000 r  tck (IN)
                         net (fo=0)                   0.000     0.000    tck
    H15                  IBUF (Prop_ibuf_I_O)         1.500     1.500 r  tck_IBUF_inst/O
                         net (fo=1, routed)           3.659     5.159    tck_IBUF
    BUFGCTRL_X0Y0        BUFG (Prop_bufg_I_O)         0.101     5.260 r  tck_IBUF_BUFG_inst/O
                         net (fo=258, routed)         1.859     7.119    i_dmi_jtag/i_dmi_cdc/i_cdc_resp/i_dst/CLK
    SLICE_X110Y82        FDCE                                         r  i_dmi_jtag/i_dmi_cdc/i_cdc_resp/i_dst/data_dst_q_reg[resp][0]/C

Slack:                    inf
  Source:                 i_dmi_jtag/i_dmi_cdc/i_cdc_resp/i_src/data_src_q_reg[data][14]/C
                            (rising edge-triggered cell FDCE clocked by clk_out1_xlnx_clk_gen  {rise@0.000ns fall@10.000ns period=20.000ns})
  Destination:            i_dmi_jtag/i_dmi_cdc/i_cdc_resp/i_dst/data_dst_q_reg[data][14]/D
                            (rising edge-triggered cell FDCE clocked by tck  {rise@0.000ns fall@50.000ns period=100.000ns})
  Path Group:             (none)
  Path Type:              Hold (Min at Slow Process Corner)
  Data Path Delay:        0.761ns  (logic 0.385ns (50.588%)  route 0.376ns (49.412%))
  Logic Levels:           0  
  Clock Path Skew:        8.587ns (DCD - SCD - CPR)
    Destination Clock Delay (DCD):    7.046ns
    Source Clock Delay      (SCD):    -1.540ns
    Clock Pessimism Removal (CPR):    -0.000ns
  Clock Uncertainty:      0.603ns  ((TSJ^2 + TIJ^2 + DJ^2)^1/2) / 2 + PE
    Total System Jitter     (TSJ):    0.071ns
    Total Input Jitter      (TIJ):    1.000ns
    Discrete Jitter          (DJ):    0.142ns
    Phase Error              (PE):    0.097ns
  Timing Exception:       False Path

    Location             Delay type                Incr(ns)  Path(ns)    Netlist Resource(s)
  -------------------------------------------------------------------    -------------------
                         (clock clk_out1_xlnx_clk_gen rise edge)
                                                      0.000     0.000 r  
    K17                                               0.000     0.000 r  clk_sys (IN)
                         net (fo=0)                   0.000     0.000    i_xlnx_clk_gen/inst/clk_in1
    K17                  IBUF (Prop_ibuf_I_O)         1.404     1.404 r  i_xlnx_clk_gen/inst/clkin1_ibufg/O
                         net (fo=1, routed)           1.162     2.566    i_xlnx_clk_gen/inst/clk_in1_xlnx_clk_gen
    MMCME2_ADV_X1Y2      MMCME2_ADV (Prop_mmcme2_adv_CLKIN1_CLKOUT0)
                                                     -7.814    -5.248 r  i_xlnx_clk_gen/inst/mmcm_adv_inst/CLKOUT0
                         net (fo=1, routed)           2.012    -3.236    i_xlnx_clk_gen/inst/clk_out1_xlnx_clk_gen
    BUFGCTRL_X0Y16       BUFG (Prop_bufg_I_O)         0.091    -3.145 r  i_xlnx_clk_gen/inst/clkout1_buf/O
                         net (fo=20013, routed)       1.605    -1.540    i_dmi_jtag/i_dmi_cdc/i_cdc_resp/i_src/clk_out1
    SLICE_X98Y88         FDCE                                         r  i_dmi_jtag/i_dmi_cdc/i_cdc_resp/i_src/data_src_q_reg[data][14]/C
  -------------------------------------------------------------------    -------------------
    SLICE_X98Y88         FDCE (Prop_fdce_C_Q)         0.385    -1.155 r  i_dmi_jtag/i_dmi_cdc/i_cdc_resp/i_src/data_src_q_reg[data][14]/Q
                         net (fo=1, routed)           0.376    -0.779    i_dmi_jtag/i_dmi_cdc/i_cdc_resp/i_dst/D[14]
    SLICE_X98Y90         FDCE                                         r  i_dmi_jtag/i_dmi_cdc/i_cdc_resp/i_dst/data_dst_q_reg[data][14]/D
  -------------------------------------------------------------------    -------------------

                         (clock tck rise edge)        0.000     0.000 r  
    H15                                               0.000     0.000 r  tck (IN)
                         net (fo=0)                   0.000     0.000    tck
    H15                  IBUF (Prop_ibuf_I_O)         1.500     1.500 r  tck_IBUF_inst/O
                         net (fo=1, routed)           3.659     5.159    tck_IBUF
    BUFGCTRL_X0Y0        BUFG (Prop_bufg_I_O)         0.101     5.260 r  tck_IBUF_BUFG_inst/O
                         net (fo=258, routed)         1.786     7.046    i_dmi_jtag/i_dmi_cdc/i_cdc_resp/i_dst/CLK
    SLICE_X98Y90         FDCE                                         r  i_dmi_jtag/i_dmi_cdc/i_cdc_resp/i_dst/data_dst_q_reg[data][14]/C

Slack:                    inf
  Source:                 i_dmi_jtag/i_dmi_cdc/i_cdc_resp/i_src/data_src_q_reg[data][20]/C
                            (rising edge-triggered cell FDCE clocked by clk_out1_xlnx_clk_gen  {rise@0.000ns fall@10.000ns period=20.000ns})
  Destination:            i_dmi_jtag/i_dmi_cdc/i_cdc_resp/i_dst/data_dst_q_reg[data][20]/D
                            (rising edge-triggered cell FDCE clocked by tck  {rise@0.000ns fall@50.000ns period=100.000ns})
  Path Group:             (none)
  Path Type:              Hold (Min at Slow Process Corner)
  Data Path Delay:        0.762ns  (logic 0.385ns (50.503%)  route 0.377ns (49.497%))
  Logic Levels:           0  
  Clock Path Skew:        8.587ns (DCD - SCD - CPR)
    Destination Clock Delay (DCD):    7.046ns
    Source Clock Delay      (SCD):    -1.540ns
    Clock Pessimism Removal (CPR):    -0.000ns
  Clock Uncertainty:      0.603ns  ((TSJ^2 + TIJ^2 + DJ^2)^1/2) / 2 + PE
    Total System Jitter     (TSJ):    0.071ns
    Total Input Jitter      (TIJ):    1.000ns
    Discrete Jitter          (DJ):    0.142ns
    Phase Error              (PE):    0.097ns
  Timing Exception:       False Path

    Location             Delay type                Incr(ns)  Path(ns)    Netlist Resource(s)
  -------------------------------------------------------------------    -------------------
                         (clock clk_out1_xlnx_clk_gen rise edge)
                                                      0.000     0.000 r  
    K17                                               0.000     0.000 r  clk_sys (IN)
                         net (fo=0)                   0.000     0.000    i_xlnx_clk_gen/inst/clk_in1
    K17                  IBUF (Prop_ibuf_I_O)         1.404     1.404 r  i_xlnx_clk_gen/inst/clkin1_ibufg/O
                         net (fo=1, routed)           1.162     2.566    i_xlnx_clk_gen/inst/clk_in1_xlnx_clk_gen
    MMCME2_ADV_X1Y2      MMCME2_ADV (Prop_mmcme2_adv_CLKIN1_CLKOUT0)
                                                     -7.814    -5.248 r  i_xlnx_clk_gen/inst/mmcm_adv_inst/CLKOUT0
                         net (fo=1, routed)           2.012    -3.236    i_xlnx_clk_gen/inst/clk_out1_xlnx_clk_gen
    BUFGCTRL_X0Y16       BUFG (Prop_bufg_I_O)         0.091    -3.145 r  i_xlnx_clk_gen/inst/clkout1_buf/O
                         net (fo=20013, routed)       1.605    -1.540    i_dmi_jtag/i_dmi_cdc/i_cdc_resp/i_src/clk_out1
    SLICE_X94Y88         FDCE                                         r  i_dmi_jtag/i_dmi_cdc/i_cdc_resp/i_src/data_src_q_reg[data][20]/C
  -------------------------------------------------------------------    -------------------
    SLICE_X94Y88         FDCE (Prop_fdce_C_Q)         0.385    -1.155 r  i_dmi_jtag/i_dmi_cdc/i_cdc_resp/i_src/data_src_q_reg[data][20]/Q
                         net (fo=1, routed)           0.377    -0.778    i_dmi_jtag/i_dmi_cdc/i_cdc_resp/i_dst/D[20]
    SLICE_X94Y91         FDCE                                         r  i_dmi_jtag/i_dmi_cdc/i_cdc_resp/i_dst/data_dst_q_reg[data][20]/D
  -------------------------------------------------------------------    -------------------

                         (clock tck rise edge)        0.000     0.000 r  
    H15                                               0.000     0.000 r  tck (IN)
                         net (fo=0)                   0.000     0.000    tck
    H15                  IBUF (Prop_ibuf_I_O)         1.500     1.500 r  tck_IBUF_inst/O
                         net (fo=1, routed)           3.659     5.159    tck_IBUF
    BUFGCTRL_X0Y0        BUFG (Prop_bufg_I_O)         0.101     5.260 r  tck_IBUF_BUFG_inst/O
                         net (fo=258, routed)         1.786     7.046    i_dmi_jtag/i_dmi_cdc/i_cdc_resp/i_dst/CLK
    SLICE_X94Y91         FDCE                                         r  i_dmi_jtag/i_dmi_cdc/i_cdc_resp/i_dst/data_dst_q_reg[data][20]/C

Slack:                    inf
  Source:                 i_dmi_jtag/i_dmi_cdc/i_cdc_resp/i_src/data_src_q_reg[data][18]/C
                            (rising edge-triggered cell FDCE clocked by clk_out1_xlnx_clk_gen  {rise@0.000ns fall@10.000ns period=20.000ns})
  Destination:            i_dmi_jtag/i_dmi_cdc/i_cdc_resp/i_dst/data_dst_q_reg[data][18]/D
                            (rising edge-triggered cell FDCE clocked by tck  {rise@0.000ns fall@50.000ns period=100.000ns})
  Path Group:             (none)
  Path Type:              Hold (Min at Slow Process Corner)
  Data Path Delay:        0.765ns  (logic 0.385ns (50.342%)  route 0.380ns (49.658%))
  Logic Levels:           0  
  Clock Path Skew:        8.587ns (DCD - SCD - CPR)
    Destination Clock Delay (DCD):    7.046ns
    Source Clock Delay      (SCD):    -1.540ns
    Clock Pessimism Removal (CPR):    -0.000ns
  Clock Uncertainty:      0.603ns  ((TSJ^2 + TIJ^2 + DJ^2)^1/2) / 2 + PE
    Total System Jitter     (TSJ):    0.071ns
    Total Input Jitter      (TIJ):    1.000ns
    Discrete Jitter          (DJ):    0.142ns
    Phase Error              (PE):    0.097ns
  Timing Exception:       False Path

    Location             Delay type                Incr(ns)  Path(ns)    Netlist Resource(s)
  -------------------------------------------------------------------    -------------------
                         (clock clk_out1_xlnx_clk_gen rise edge)
                                                      0.000     0.000 r  
    K17                                               0.000     0.000 r  clk_sys (IN)
                         net (fo=0)                   0.000     0.000    i_xlnx_clk_gen/inst/clk_in1
    K17                  IBUF (Prop_ibuf_I_O)         1.404     1.404 r  i_xlnx_clk_gen/inst/clkin1_ibufg/O
                         net (fo=1, routed)           1.162     2.566    i_xlnx_clk_gen/inst/clk_in1_xlnx_clk_gen
    MMCME2_ADV_X1Y2      MMCME2_ADV (Prop_mmcme2_adv_CLKIN1_CLKOUT0)
                                                     -7.814    -5.248 r  i_xlnx_clk_gen/inst/mmcm_adv_inst/CLKOUT0
                         net (fo=1, routed)           2.012    -3.236    i_xlnx_clk_gen/inst/clk_out1_xlnx_clk_gen
    BUFGCTRL_X0Y16       BUFG (Prop_bufg_I_O)         0.091    -3.145 r  i_xlnx_clk_gen/inst/clkout1_buf/O
                         net (fo=20013, routed)       1.605    -1.540    i_dmi_jtag/i_dmi_cdc/i_cdc_resp/i_src/clk_out1
    SLICE_X94Y88         FDCE                                         r  i_dmi_jtag/i_dmi_cdc/i_cdc_resp/i_src/data_src_q_reg[data][18]/C
  -------------------------------------------------------------------    -------------------
    SLICE_X94Y88         FDCE (Prop_fdce_C_Q)         0.385    -1.155 r  i_dmi_jtag/i_dmi_cdc/i_cdc_resp/i_src/data_src_q_reg[data][18]/Q
                         net (fo=1, routed)           0.380    -0.775    i_dmi_jtag/i_dmi_cdc/i_cdc_resp/i_dst/D[18]
    SLICE_X94Y91         FDCE                                         r  i_dmi_jtag/i_dmi_cdc/i_cdc_resp/i_dst/data_dst_q_reg[data][18]/D
  -------------------------------------------------------------------    -------------------

                         (clock tck rise edge)        0.000     0.000 r  
    H15                                               0.000     0.000 r  tck (IN)
                         net (fo=0)                   0.000     0.000    tck
    H15                  IBUF (Prop_ibuf_I_O)         1.500     1.500 r  tck_IBUF_inst/O
                         net (fo=1, routed)           3.659     5.159    tck_IBUF
    BUFGCTRL_X0Y0        BUFG (Prop_bufg_I_O)         0.101     5.260 r  tck_IBUF_BUFG_inst/O
                         net (fo=258, routed)         1.786     7.046    i_dmi_jtag/i_dmi_cdc/i_cdc_resp/i_dst/CLK
    SLICE_X94Y91         FDCE                                         r  i_dmi_jtag/i_dmi_cdc/i_cdc_resp/i_dst/data_dst_q_reg[data][18]/C

Slack:                    inf
  Source:                 i_dmi_jtag/i_dmi_cdc/i_cdc_resp/i_src/data_src_q_reg[data][0]/C
                            (rising edge-triggered cell FDCE clocked by clk_out1_xlnx_clk_gen  {rise@0.000ns fall@10.000ns period=20.000ns})
  Destination:            i_dmi_jtag/i_dmi_cdc/i_cdc_resp/i_dst/data_dst_q_reg[data][0]/D
                            (rising edge-triggered cell FDCE clocked by tck  {rise@0.000ns fall@50.000ns period=100.000ns})
  Path Group:             (none)
  Path Type:              Hold (Min at Slow Process Corner)
  Data Path Delay:        0.777ns  (logic 0.385ns (49.529%)  route 0.392ns (50.471%))
  Logic Levels:           0  
  Clock Path Skew:        8.587ns (DCD - SCD - CPR)
    Destination Clock Delay (DCD):    7.043ns
    Source Clock Delay      (SCD):    -1.543ns
    Clock Pessimism Removal (CPR):    -0.000ns
  Clock Uncertainty:      0.603ns  ((TSJ^2 + TIJ^2 + DJ^2)^1/2) / 2 + PE
    Total System Jitter     (TSJ):    0.071ns
    Total Input Jitter      (TIJ):    1.000ns
    Discrete Jitter          (DJ):    0.142ns
    Phase Error              (PE):    0.097ns
  Timing Exception:       False Path

    Location             Delay type                Incr(ns)  Path(ns)    Netlist Resource(s)
  -------------------------------------------------------------------    -------------------
                         (clock clk_out1_xlnx_clk_gen rise edge)
                                                      0.000     0.000 r  
    K17                                               0.000     0.000 r  clk_sys (IN)
                         net (fo=0)                   0.000     0.000    i_xlnx_clk_gen/inst/clk_in1
    K17                  IBUF (Prop_ibuf_I_O)         1.404     1.404 r  i_xlnx_clk_gen/inst/clkin1_ibufg/O
                         net (fo=1, routed)           1.162     2.566    i_xlnx_clk_gen/inst/clk_in1_xlnx_clk_gen
    MMCME2_ADV_X1Y2      MMCME2_ADV (Prop_mmcme2_adv_CLKIN1_CLKOUT0)
                                                     -7.814    -5.248 r  i_xlnx_clk_gen/inst/mmcm_adv_inst/CLKOUT0
                         net (fo=1, routed)           2.012    -3.236    i_xlnx_clk_gen/inst/clk_out1_xlnx_clk_gen
    BUFGCTRL_X0Y16       BUFG (Prop_bufg_I_O)         0.091    -3.145 r  i_xlnx_clk_gen/inst/clkout1_buf/O
                         net (fo=20013, routed)       1.602    -1.543    i_dmi_jtag/i_dmi_cdc/i_cdc_resp/i_src/clk_out1
    SLICE_X98Y84         FDCE                                         r  i_dmi_jtag/i_dmi_cdc/i_cdc_resp/i_src/data_src_q_reg[data][0]/C
  -------------------------------------------------------------------    -------------------
    SLICE_X98Y84         FDCE (Prop_fdce_C_Q)         0.385    -1.158 r  i_dmi_jtag/i_dmi_cdc/i_cdc_resp/i_src/data_src_q_reg[data][0]/Q
                         net (fo=1, routed)           0.392    -0.766    i_dmi_jtag/i_dmi_cdc/i_cdc_resp/i_dst/D[0]
    SLICE_X101Y85        FDCE                                         r  i_dmi_jtag/i_dmi_cdc/i_cdc_resp/i_dst/data_dst_q_reg[data][0]/D
  -------------------------------------------------------------------    -------------------

                         (clock tck rise edge)        0.000     0.000 r  
    H15                                               0.000     0.000 r  tck (IN)
                         net (fo=0)                   0.000     0.000    tck
    H15                  IBUF (Prop_ibuf_I_O)         1.500     1.500 r  tck_IBUF_inst/O
                         net (fo=1, routed)           3.659     5.159    tck_IBUF
    BUFGCTRL_X0Y0        BUFG (Prop_bufg_I_O)         0.101     5.260 r  tck_IBUF_BUFG_inst/O
                         net (fo=258, routed)         1.783     7.043    i_dmi_jtag/i_dmi_cdc/i_cdc_resp/i_dst/CLK
    SLICE_X101Y85        FDCE                                         r  i_dmi_jtag/i_dmi_cdc/i_cdc_resp/i_dst/data_dst_q_reg[data][0]/C

Slack:                    inf
  Source:                 i_dmi_jtag/i_dmi_cdc/i_cdc_resp/i_src/data_src_q_reg[data][6]/C
                            (rising edge-triggered cell FDCE clocked by clk_out1_xlnx_clk_gen  {rise@0.000ns fall@10.000ns period=20.000ns})
  Destination:            i_dmi_jtag/i_dmi_cdc/i_cdc_resp/i_dst/data_dst_q_reg[data][6]/D
                            (rising edge-triggered cell FDCE clocked by tck  {rise@0.000ns fall@50.000ns period=100.000ns})
  Path Group:             (none)
  Path Type:              Hold (Min at Slow Process Corner)
  Data Path Delay:        0.785ns  (logic 0.385ns (49.069%)  route 0.400ns (50.931%))
  Logic Levels:           0  
  Clock Path Skew:        8.585ns (DCD - SCD - CPR)
    Destination Clock Delay (DCD):    7.040ns
    Source Clock Delay      (SCD):    -1.544ns
    Clock Pessimism Removal (CPR):    -0.000ns
  Clock Uncertainty:      0.603ns  ((TSJ^2 + TIJ^2 + DJ^2)^1/2) / 2 + PE
    Total System Jitter     (TSJ):    0.071ns
    Total Input Jitter      (TIJ):    1.000ns
    Discrete Jitter          (DJ):    0.142ns
    Phase Error              (PE):    0.097ns
  Timing Exception:       False Path

    Location             Delay type                Incr(ns)  Path(ns)    Netlist Resource(s)
  -------------------------------------------------------------------    -------------------
                         (clock clk_out1_xlnx_clk_gen rise edge)
                                                      0.000     0.000 r  
    K17                                               0.000     0.000 r  clk_sys (IN)
                         net (fo=0)                   0.000     0.000    i_xlnx_clk_gen/inst/clk_in1
    K17                  IBUF (Prop_ibuf_I_O)         1.404     1.404 r  i_xlnx_clk_gen/inst/clkin1_ibufg/O
                         net (fo=1, routed)           1.162     2.566    i_xlnx_clk_gen/inst/clk_in1_xlnx_clk_gen
    MMCME2_ADV_X1Y2      MMCME2_ADV (Prop_mmcme2_adv_CLKIN1_CLKOUT0)
                                                     -7.814    -5.248 r  i_xlnx_clk_gen/inst/mmcm_adv_inst/CLKOUT0
                         net (fo=1, routed)           2.012    -3.236    i_xlnx_clk_gen/inst/clk_out1_xlnx_clk_gen
    BUFGCTRL_X0Y16       BUFG (Prop_bufg_I_O)         0.091    -3.145 r  i_xlnx_clk_gen/inst/clkout1_buf/O
                         net (fo=20013, routed)       1.601    -1.544    i_dmi_jtag/i_dmi_cdc/i_cdc_resp/i_src/clk_out1
    SLICE_X104Y82        FDCE                                         r  i_dmi_jtag/i_dmi_cdc/i_cdc_resp/i_src/data_src_q_reg[data][6]/C
  -------------------------------------------------------------------    -------------------
    SLICE_X104Y82        FDCE (Prop_fdce_C_Q)         0.385    -1.159 r  i_dmi_jtag/i_dmi_cdc/i_cdc_resp/i_src/data_src_q_reg[data][6]/Q
                         net (fo=1, routed)           0.400    -0.760    i_dmi_jtag/i_dmi_cdc/i_cdc_resp/i_dst/D[6]
    SLICE_X104Y83        FDCE                                         r  i_dmi_jtag/i_dmi_cdc/i_cdc_resp/i_dst/data_dst_q_reg[data][6]/D
  -------------------------------------------------------------------    -------------------

                         (clock tck rise edge)        0.000     0.000 r  
    H15                                               0.000     0.000 r  tck (IN)
                         net (fo=0)                   0.000     0.000    tck
    H15                  IBUF (Prop_ibuf_I_O)         1.500     1.500 r  tck_IBUF_inst/O
                         net (fo=1, routed)           3.659     5.159    tck_IBUF
    BUFGCTRL_X0Y0        BUFG (Prop_bufg_I_O)         0.101     5.260 r  tck_IBUF_BUFG_inst/O
                         net (fo=258, routed)         1.780     7.040    i_dmi_jtag/i_dmi_cdc/i_cdc_resp/i_dst/CLK
    SLICE_X104Y83        FDCE                                         r  i_dmi_jtag/i_dmi_cdc/i_cdc_resp/i_dst/data_dst_q_reg[data][6]/C

Slack:                    inf
  Source:                 i_dmi_jtag/i_dmi_cdc/i_cdc_resp/i_src/data_src_q_reg[data][16]/C
                            (rising edge-triggered cell FDCE clocked by clk_out1_xlnx_clk_gen  {rise@0.000ns fall@10.000ns period=20.000ns})
  Destination:            i_dmi_jtag/i_dmi_cdc/i_cdc_resp/i_dst/data_dst_q_reg[data][16]/D
                            (rising edge-triggered cell FDCE clocked by tck  {rise@0.000ns fall@50.000ns period=100.000ns})
  Path Group:             (none)
  Path Type:              Hold (Min at Slow Process Corner)
  Data Path Delay:        0.786ns  (logic 0.385ns (49.010%)  route 0.401ns (50.990%))
  Logic Levels:           0  
  Clock Path Skew:        8.587ns (DCD - SCD - CPR)
    Destination Clock Delay (DCD):    7.046ns
    Source Clock Delay      (SCD):    -1.540ns
    Clock Pessimism Removal (CPR):    -0.000ns
  Clock Uncertainty:      0.603ns  ((TSJ^2 + TIJ^2 + DJ^2)^1/2) / 2 + PE
    Total System Jitter     (TSJ):    0.071ns
    Total Input Jitter      (TIJ):    1.000ns
    Discrete Jitter          (DJ):    0.142ns
    Phase Error              (PE):    0.097ns
  Timing Exception:       False Path

    Location             Delay type                Incr(ns)  Path(ns)    Netlist Resource(s)
  -------------------------------------------------------------------    -------------------
                         (clock clk_out1_xlnx_clk_gen rise edge)
                                                      0.000     0.000 r  
    K17                                               0.000     0.000 r  clk_sys (IN)
                         net (fo=0)                   0.000     0.000    i_xlnx_clk_gen/inst/clk_in1
    K17                  IBUF (Prop_ibuf_I_O)         1.404     1.404 r  i_xlnx_clk_gen/inst/clkin1_ibufg/O
                         net (fo=1, routed)           1.162     2.566    i_xlnx_clk_gen/inst/clk_in1_xlnx_clk_gen
    MMCME2_ADV_X1Y2      MMCME2_ADV (Prop_mmcme2_adv_CLKIN1_CLKOUT0)
                                                     -7.814    -5.248 r  i_xlnx_clk_gen/inst/mmcm_adv_inst/CLKOUT0
                         net (fo=1, routed)           2.012    -3.236    i_xlnx_clk_gen/inst/clk_out1_xlnx_clk_gen
    BUFGCTRL_X0Y16       BUFG (Prop_bufg_I_O)         0.091    -3.145 r  i_xlnx_clk_gen/inst/clkout1_buf/O
                         net (fo=20013, routed)       1.605    -1.540    i_dmi_jtag/i_dmi_cdc/i_cdc_resp/i_src/clk_out1
    SLICE_X98Y88         FDCE                                         r  i_dmi_jtag/i_dmi_cdc/i_cdc_resp/i_src/data_src_q_reg[data][16]/C
  -------------------------------------------------------------------    -------------------
    SLICE_X98Y88         FDCE (Prop_fdce_C_Q)         0.385    -1.155 r  i_dmi_jtag/i_dmi_cdc/i_cdc_resp/i_src/data_src_q_reg[data][16]/Q
                         net (fo=1, routed)           0.401    -0.755    i_dmi_jtag/i_dmi_cdc/i_cdc_resp/i_dst/D[16]
    SLICE_X98Y90         FDCE                                         r  i_dmi_jtag/i_dmi_cdc/i_cdc_resp/i_dst/data_dst_q_reg[data][16]/D
  -------------------------------------------------------------------    -------------------

                         (clock tck rise edge)        0.000     0.000 r  
    H15                                               0.000     0.000 r  tck (IN)
                         net (fo=0)                   0.000     0.000    tck
    H15                  IBUF (Prop_ibuf_I_O)         1.500     1.500 r  tck_IBUF_inst/O
                         net (fo=1, routed)           3.659     5.159    tck_IBUF
    BUFGCTRL_X0Y0        BUFG (Prop_bufg_I_O)         0.101     5.260 r  tck_IBUF_BUFG_inst/O
                         net (fo=258, routed)         1.786     7.046    i_dmi_jtag/i_dmi_cdc/i_cdc_resp/i_dst/CLK
    SLICE_X98Y90         FDCE                                         r  i_dmi_jtag/i_dmi_cdc/i_cdc_resp/i_dst/data_dst_q_reg[data][16]/C





--------------------------------------------------------------------------------------
Path Group:  (none)
From Clock:  clk_out1_xlnx_clk_gen
  To Clock:  

Max Delay            33 Endpoints
Min Delay            33 Endpoints
--------------------------------------------------------------------------------------


Max Delay Paths
--------------------------------------------------------------------------------------
Slack:                    inf
  Source:                 i_ariane/i_cva6/csr_regfile_i/mstatus_q_reg[mprv]/C
                            (rising edge-triggered cell FDCE clocked by clk_out1_xlnx_clk_gen  {rise@0.000ns fall@10.000ns period=20.000ns})
  Destination:            i_ariane/i_cva6/ex_stage_i/lsu_i/i_load_unit/result_o_reg[31]/D
  Path Group:             (none)
  Path Type:              Max at Slow Process Corner
  Data Path Delay:        21.331ns  (logic 3.781ns (17.726%)  route 17.550ns (82.274%))
  Logic Levels:           18  (CARRY4=2 LUT3=2 LUT4=2 LUT5=3 LUT6=9)
  Clock Uncertainty:      0.172ns  ((TSJ^2 + DJ^2)^1/2) / 2 + PE
    Total System Jitter     (TSJ):    0.050ns
    Discrete Jitter          (DJ):    0.142ns
    Phase Error              (PE):    0.097ns

    Location             Delay type                Incr(ns)  Path(ns)    Netlist Resource(s)
  -------------------------------------------------------------------    -------------------
                         (clock clk_out1_xlnx_clk_gen rise edge)
                                                      0.000     0.000 r  
    K17                                               0.000     0.000 r  clk_sys (IN)
                         net (fo=0)                   0.000     0.000    i_xlnx_clk_gen/inst/clk_in1
    K17                  IBUF (Prop_ibuf_I_O)         1.475     1.475 r  i_xlnx_clk_gen/inst/clkin1_ibufg/O
                         net (fo=1, routed)           1.285     2.760    i_xlnx_clk_gen/inst/clk_in1_xlnx_clk_gen
    MMCME2_ADV_X1Y2      MMCME2_ADV (Prop_mmcme2_adv_CLKIN1_CLKOUT0)
                                                     -7.759    -4.999 r  i_xlnx_clk_gen/inst/mmcm_adv_inst/CLKOUT0
                         net (fo=1, routed)           2.206    -2.793    i_xlnx_clk_gen/inst/clk_out1_xlnx_clk_gen
    BUFGCTRL_X0Y16       BUFG (Prop_bufg_I_O)         0.101    -2.692 r  i_xlnx_clk_gen/inst/clkout1_buf/O
                         net (fo=20013, routed)       1.789    -0.903    i_ariane/i_cva6/csr_regfile_i/clk_out1
    SLICE_X92Y31         FDCE                                         r  i_ariane/i_cva6/csr_regfile_i/mstatus_q_reg[mprv]/C
  -------------------------------------------------------------------    -------------------
    SLICE_X92Y31         FDCE (Prop_fdce_C_Q)         0.518    -0.385 r  i_ariane/i_cva6/csr_regfile_i/mstatus_q_reg[mprv]/Q
                         net (fo=4, routed)           1.456     1.070    i_ariane/i_cva6/csr_regfile_i/mstatus_q_reg[mprv]__0
    SLICE_X71Y31         LUT3 (Prop_lut3_I0_O)        0.124     1.194 r  i_ariane/i_cva6/csr_regfile_i/en_ld_st_translation_q_i_2/O
                         net (fo=3, routed)           1.852     3.047    i_ariane/i_cva6/csr_regfile_i/en_ld_st_translation_q_i_2_n_1
    SLICE_X38Y31         LUT6 (Prop_lut6_I1_O)        0.124     3.171 f  i_ariane/i_cva6/csr_regfile_i/gen_register.d_o[34]_i_3/O
                         net (fo=4, routed)           0.734     3.905    i_ariane/i_cva6/ex_stage_i/lsu_i/gen_mmu_sv32.i_cva6_mmu/i_ptw/gen_register.d_o_reg[33]
    SLICE_X31Y33         LUT6 (Prop_lut6_I2_O)        0.124     4.029 r  i_ariane/i_cva6/ex_stage_i/lsu_i/gen_mmu_sv32.i_cva6_mmu/i_ptw/gen_register.d_o[33]_i_1/O
                         net (fo=51, routed)          0.746     4.775    i_ariane/i_cva6/ex_stage_i/lsu_i/i_load_unit/store_exception_ex_id[cause][0]
    SLICE_X27Y40         LUT6 (Prop_lut6_I0_O)        0.124     4.899 r  i_ariane/i_cva6/ex_stage_i/lsu_i/i_load_unit/FSM_sequential_state_q[1]_i_4__3/O
                         net (fo=12, routed)          1.111     6.011    i_ariane/i_cva6/gen_cache_wt.i_cache_subsystem/i_wt_dcache/gen_rd_ports[1].i_wt_dcache_ctrl/dcache_req_ports_ex_cache[1][kill_req]
    SLICE_X11Y38         LUT5 (Prop_lut5_I1_O)        0.119     6.130 r  i_ariane/i_cva6/gen_cache_wt.i_cache_subsystem/i_wt_dcache/gen_rd_ports[1].i_wt_dcache_ctrl/rd_hit_oh_q[1]_i_35/O
                         net (fo=22, routed)          0.934     7.064    i_ariane/i_cva6/gen_cache_wt.i_cache_subsystem/i_wt_dcache/gen_rd_ports[1].i_wt_dcache_ctrl/FSM_sequential_state_q_reg[2]_1
    SLICE_X12Y33         LUT6 (Prop_lut6_I1_O)        0.332     7.396 f  i_ariane/i_cva6/gen_cache_wt.i_cache_subsystem/i_wt_dcache/gen_rd_ports[1].i_wt_dcache_ctrl/rd_hit_oh_q[1]_i_47/O
                         net (fo=1, routed)           0.590     7.986    i_ariane/i_cva6/gen_cache_wt.i_cache_subsystem/i_wt_dcache/gen_rd_ports[0].i_wt_dcache_ctrl/rd_hit_oh_q[0]_i_8
    SLICE_X12Y32         LUT6 (Prop_lut6_I5_O)        0.124     8.110 r  i_ariane/i_cva6/gen_cache_wt.i_cache_subsystem/i_wt_dcache/gen_rd_ports[0].i_wt_dcache_ctrl/rd_hit_oh_q[1]_i_23/O
                         net (fo=3, routed)           1.040     9.150    i_ariane/i_cva6/gen_cache_wt.i_cache_subsystem/i_wt_dcache/i_wt_dcache_missunit/data_rdata_q[31]_i_33_1
    SLICE_X6Y29          LUT3 (Prop_lut3_I1_O)        0.150     9.300 r  i_ariane/i_cva6/gen_cache_wt.i_cache_subsystem/i_wt_dcache/i_wt_dcache_missunit/data_rdata_q[31]_i_43/O
                         net (fo=2, routed)           0.449     9.748    i_ariane/i_cva6/gen_cache_wt.i_cache_subsystem/i_wt_dcache/i_wt_dcache_missunit/data_rdata_q[31]_i_43_n_1
    SLICE_X7Y31          LUT6 (Prop_lut6_I5_O)        0.328    10.076 r  i_ariane/i_cva6/gen_cache_wt.i_cache_subsystem/i_wt_dcache/i_wt_dcache_missunit/data_rdata_q[31]_i_21/O
                         net (fo=1, routed)           0.000    10.076    i_ariane/i_cva6/gen_cache_wt.i_cache_subsystem/i_wt_dcache/i_wt_dcache_missunit/data_rdata_q[31]_i_21_n_1
    SLICE_X7Y31          CARRY4 (Prop_carry4_S[3]_CO[3])
                                                      0.401    10.477 r  i_ariane/i_cva6/gen_cache_wt.i_cache_subsystem/i_wt_dcache/i_wt_dcache_missunit/data_rdata_q_reg[31]_i_12/CO[3]
                         net (fo=1, routed)           0.000    10.477    i_ariane/i_cva6/gen_cache_wt.i_cache_subsystem/i_wt_dcache/i_wt_dcache_missunit/data_rdata_q_reg[31]_i_12_n_1
    SLICE_X7Y32          CARRY4 (Prop_carry4_CI_CO[2])
                                                      0.228    10.705 f  i_ariane/i_cva6/gen_cache_wt.i_cache_subsystem/i_wt_dcache/i_wt_dcache_missunit/data_rdata_q_reg[31]_i_9/CO[2]
                         net (fo=2, routed)           1.305    12.010    i_ariane/i_cva6/gen_cache_wt.i_cache_subsystem/i_wt_dcache/i_wt_dcache_wbuffer/data_rdata_q_reg[7]_0[0]
    SLICE_X12Y47         LUT5 (Prop_lut5_I0_O)        0.313    12.323 f  i_ariane/i_cva6/gen_cache_wt.i_cache_subsystem/i_wt_dcache/i_wt_dcache_wbuffer/data_rdata_q[31]_i_4/O
                         net (fo=37, routed)          0.393    12.716    i_ariane/i_cva6/gen_cache_wt.i_cache_subsystem/i_wt_dcache/i_wt_dcache_wbuffer/data_rdata_q[31]_i_4_n_1
    SLICE_X12Y46         LUT6 (Prop_lut6_I5_O)        0.124    12.840 r  i_ariane/i_cva6/gen_cache_wt.i_cache_subsystem/i_wt_dcache/i_wt_dcache_wbuffer/data_rdata_q[31]_i_8/O
                         net (fo=4, routed)           0.478    13.318    i_ariane/i_cva6/gen_cache_wt.i_cache_subsystem/i_wt_dcache/i_wt_dcache_wbuffer/data_rdata_q[31]_i_8_n_1
    SLICE_X13Y47         LUT4 (Prop_lut4_I0_O)        0.124    13.442 r  i_ariane/i_cva6/gen_cache_wt.i_cache_subsystem/i_wt_dcache/i_wt_dcache_wbuffer/data_rdata_q[23]_i_3/O
                         net (fo=8, routed)           0.772    14.214    i_ariane/i_cva6/gen_cache_wt.i_cache_subsystem/i_wt_dcache/i_wt_dcache_wbuffer/data_rdata_q[23]_i_3_n_1
    SLICE_X20Y43         LUT5 (Prop_lut5_I1_O)        0.124    14.338 r  i_ariane/i_cva6/gen_cache_wt.i_cache_subsystem/i_wt_dcache/i_wt_dcache_wbuffer/data_rdata_q[23]_i_1/O
                         net (fo=5, routed)           2.212    16.551    i_ariane/i_cva6/gen_cache_wt.i_cache_subsystem/i_wt_dcache/i_wt_dcache_wbuffer/req_port_i[data_rdata][23]
    SLICE_X37Y44         LUT6 (Prop_lut6_I5_O)        0.124    16.675 r  i_ariane/i_cva6/gen_cache_wt.i_cache_subsystem/i_wt_dcache/i_wt_dcache_wbuffer/result_o_reg[31]_i_10/O
                         net (fo=1, routed)           0.902    17.576    i_ariane/i_cva6/ex_stage_i/lsu_i/i_load_unit/rdata_sign_bit1__2
    SLICE_X48Y46         LUT6 (Prop_lut6_I0_O)        0.124    17.700 r  i_ariane/i_cva6/ex_stage_i/lsu_i/i_load_unit/result_o_reg[31]_i_3/O
                         net (fo=24, routed)          1.759    19.459    i_ariane/i_cva6/ex_stage_i/lsu_i/i_load_unit/rdata_sign_bit__5
    SLICE_X37Y35         LUT4 (Prop_lut4_I1_O)        0.152    19.611 r  i_ariane/i_cva6/ex_stage_i/lsu_i/i_load_unit/result_o_reg[31]_i_1/O
                         net (fo=1, routed)           0.816    20.428    i_ariane/i_cva6/ex_stage_i/lsu_i/i_load_unit/result_o_reg[31]_i_1_n_1
    SLICE_X43Y32         LDCE                                         r  i_ariane/i_cva6/ex_stage_i/lsu_i/i_load_unit/result_o_reg[31]/D
  -------------------------------------------------------------------    -------------------

Slack:                    inf
  Source:                 i_ariane/i_cva6/csr_regfile_i/mstatus_q_reg[mprv]/C
                            (rising edge-triggered cell FDCE clocked by clk_out1_xlnx_clk_gen  {rise@0.000ns fall@10.000ns period=20.000ns})
  Destination:            i_ariane/i_cva6/ex_stage_i/lsu_i/i_load_unit/result_o_reg[17]/D
  Path Group:             (none)
  Path Type:              Max at Slow Process Corner
  Data Path Delay:        21.320ns  (logic 3.753ns (17.603%)  route 17.567ns (82.397%))
  Logic Levels:           18  (CARRY4=2 LUT3=2 LUT4=1 LUT5=3 LUT6=10)
  Clock Uncertainty:      0.172ns  ((TSJ^2 + DJ^2)^1/2) / 2 + PE
    Total System Jitter     (TSJ):    0.050ns
    Discrete Jitter          (DJ):    0.142ns
    Phase Error              (PE):    0.097ns

    Location             Delay type                Incr(ns)  Path(ns)    Netlist Resource(s)
  -------------------------------------------------------------------    -------------------
                         (clock clk_out1_xlnx_clk_gen rise edge)
                                                      0.000     0.000 r  
    K17                                               0.000     0.000 r  clk_sys (IN)
                         net (fo=0)                   0.000     0.000    i_xlnx_clk_gen/inst/clk_in1
    K17                  IBUF (Prop_ibuf_I_O)         1.475     1.475 r  i_xlnx_clk_gen/inst/clkin1_ibufg/O
                         net (fo=1, routed)           1.285     2.760    i_xlnx_clk_gen/inst/clk_in1_xlnx_clk_gen
    MMCME2_ADV_X1Y2      MMCME2_ADV (Prop_mmcme2_adv_CLKIN1_CLKOUT0)
                                                     -7.759    -4.999 r  i_xlnx_clk_gen/inst/mmcm_adv_inst/CLKOUT0
                         net (fo=1, routed)           2.206    -2.793    i_xlnx_clk_gen/inst/clk_out1_xlnx_clk_gen
    BUFGCTRL_X0Y16       BUFG (Prop_bufg_I_O)         0.101    -2.692 r  i_xlnx_clk_gen/inst/clkout1_buf/O
                         net (fo=20013, routed)       1.789    -0.903    i_ariane/i_cva6/csr_regfile_i/clk_out1
    SLICE_X92Y31         FDCE                                         r  i_ariane/i_cva6/csr_regfile_i/mstatus_q_reg[mprv]/C
  -------------------------------------------------------------------    -------------------
    SLICE_X92Y31         FDCE (Prop_fdce_C_Q)         0.518    -0.385 r  i_ariane/i_cva6/csr_regfile_i/mstatus_q_reg[mprv]/Q
                         net (fo=4, routed)           1.456     1.070    i_ariane/i_cva6/csr_regfile_i/mstatus_q_reg[mprv]__0
    SLICE_X71Y31         LUT3 (Prop_lut3_I0_O)        0.124     1.194 r  i_ariane/i_cva6/csr_regfile_i/en_ld_st_translation_q_i_2/O
                         net (fo=3, routed)           1.852     3.047    i_ariane/i_cva6/csr_regfile_i/en_ld_st_translation_q_i_2_n_1
    SLICE_X38Y31         LUT6 (Prop_lut6_I1_O)        0.124     3.171 f  i_ariane/i_cva6/csr_regfile_i/gen_register.d_o[34]_i_3/O
                         net (fo=4, routed)           0.734     3.905    i_ariane/i_cva6/ex_stage_i/lsu_i/gen_mmu_sv32.i_cva6_mmu/i_ptw/gen_register.d_o_reg[33]
    SLICE_X31Y33         LUT6 (Prop_lut6_I2_O)        0.124     4.029 r  i_ariane/i_cva6/ex_stage_i/lsu_i/gen_mmu_sv32.i_cva6_mmu/i_ptw/gen_register.d_o[33]_i_1/O
                         net (fo=51, routed)          0.746     4.775    i_ariane/i_cva6/ex_stage_i/lsu_i/i_load_unit/store_exception_ex_id[cause][0]
    SLICE_X27Y40         LUT6 (Prop_lut6_I0_O)        0.124     4.899 r  i_ariane/i_cva6/ex_stage_i/lsu_i/i_load_unit/FSM_sequential_state_q[1]_i_4__3/O
                         net (fo=12, routed)          1.111     6.011    i_ariane/i_cva6/gen_cache_wt.i_cache_subsystem/i_wt_dcache/gen_rd_ports[1].i_wt_dcache_ctrl/dcache_req_ports_ex_cache[1][kill_req]
    SLICE_X11Y38         LUT5 (Prop_lut5_I1_O)        0.119     6.130 r  i_ariane/i_cva6/gen_cache_wt.i_cache_subsystem/i_wt_dcache/gen_rd_ports[1].i_wt_dcache_ctrl/rd_hit_oh_q[1]_i_35/O
                         net (fo=22, routed)          0.934     7.064    i_ariane/i_cva6/gen_cache_wt.i_cache_subsystem/i_wt_dcache/gen_rd_ports[1].i_wt_dcache_ctrl/FSM_sequential_state_q_reg[2]_1
    SLICE_X12Y33         LUT6 (Prop_lut6_I1_O)        0.332     7.396 f  i_ariane/i_cva6/gen_cache_wt.i_cache_subsystem/i_wt_dcache/gen_rd_ports[1].i_wt_dcache_ctrl/rd_hit_oh_q[1]_i_47/O
                         net (fo=1, routed)           0.590     7.986    i_ariane/i_cva6/gen_cache_wt.i_cache_subsystem/i_wt_dcache/gen_rd_ports[0].i_wt_dcache_ctrl/rd_hit_oh_q[0]_i_8
    SLICE_X12Y32         LUT6 (Prop_lut6_I5_O)        0.124     8.110 r  i_ariane/i_cva6/gen_cache_wt.i_cache_subsystem/i_wt_dcache/gen_rd_ports[0].i_wt_dcache_ctrl/rd_hit_oh_q[1]_i_23/O
                         net (fo=3, routed)           1.040     9.150    i_ariane/i_cva6/gen_cache_wt.i_cache_subsystem/i_wt_dcache/i_wt_dcache_missunit/data_rdata_q[31]_i_33_1
    SLICE_X6Y29          LUT3 (Prop_lut3_I1_O)        0.150     9.300 r  i_ariane/i_cva6/gen_cache_wt.i_cache_subsystem/i_wt_dcache/i_wt_dcache_missunit/data_rdata_q[31]_i_43/O
                         net (fo=2, routed)           0.449     9.748    i_ariane/i_cva6/gen_cache_wt.i_cache_subsystem/i_wt_dcache/i_wt_dcache_missunit/data_rdata_q[31]_i_43_n_1
    SLICE_X7Y31          LUT6 (Prop_lut6_I5_O)        0.328    10.076 r  i_ariane/i_cva6/gen_cache_wt.i_cache_subsystem/i_wt_dcache/i_wt_dcache_missunit/data_rdata_q[31]_i_21/O
                         net (fo=1, routed)           0.000    10.076    i_ariane/i_cva6/gen_cache_wt.i_cache_subsystem/i_wt_dcache/i_wt_dcache_missunit/data_rdata_q[31]_i_21_n_1
    SLICE_X7Y31          CARRY4 (Prop_carry4_S[3]_CO[3])
                                                      0.401    10.477 r  i_ariane/i_cva6/gen_cache_wt.i_cache_subsystem/i_wt_dcache/i_wt_dcache_missunit/data_rdata_q_reg[31]_i_12/CO[3]
                         net (fo=1, routed)           0.000    10.477    i_ariane/i_cva6/gen_cache_wt.i_cache_subsystem/i_wt_dcache/i_wt_dcache_missunit/data_rdata_q_reg[31]_i_12_n_1
    SLICE_X7Y32          CARRY4 (Prop_carry4_CI_CO[2])
                                                      0.228    10.705 f  i_ariane/i_cva6/gen_cache_wt.i_cache_subsystem/i_wt_dcache/i_wt_dcache_missunit/data_rdata_q_reg[31]_i_9/CO[2]
                         net (fo=2, routed)           1.305    12.010    i_ariane/i_cva6/gen_cache_wt.i_cache_subsystem/i_wt_dcache/i_wt_dcache_wbuffer/data_rdata_q_reg[7]_0[0]
    SLICE_X12Y47         LUT5 (Prop_lut5_I0_O)        0.313    12.323 f  i_ariane/i_cva6/gen_cache_wt.i_cache_subsystem/i_wt_dcache/i_wt_dcache_wbuffer/data_rdata_q[31]_i_4/O
                         net (fo=37, routed)          0.393    12.716    i_ariane/i_cva6/gen_cache_wt.i_cache_subsystem/i_wt_dcache/i_wt_dcache_wbuffer/data_rdata_q[31]_i_4_n_1
    SLICE_X12Y46         LUT6 (Prop_lut6_I5_O)        0.124    12.840 r  i_ariane/i_cva6/gen_cache_wt.i_cache_subsystem/i_wt_dcache/i_wt_dcache_wbuffer/data_rdata_q[31]_i_8/O
                         net (fo=4, routed)           0.478    13.318    i_ariane/i_cva6/gen_cache_wt.i_cache_subsystem/i_wt_dcache/i_wt_dcache_wbuffer/data_rdata_q[31]_i_8_n_1
    SLICE_X13Y47         LUT4 (Prop_lut4_I0_O)        0.124    13.442 r  i_ariane/i_cva6/gen_cache_wt.i_cache_subsystem/i_wt_dcache/i_wt_dcache_wbuffer/data_rdata_q[23]_i_3/O
                         net (fo=8, routed)           0.772    14.214    i_ariane/i_cva6/gen_cache_wt.i_cache_subsystem/i_wt_dcache/i_wt_dcache_wbuffer/data_rdata_q[23]_i_3_n_1
    SLICE_X20Y43         LUT5 (Prop_lut5_I1_O)        0.124    14.338 r  i_ariane/i_cva6/gen_cache_wt.i_cache_subsystem/i_wt_dcache/i_wt_dcache_wbuffer/data_rdata_q[23]_i_1/O
                         net (fo=5, routed)           2.212    16.551    i_ariane/i_cva6/gen_cache_wt.i_cache_subsystem/i_wt_dcache/i_wt_dcache_wbuffer/req_port_i[data_rdata][23]
    SLICE_X37Y44         LUT6 (Prop_lut6_I5_O)        0.124    16.675 r  i_ariane/i_cva6/gen_cache_wt.i_cache_subsystem/i_wt_dcache/i_wt_dcache_wbuffer/result_o_reg[31]_i_10/O
                         net (fo=1, routed)           0.902    17.576    i_ariane/i_cva6/ex_stage_i/lsu_i/i_load_unit/rdata_sign_bit1__2
    SLICE_X48Y46         LUT6 (Prop_lut6_I0_O)        0.124    17.700 r  i_ariane/i_cva6/ex_stage_i/lsu_i/i_load_unit/result_o_reg[31]_i_3/O
                         net (fo=24, routed)          1.602    19.302    i_ariane/i_cva6/ex_stage_i/lsu_i/i_load_unit/rdata_sign_bit__5
    SLICE_X35Y39         LUT6 (Prop_lut6_I1_O)        0.124    19.426 r  i_ariane/i_cva6/ex_stage_i/lsu_i/i_load_unit/result_o_reg[17]_i_1/O
                         net (fo=1, routed)           0.991    20.417    i_ariane/i_cva6/ex_stage_i/lsu_i/i_load_unit/result_o_reg[17]_i_1_n_1
    SLICE_X51Y41         LDCE                                         r  i_ariane/i_cva6/ex_stage_i/lsu_i/i_load_unit/result_o_reg[17]/D
  -------------------------------------------------------------------    -------------------

Slack:                    inf
  Source:                 i_ariane/i_cva6/csr_regfile_i/mstatus_q_reg[mprv]/C
                            (rising edge-triggered cell FDCE clocked by clk_out1_xlnx_clk_gen  {rise@0.000ns fall@10.000ns period=20.000ns})
  Destination:            i_ariane/i_cva6/ex_stage_i/lsu_i/i_load_unit/result_o_reg[19]/D
  Path Group:             (none)
  Path Type:              Max at Slow Process Corner
  Data Path Delay:        21.269ns  (logic 3.753ns (17.645%)  route 17.516ns (82.355%))
  Logic Levels:           18  (CARRY4=2 LUT3=2 LUT4=1 LUT5=3 LUT6=10)
  Clock Uncertainty:      0.172ns  ((TSJ^2 + DJ^2)^1/2) / 2 + PE
    Total System Jitter     (TSJ):    0.050ns
    Discrete Jitter          (DJ):    0.142ns
    Phase Error              (PE):    0.097ns

    Location             Delay type                Incr(ns)  Path(ns)    Netlist Resource(s)
  -------------------------------------------------------------------    -------------------
                         (clock clk_out1_xlnx_clk_gen rise edge)
                                                      0.000     0.000 r  
    K17                                               0.000     0.000 r  clk_sys (IN)
                         net (fo=0)                   0.000     0.000    i_xlnx_clk_gen/inst/clk_in1
    K17                  IBUF (Prop_ibuf_I_O)         1.475     1.475 r  i_xlnx_clk_gen/inst/clkin1_ibufg/O
                         net (fo=1, routed)           1.285     2.760    i_xlnx_clk_gen/inst/clk_in1_xlnx_clk_gen
    MMCME2_ADV_X1Y2      MMCME2_ADV (Prop_mmcme2_adv_CLKIN1_CLKOUT0)
                                                     -7.759    -4.999 r  i_xlnx_clk_gen/inst/mmcm_adv_inst/CLKOUT0
                         net (fo=1, routed)           2.206    -2.793    i_xlnx_clk_gen/inst/clk_out1_xlnx_clk_gen
    BUFGCTRL_X0Y16       BUFG (Prop_bufg_I_O)         0.101    -2.692 r  i_xlnx_clk_gen/inst/clkout1_buf/O
                         net (fo=20013, routed)       1.789    -0.903    i_ariane/i_cva6/csr_regfile_i/clk_out1
    SLICE_X92Y31         FDCE                                         r  i_ariane/i_cva6/csr_regfile_i/mstatus_q_reg[mprv]/C
  -------------------------------------------------------------------    -------------------
    SLICE_X92Y31         FDCE (Prop_fdce_C_Q)         0.518    -0.385 r  i_ariane/i_cva6/csr_regfile_i/mstatus_q_reg[mprv]/Q
                         net (fo=4, routed)           1.456     1.070    i_ariane/i_cva6/csr_regfile_i/mstatus_q_reg[mprv]__0
    SLICE_X71Y31         LUT3 (Prop_lut3_I0_O)        0.124     1.194 r  i_ariane/i_cva6/csr_regfile_i/en_ld_st_translation_q_i_2/O
                         net (fo=3, routed)           1.852     3.047    i_ariane/i_cva6/csr_regfile_i/en_ld_st_translation_q_i_2_n_1
    SLICE_X38Y31         LUT6 (Prop_lut6_I1_O)        0.124     3.171 f  i_ariane/i_cva6/csr_regfile_i/gen_register.d_o[34]_i_3/O
                         net (fo=4, routed)           0.734     3.905    i_ariane/i_cva6/ex_stage_i/lsu_i/gen_mmu_sv32.i_cva6_mmu/i_ptw/gen_register.d_o_reg[33]
    SLICE_X31Y33         LUT6 (Prop_lut6_I2_O)        0.124     4.029 r  i_ariane/i_cva6/ex_stage_i/lsu_i/gen_mmu_sv32.i_cva6_mmu/i_ptw/gen_register.d_o[33]_i_1/O
                         net (fo=51, routed)          0.746     4.775    i_ariane/i_cva6/ex_stage_i/lsu_i/i_load_unit/store_exception_ex_id[cause][0]
    SLICE_X27Y40         LUT6 (Prop_lut6_I0_O)        0.124     4.899 r  i_ariane/i_cva6/ex_stage_i/lsu_i/i_load_unit/FSM_sequential_state_q[1]_i_4__3/O
                         net (fo=12, routed)          1.111     6.011    i_ariane/i_cva6/gen_cache_wt.i_cache_subsystem/i_wt_dcache/gen_rd_ports[1].i_wt_dcache_ctrl/dcache_req_ports_ex_cache[1][kill_req]
    SLICE_X11Y38         LUT5 (Prop_lut5_I1_O)        0.119     6.130 r  i_ariane/i_cva6/gen_cache_wt.i_cache_subsystem/i_wt_dcache/gen_rd_ports[1].i_wt_dcache_ctrl/rd_hit_oh_q[1]_i_35/O
                         net (fo=22, routed)          0.934     7.064    i_ariane/i_cva6/gen_cache_wt.i_cache_subsystem/i_wt_dcache/gen_rd_ports[1].i_wt_dcache_ctrl/FSM_sequential_state_q_reg[2]_1
    SLICE_X12Y33         LUT6 (Prop_lut6_I1_O)        0.332     7.396 f  i_ariane/i_cva6/gen_cache_wt.i_cache_subsystem/i_wt_dcache/gen_rd_ports[1].i_wt_dcache_ctrl/rd_hit_oh_q[1]_i_47/O
                         net (fo=1, routed)           0.590     7.986    i_ariane/i_cva6/gen_cache_wt.i_cache_subsystem/i_wt_dcache/gen_rd_ports[0].i_wt_dcache_ctrl/rd_hit_oh_q[0]_i_8
    SLICE_X12Y32         LUT6 (Prop_lut6_I5_O)        0.124     8.110 r  i_ariane/i_cva6/gen_cache_wt.i_cache_subsystem/i_wt_dcache/gen_rd_ports[0].i_wt_dcache_ctrl/rd_hit_oh_q[1]_i_23/O
                         net (fo=3, routed)           1.040     9.150    i_ariane/i_cva6/gen_cache_wt.i_cache_subsystem/i_wt_dcache/i_wt_dcache_missunit/data_rdata_q[31]_i_33_1
    SLICE_X6Y29          LUT3 (Prop_lut3_I1_O)        0.150     9.300 r  i_ariane/i_cva6/gen_cache_wt.i_cache_subsystem/i_wt_dcache/i_wt_dcache_missunit/data_rdata_q[31]_i_43/O
                         net (fo=2, routed)           0.449     9.748    i_ariane/i_cva6/gen_cache_wt.i_cache_subsystem/i_wt_dcache/i_wt_dcache_missunit/data_rdata_q[31]_i_43_n_1
    SLICE_X7Y31          LUT6 (Prop_lut6_I5_O)        0.328    10.076 r  i_ariane/i_cva6/gen_cache_wt.i_cache_subsystem/i_wt_dcache/i_wt_dcache_missunit/data_rdata_q[31]_i_21/O
                         net (fo=1, routed)           0.000    10.076    i_ariane/i_cva6/gen_cache_wt.i_cache_subsystem/i_wt_dcache/i_wt_dcache_missunit/data_rdata_q[31]_i_21_n_1
    SLICE_X7Y31          CARRY4 (Prop_carry4_S[3]_CO[3])
                                                      0.401    10.477 r  i_ariane/i_cva6/gen_cache_wt.i_cache_subsystem/i_wt_dcache/i_wt_dcache_missunit/data_rdata_q_reg[31]_i_12/CO[3]
                         net (fo=1, routed)           0.000    10.477    i_ariane/i_cva6/gen_cache_wt.i_cache_subsystem/i_wt_dcache/i_wt_dcache_missunit/data_rdata_q_reg[31]_i_12_n_1
    SLICE_X7Y32          CARRY4 (Prop_carry4_CI_CO[2])
                                                      0.228    10.705 f  i_ariane/i_cva6/gen_cache_wt.i_cache_subsystem/i_wt_dcache/i_wt_dcache_missunit/data_rdata_q_reg[31]_i_9/CO[2]
                         net (fo=2, routed)           1.305    12.010    i_ariane/i_cva6/gen_cache_wt.i_cache_subsystem/i_wt_dcache/i_wt_dcache_wbuffer/data_rdata_q_reg[7]_0[0]
    SLICE_X12Y47         LUT5 (Prop_lut5_I0_O)        0.313    12.323 f  i_ariane/i_cva6/gen_cache_wt.i_cache_subsystem/i_wt_dcache/i_wt_dcache_wbuffer/data_rdata_q[31]_i_4/O
                         net (fo=37, routed)          0.393    12.716    i_ariane/i_cva6/gen_cache_wt.i_cache_subsystem/i_wt_dcache/i_wt_dcache_wbuffer/data_rdata_q[31]_i_4_n_1
    SLICE_X12Y46         LUT6 (Prop_lut6_I5_O)        0.124    12.840 r  i_ariane/i_cva6/gen_cache_wt.i_cache_subsystem/i_wt_dcache/i_wt_dcache_wbuffer/data_rdata_q[31]_i_8/O
                         net (fo=4, routed)           0.478    13.318    i_ariane/i_cva6/gen_cache_wt.i_cache_subsystem/i_wt_dcache/i_wt_dcache_wbuffer/data_rdata_q[31]_i_8_n_1
    SLICE_X13Y47         LUT4 (Prop_lut4_I0_O)        0.124    13.442 r  i_ariane/i_cva6/gen_cache_wt.i_cache_subsystem/i_wt_dcache/i_wt_dcache_wbuffer/data_rdata_q[23]_i_3/O
                         net (fo=8, routed)           0.772    14.214    i_ariane/i_cva6/gen_cache_wt.i_cache_subsystem/i_wt_dcache/i_wt_dcache_wbuffer/data_rdata_q[23]_i_3_n_1
    SLICE_X20Y43         LUT5 (Prop_lut5_I1_O)        0.124    14.338 r  i_ariane/i_cva6/gen_cache_wt.i_cache_subsystem/i_wt_dcache/i_wt_dcache_wbuffer/data_rdata_q[23]_i_1/O
                         net (fo=5, routed)           2.212    16.551    i_ariane/i_cva6/gen_cache_wt.i_cache_subsystem/i_wt_dcache/i_wt_dcache_wbuffer/req_port_i[data_rdata][23]
    SLICE_X37Y44         LUT6 (Prop_lut6_I5_O)        0.124    16.675 r  i_ariane/i_cva6/gen_cache_wt.i_cache_subsystem/i_wt_dcache/i_wt_dcache_wbuffer/result_o_reg[31]_i_10/O
                         net (fo=1, routed)           0.902    17.576    i_ariane/i_cva6/ex_stage_i/lsu_i/i_load_unit/rdata_sign_bit1__2
    SLICE_X48Y46         LUT6 (Prop_lut6_I0_O)        0.124    17.700 r  i_ariane/i_cva6/ex_stage_i/lsu_i/i_load_unit/result_o_reg[31]_i_3/O
                         net (fo=24, routed)          1.507    19.207    i_ariane/i_cva6/ex_stage_i/lsu_i/i_load_unit/rdata_sign_bit__5
    SLICE_X36Y38         LUT6 (Prop_lut6_I1_O)        0.124    19.331 r  i_ariane/i_cva6/ex_stage_i/lsu_i/i_load_unit/result_o_reg[19]_i_1/O
                         net (fo=1, routed)           1.035    20.366    i_ariane/i_cva6/ex_stage_i/lsu_i/i_load_unit/result_o_reg[19]_i_1_n_1
    SLICE_X36Y31         LDCE                                         r  i_ariane/i_cva6/ex_stage_i/lsu_i/i_load_unit/result_o_reg[19]/D
  -------------------------------------------------------------------    -------------------

Slack:                    inf
  Source:                 i_ariane/i_cva6/csr_regfile_i/mstatus_q_reg[mprv]/C
                            (rising edge-triggered cell FDCE clocked by clk_out1_xlnx_clk_gen  {rise@0.000ns fall@10.000ns period=20.000ns})
  Destination:            i_ariane/i_cva6/ex_stage_i/lsu_i/i_load_unit/result_o_reg[9]/D
  Path Group:             (none)
  Path Type:              Max at Slow Process Corner
  Data Path Delay:        21.137ns  (logic 3.753ns (17.755%)  route 17.384ns (82.245%))
  Logic Levels:           18  (CARRY4=2 LUT3=2 LUT4=1 LUT5=4 LUT6=9)
  Clock Uncertainty:      0.172ns  ((TSJ^2 + DJ^2)^1/2) / 2 + PE
    Total System Jitter     (TSJ):    0.050ns
    Discrete Jitter          (DJ):    0.142ns
    Phase Error              (PE):    0.097ns

    Location             Delay type                Incr(ns)  Path(ns)    Netlist Resource(s)
  -------------------------------------------------------------------    -------------------
                         (clock clk_out1_xlnx_clk_gen rise edge)
                                                      0.000     0.000 r  
    K17                                               0.000     0.000 r  clk_sys (IN)
                         net (fo=0)                   0.000     0.000    i_xlnx_clk_gen/inst/clk_in1
    K17                  IBUF (Prop_ibuf_I_O)         1.475     1.475 r  i_xlnx_clk_gen/inst/clkin1_ibufg/O
                         net (fo=1, routed)           1.285     2.760    i_xlnx_clk_gen/inst/clk_in1_xlnx_clk_gen
    MMCME2_ADV_X1Y2      MMCME2_ADV (Prop_mmcme2_adv_CLKIN1_CLKOUT0)
                                                     -7.759    -4.999 r  i_xlnx_clk_gen/inst/mmcm_adv_inst/CLKOUT0
                         net (fo=1, routed)           2.206    -2.793    i_xlnx_clk_gen/inst/clk_out1_xlnx_clk_gen
    BUFGCTRL_X0Y16       BUFG (Prop_bufg_I_O)         0.101    -2.692 r  i_xlnx_clk_gen/inst/clkout1_buf/O
                         net (fo=20013, routed)       1.789    -0.903    i_ariane/i_cva6/csr_regfile_i/clk_out1
    SLICE_X92Y31         FDCE                                         r  i_ariane/i_cva6/csr_regfile_i/mstatus_q_reg[mprv]/C
  -------------------------------------------------------------------    -------------------
    SLICE_X92Y31         FDCE (Prop_fdce_C_Q)         0.518    -0.385 r  i_ariane/i_cva6/csr_regfile_i/mstatus_q_reg[mprv]/Q
                         net (fo=4, routed)           1.456     1.070    i_ariane/i_cva6/csr_regfile_i/mstatus_q_reg[mprv]__0
    SLICE_X71Y31         LUT3 (Prop_lut3_I0_O)        0.124     1.194 r  i_ariane/i_cva6/csr_regfile_i/en_ld_st_translation_q_i_2/O
                         net (fo=3, routed)           1.852     3.047    i_ariane/i_cva6/csr_regfile_i/en_ld_st_translation_q_i_2_n_1
    SLICE_X38Y31         LUT6 (Prop_lut6_I1_O)        0.124     3.171 f  i_ariane/i_cva6/csr_regfile_i/gen_register.d_o[34]_i_3/O
                         net (fo=4, routed)           0.734     3.905    i_ariane/i_cva6/ex_stage_i/lsu_i/gen_mmu_sv32.i_cva6_mmu/i_ptw/gen_register.d_o_reg[33]
    SLICE_X31Y33         LUT6 (Prop_lut6_I2_O)        0.124     4.029 r  i_ariane/i_cva6/ex_stage_i/lsu_i/gen_mmu_sv32.i_cva6_mmu/i_ptw/gen_register.d_o[33]_i_1/O
                         net (fo=51, routed)          0.746     4.775    i_ariane/i_cva6/ex_stage_i/lsu_i/i_load_unit/store_exception_ex_id[cause][0]
    SLICE_X27Y40         LUT6 (Prop_lut6_I0_O)        0.124     4.899 r  i_ariane/i_cva6/ex_stage_i/lsu_i/i_load_unit/FSM_sequential_state_q[1]_i_4__3/O
                         net (fo=12, routed)          1.111     6.011    i_ariane/i_cva6/gen_cache_wt.i_cache_subsystem/i_wt_dcache/gen_rd_ports[1].i_wt_dcache_ctrl/dcache_req_ports_ex_cache[1][kill_req]
    SLICE_X11Y38         LUT5 (Prop_lut5_I1_O)        0.119     6.130 r  i_ariane/i_cva6/gen_cache_wt.i_cache_subsystem/i_wt_dcache/gen_rd_ports[1].i_wt_dcache_ctrl/rd_hit_oh_q[1]_i_35/O
                         net (fo=22, routed)          0.934     7.064    i_ariane/i_cva6/gen_cache_wt.i_cache_subsystem/i_wt_dcache/gen_rd_ports[1].i_wt_dcache_ctrl/FSM_sequential_state_q_reg[2]_1
    SLICE_X12Y33         LUT6 (Prop_lut6_I1_O)        0.332     7.396 f  i_ariane/i_cva6/gen_cache_wt.i_cache_subsystem/i_wt_dcache/gen_rd_ports[1].i_wt_dcache_ctrl/rd_hit_oh_q[1]_i_47/O
                         net (fo=1, routed)           0.590     7.986    i_ariane/i_cva6/gen_cache_wt.i_cache_subsystem/i_wt_dcache/gen_rd_ports[0].i_wt_dcache_ctrl/rd_hit_oh_q[0]_i_8
    SLICE_X12Y32         LUT6 (Prop_lut6_I5_O)        0.124     8.110 r  i_ariane/i_cva6/gen_cache_wt.i_cache_subsystem/i_wt_dcache/gen_rd_ports[0].i_wt_dcache_ctrl/rd_hit_oh_q[1]_i_23/O
                         net (fo=3, routed)           1.040     9.150    i_ariane/i_cva6/gen_cache_wt.i_cache_subsystem/i_wt_dcache/i_wt_dcache_missunit/data_rdata_q[31]_i_33_1
    SLICE_X6Y29          LUT3 (Prop_lut3_I1_O)        0.150     9.300 r  i_ariane/i_cva6/gen_cache_wt.i_cache_subsystem/i_wt_dcache/i_wt_dcache_missunit/data_rdata_q[31]_i_43/O
                         net (fo=2, routed)           0.449     9.748    i_ariane/i_cva6/gen_cache_wt.i_cache_subsystem/i_wt_dcache/i_wt_dcache_missunit/data_rdata_q[31]_i_43_n_1
    SLICE_X7Y31          LUT6 (Prop_lut6_I5_O)        0.328    10.076 r  i_ariane/i_cva6/gen_cache_wt.i_cache_subsystem/i_wt_dcache/i_wt_dcache_missunit/data_rdata_q[31]_i_21/O
                         net (fo=1, routed)           0.000    10.076    i_ariane/i_cva6/gen_cache_wt.i_cache_subsystem/i_wt_dcache/i_wt_dcache_missunit/data_rdata_q[31]_i_21_n_1
    SLICE_X7Y31          CARRY4 (Prop_carry4_S[3]_CO[3])
                                                      0.401    10.477 r  i_ariane/i_cva6/gen_cache_wt.i_cache_subsystem/i_wt_dcache/i_wt_dcache_missunit/data_rdata_q_reg[31]_i_12/CO[3]
                         net (fo=1, routed)           0.000    10.477    i_ariane/i_cva6/gen_cache_wt.i_cache_subsystem/i_wt_dcache/i_wt_dcache_missunit/data_rdata_q_reg[31]_i_12_n_1
    SLICE_X7Y32          CARRY4 (Prop_carry4_CI_CO[2])
                                                      0.228    10.705 f  i_ariane/i_cva6/gen_cache_wt.i_cache_subsystem/i_wt_dcache/i_wt_dcache_missunit/data_rdata_q_reg[31]_i_9/CO[2]
                         net (fo=2, routed)           1.305    12.010    i_ariane/i_cva6/gen_cache_wt.i_cache_subsystem/i_wt_dcache/i_wt_dcache_wbuffer/data_rdata_q_reg[7]_0[0]
    SLICE_X12Y47         LUT5 (Prop_lut5_I0_O)        0.313    12.323 f  i_ariane/i_cva6/gen_cache_wt.i_cache_subsystem/i_wt_dcache/i_wt_dcache_wbuffer/data_rdata_q[31]_i_4/O
                         net (fo=37, routed)          0.393    12.716    i_ariane/i_cva6/gen_cache_wt.i_cache_subsystem/i_wt_dcache/i_wt_dcache_wbuffer/data_rdata_q[31]_i_4_n_1
    SLICE_X12Y46         LUT6 (Prop_lut6_I5_O)        0.124    12.840 r  i_ariane/i_cva6/gen_cache_wt.i_cache_subsystem/i_wt_dcache/i_wt_dcache_wbuffer/data_rdata_q[31]_i_8/O
                         net (fo=4, routed)           0.478    13.318    i_ariane/i_cva6/gen_cache_wt.i_cache_subsystem/i_wt_dcache/i_wt_dcache_wbuffer/data_rdata_q[31]_i_8_n_1
    SLICE_X13Y47         LUT4 (Prop_lut4_I0_O)        0.124    13.442 r  i_ariane/i_cva6/gen_cache_wt.i_cache_subsystem/i_wt_dcache/i_wt_dcache_wbuffer/data_rdata_q[23]_i_3/O
                         net (fo=8, routed)           0.772    14.214    i_ariane/i_cva6/gen_cache_wt.i_cache_subsystem/i_wt_dcache/i_wt_dcache_wbuffer/data_rdata_q[23]_i_3_n_1
    SLICE_X20Y43         LUT5 (Prop_lut5_I1_O)        0.124    14.338 r  i_ariane/i_cva6/gen_cache_wt.i_cache_subsystem/i_wt_dcache/i_wt_dcache_wbuffer/data_rdata_q[23]_i_1/O
                         net (fo=5, routed)           2.212    16.551    i_ariane/i_cva6/gen_cache_wt.i_cache_subsystem/i_wt_dcache/i_wt_dcache_wbuffer/req_port_i[data_rdata][23]
    SLICE_X37Y44         LUT6 (Prop_lut6_I5_O)        0.124    16.675 r  i_ariane/i_cva6/gen_cache_wt.i_cache_subsystem/i_wt_dcache/i_wt_dcache_wbuffer/result_o_reg[31]_i_10/O
                         net (fo=1, routed)           0.902    17.576    i_ariane/i_cva6/ex_stage_i/lsu_i/i_load_unit/rdata_sign_bit1__2
    SLICE_X48Y46         LUT6 (Prop_lut6_I0_O)        0.124    17.700 r  i_ariane/i_cva6/ex_stage_i/lsu_i/i_load_unit/result_o_reg[31]_i_3/O
                         net (fo=24, routed)          1.513    19.213    i_ariane/i_cva6/ex_stage_i/lsu_i/i_load_unit/rdata_sign_bit__5
    SLICE_X36Y39         LUT5 (Prop_lut5_I0_O)        0.124    19.337 r  i_ariane/i_cva6/ex_stage_i/lsu_i/i_load_unit/result_o_reg[9]_i_1/O
                         net (fo=1, routed)           0.897    20.234    i_ariane/i_cva6/ex_stage_i/lsu_i/i_load_unit/result_o_reg[9]_i_1_n_1
    SLICE_X45Y35         LDCE                                         r  i_ariane/i_cva6/ex_stage_i/lsu_i/i_load_unit/result_o_reg[9]/D
  -------------------------------------------------------------------    -------------------

Slack:                    inf
  Source:                 i_ariane/i_cva6/csr_regfile_i/mstatus_q_reg[mprv]/C
                            (rising edge-triggered cell FDCE clocked by clk_out1_xlnx_clk_gen  {rise@0.000ns fall@10.000ns period=20.000ns})
  Destination:            i_ariane/i_cva6/ex_stage_i/lsu_i/i_load_unit/result_o_reg[23]/D
  Path Group:             (none)
  Path Type:              Max at Slow Process Corner
  Data Path Delay:        21.073ns  (logic 3.753ns (17.810%)  route 17.320ns (82.190%))
  Logic Levels:           18  (CARRY4=2 LUT3=2 LUT4=1 LUT5=3 LUT6=10)
  Clock Uncertainty:      0.172ns  ((TSJ^2 + DJ^2)^1/2) / 2 + PE
    Total System Jitter     (TSJ):    0.050ns
    Discrete Jitter          (DJ):    0.142ns
    Phase Error              (PE):    0.097ns

    Location             Delay type                Incr(ns)  Path(ns)    Netlist Resource(s)
  -------------------------------------------------------------------    -------------------
                         (clock clk_out1_xlnx_clk_gen rise edge)
                                                      0.000     0.000 r  
    K17                                               0.000     0.000 r  clk_sys (IN)
                         net (fo=0)                   0.000     0.000    i_xlnx_clk_gen/inst/clk_in1
    K17                  IBUF (Prop_ibuf_I_O)         1.475     1.475 r  i_xlnx_clk_gen/inst/clkin1_ibufg/O
                         net (fo=1, routed)           1.285     2.760    i_xlnx_clk_gen/inst/clk_in1_xlnx_clk_gen
    MMCME2_ADV_X1Y2      MMCME2_ADV (Prop_mmcme2_adv_CLKIN1_CLKOUT0)
                                                     -7.759    -4.999 r  i_xlnx_clk_gen/inst/mmcm_adv_inst/CLKOUT0
                         net (fo=1, routed)           2.206    -2.793    i_xlnx_clk_gen/inst/clk_out1_xlnx_clk_gen
    BUFGCTRL_X0Y16       BUFG (Prop_bufg_I_O)         0.101    -2.692 r  i_xlnx_clk_gen/inst/clkout1_buf/O
                         net (fo=20013, routed)       1.789    -0.903    i_ariane/i_cva6/csr_regfile_i/clk_out1
    SLICE_X92Y31         FDCE                                         r  i_ariane/i_cva6/csr_regfile_i/mstatus_q_reg[mprv]/C
  -------------------------------------------------------------------    -------------------
    SLICE_X92Y31         FDCE (Prop_fdce_C_Q)         0.518    -0.385 r  i_ariane/i_cva6/csr_regfile_i/mstatus_q_reg[mprv]/Q
                         net (fo=4, routed)           1.456     1.070    i_ariane/i_cva6/csr_regfile_i/mstatus_q_reg[mprv]__0
    SLICE_X71Y31         LUT3 (Prop_lut3_I0_O)        0.124     1.194 r  i_ariane/i_cva6/csr_regfile_i/en_ld_st_translation_q_i_2/O
                         net (fo=3, routed)           1.852     3.047    i_ariane/i_cva6/csr_regfile_i/en_ld_st_translation_q_i_2_n_1
    SLICE_X38Y31         LUT6 (Prop_lut6_I1_O)        0.124     3.171 f  i_ariane/i_cva6/csr_regfile_i/gen_register.d_o[34]_i_3/O
                         net (fo=4, routed)           0.734     3.905    i_ariane/i_cva6/ex_stage_i/lsu_i/gen_mmu_sv32.i_cva6_mmu/i_ptw/gen_register.d_o_reg[33]
    SLICE_X31Y33         LUT6 (Prop_lut6_I2_O)        0.124     4.029 r  i_ariane/i_cva6/ex_stage_i/lsu_i/gen_mmu_sv32.i_cva6_mmu/i_ptw/gen_register.d_o[33]_i_1/O
                         net (fo=51, routed)          0.746     4.775    i_ariane/i_cva6/ex_stage_i/lsu_i/i_load_unit/store_exception_ex_id[cause][0]
    SLICE_X27Y40         LUT6 (Prop_lut6_I0_O)        0.124     4.899 r  i_ariane/i_cva6/ex_stage_i/lsu_i/i_load_unit/FSM_sequential_state_q[1]_i_4__3/O
                         net (fo=12, routed)          1.111     6.011    i_ariane/i_cva6/gen_cache_wt.i_cache_subsystem/i_wt_dcache/gen_rd_ports[1].i_wt_dcache_ctrl/dcache_req_ports_ex_cache[1][kill_req]
    SLICE_X11Y38         LUT5 (Prop_lut5_I1_O)        0.119     6.130 r  i_ariane/i_cva6/gen_cache_wt.i_cache_subsystem/i_wt_dcache/gen_rd_ports[1].i_wt_dcache_ctrl/rd_hit_oh_q[1]_i_35/O
                         net (fo=22, routed)          0.934     7.064    i_ariane/i_cva6/gen_cache_wt.i_cache_subsystem/i_wt_dcache/gen_rd_ports[1].i_wt_dcache_ctrl/FSM_sequential_state_q_reg[2]_1
    SLICE_X12Y33         LUT6 (Prop_lut6_I1_O)        0.332     7.396 f  i_ariane/i_cva6/gen_cache_wt.i_cache_subsystem/i_wt_dcache/gen_rd_ports[1].i_wt_dcache_ctrl/rd_hit_oh_q[1]_i_47/O
                         net (fo=1, routed)           0.590     7.986    i_ariane/i_cva6/gen_cache_wt.i_cache_subsystem/i_wt_dcache/gen_rd_ports[0].i_wt_dcache_ctrl/rd_hit_oh_q[0]_i_8
    SLICE_X12Y32         LUT6 (Prop_lut6_I5_O)        0.124     8.110 r  i_ariane/i_cva6/gen_cache_wt.i_cache_subsystem/i_wt_dcache/gen_rd_ports[0].i_wt_dcache_ctrl/rd_hit_oh_q[1]_i_23/O
                         net (fo=3, routed)           1.040     9.150    i_ariane/i_cva6/gen_cache_wt.i_cache_subsystem/i_wt_dcache/i_wt_dcache_missunit/data_rdata_q[31]_i_33_1
    SLICE_X6Y29          LUT3 (Prop_lut3_I1_O)        0.150     9.300 r  i_ariane/i_cva6/gen_cache_wt.i_cache_subsystem/i_wt_dcache/i_wt_dcache_missunit/data_rdata_q[31]_i_43/O
                         net (fo=2, routed)           0.449     9.748    i_ariane/i_cva6/gen_cache_wt.i_cache_subsystem/i_wt_dcache/i_wt_dcache_missunit/data_rdata_q[31]_i_43_n_1
    SLICE_X7Y31          LUT6 (Prop_lut6_I5_O)        0.328    10.076 r  i_ariane/i_cva6/gen_cache_wt.i_cache_subsystem/i_wt_dcache/i_wt_dcache_missunit/data_rdata_q[31]_i_21/O
                         net (fo=1, routed)           0.000    10.076    i_ariane/i_cva6/gen_cache_wt.i_cache_subsystem/i_wt_dcache/i_wt_dcache_missunit/data_rdata_q[31]_i_21_n_1
    SLICE_X7Y31          CARRY4 (Prop_carry4_S[3]_CO[3])
                                                      0.401    10.477 r  i_ariane/i_cva6/gen_cache_wt.i_cache_subsystem/i_wt_dcache/i_wt_dcache_missunit/data_rdata_q_reg[31]_i_12/CO[3]
                         net (fo=1, routed)           0.000    10.477    i_ariane/i_cva6/gen_cache_wt.i_cache_subsystem/i_wt_dcache/i_wt_dcache_missunit/data_rdata_q_reg[31]_i_12_n_1
    SLICE_X7Y32          CARRY4 (Prop_carry4_CI_CO[2])
                                                      0.228    10.705 f  i_ariane/i_cva6/gen_cache_wt.i_cache_subsystem/i_wt_dcache/i_wt_dcache_missunit/data_rdata_q_reg[31]_i_9/CO[2]
                         net (fo=2, routed)           1.305    12.010    i_ariane/i_cva6/gen_cache_wt.i_cache_subsystem/i_wt_dcache/i_wt_dcache_wbuffer/data_rdata_q_reg[7]_0[0]
    SLICE_X12Y47         LUT5 (Prop_lut5_I0_O)        0.313    12.323 f  i_ariane/i_cva6/gen_cache_wt.i_cache_subsystem/i_wt_dcache/i_wt_dcache_wbuffer/data_rdata_q[31]_i_4/O
                         net (fo=37, routed)          0.393    12.716    i_ariane/i_cva6/gen_cache_wt.i_cache_subsystem/i_wt_dcache/i_wt_dcache_wbuffer/data_rdata_q[31]_i_4_n_1
    SLICE_X12Y46         LUT6 (Prop_lut6_I5_O)        0.124    12.840 r  i_ariane/i_cva6/gen_cache_wt.i_cache_subsystem/i_wt_dcache/i_wt_dcache_wbuffer/data_rdata_q[31]_i_8/O
                         net (fo=4, routed)           0.478    13.318    i_ariane/i_cva6/gen_cache_wt.i_cache_subsystem/i_wt_dcache/i_wt_dcache_wbuffer/data_rdata_q[31]_i_8_n_1
    SLICE_X13Y47         LUT4 (Prop_lut4_I0_O)        0.124    13.442 r  i_ariane/i_cva6/gen_cache_wt.i_cache_subsystem/i_wt_dcache/i_wt_dcache_wbuffer/data_rdata_q[23]_i_3/O
                         net (fo=8, routed)           0.772    14.214    i_ariane/i_cva6/gen_cache_wt.i_cache_subsystem/i_wt_dcache/i_wt_dcache_wbuffer/data_rdata_q[23]_i_3_n_1
    SLICE_X20Y43         LUT5 (Prop_lut5_I1_O)        0.124    14.338 r  i_ariane/i_cva6/gen_cache_wt.i_cache_subsystem/i_wt_dcache/i_wt_dcache_wbuffer/data_rdata_q[23]_i_1/O
                         net (fo=5, routed)           2.212    16.551    i_ariane/i_cva6/gen_cache_wt.i_cache_subsystem/i_wt_dcache/i_wt_dcache_wbuffer/req_port_i[data_rdata][23]
    SLICE_X37Y44         LUT6 (Prop_lut6_I5_O)        0.124    16.675 r  i_ariane/i_cva6/gen_cache_wt.i_cache_subsystem/i_wt_dcache/i_wt_dcache_wbuffer/result_o_reg[31]_i_10/O
                         net (fo=1, routed)           0.902    17.576    i_ariane/i_cva6/ex_stage_i/lsu_i/i_load_unit/rdata_sign_bit1__2
    SLICE_X48Y46         LUT6 (Prop_lut6_I0_O)        0.124    17.700 r  i_ariane/i_cva6/ex_stage_i/lsu_i/i_load_unit/result_o_reg[31]_i_3/O
                         net (fo=24, routed)          1.559    19.260    i_ariane/i_cva6/ex_stage_i/lsu_i/i_load_unit/rdata_sign_bit__5
    SLICE_X36Y35         LUT6 (Prop_lut6_I1_O)        0.124    19.384 r  i_ariane/i_cva6/ex_stage_i/lsu_i/i_load_unit/result_o_reg[23]_i_1/O
                         net (fo=1, routed)           0.786    20.169    i_ariane/i_cva6/ex_stage_i/lsu_i/i_load_unit/result_o_reg[23]_i_1_n_1
    SLICE_X36Y35         LDCE                                         r  i_ariane/i_cva6/ex_stage_i/lsu_i/i_load_unit/result_o_reg[23]/D
  -------------------------------------------------------------------    -------------------

Slack:                    inf
  Source:                 i_ariane/i_cva6/csr_regfile_i/mstatus_q_reg[mprv]/C
                            (rising edge-triggered cell FDCE clocked by clk_out1_xlnx_clk_gen  {rise@0.000ns fall@10.000ns period=20.000ns})
  Destination:            i_ariane/i_cva6/ex_stage_i/lsu_i/i_load_unit/result_o_reg[18]/D
  Path Group:             (none)
  Path Type:              Max at Slow Process Corner
  Data Path Delay:        21.025ns  (logic 3.753ns (17.850%)  route 17.272ns (82.150%))
  Logic Levels:           18  (CARRY4=2 LUT3=2 LUT4=1 LUT5=3 LUT6=10)
  Clock Uncertainty:      0.172ns  ((TSJ^2 + DJ^2)^1/2) / 2 + PE
    Total System Jitter     (TSJ):    0.050ns
    Discrete Jitter          (DJ):    0.142ns
    Phase Error              (PE):    0.097ns

    Location             Delay type                Incr(ns)  Path(ns)    Netlist Resource(s)
  -------------------------------------------------------------------    -------------------
                         (clock clk_out1_xlnx_clk_gen rise edge)
                                                      0.000     0.000 r  
    K17                                               0.000     0.000 r  clk_sys (IN)
                         net (fo=0)                   0.000     0.000    i_xlnx_clk_gen/inst/clk_in1
    K17                  IBUF (Prop_ibuf_I_O)         1.475     1.475 r  i_xlnx_clk_gen/inst/clkin1_ibufg/O
                         net (fo=1, routed)           1.285     2.760    i_xlnx_clk_gen/inst/clk_in1_xlnx_clk_gen
    MMCME2_ADV_X1Y2      MMCME2_ADV (Prop_mmcme2_adv_CLKIN1_CLKOUT0)
                                                     -7.759    -4.999 r  i_xlnx_clk_gen/inst/mmcm_adv_inst/CLKOUT0
                         net (fo=1, routed)           2.206    -2.793    i_xlnx_clk_gen/inst/clk_out1_xlnx_clk_gen
    BUFGCTRL_X0Y16       BUFG (Prop_bufg_I_O)         0.101    -2.692 r  i_xlnx_clk_gen/inst/clkout1_buf/O
                         net (fo=20013, routed)       1.789    -0.903    i_ariane/i_cva6/csr_regfile_i/clk_out1
    SLICE_X92Y31         FDCE                                         r  i_ariane/i_cva6/csr_regfile_i/mstatus_q_reg[mprv]/C
  -------------------------------------------------------------------    -------------------
    SLICE_X92Y31         FDCE (Prop_fdce_C_Q)         0.518    -0.385 r  i_ariane/i_cva6/csr_regfile_i/mstatus_q_reg[mprv]/Q
                         net (fo=4, routed)           1.456     1.070    i_ariane/i_cva6/csr_regfile_i/mstatus_q_reg[mprv]__0
    SLICE_X71Y31         LUT3 (Prop_lut3_I0_O)        0.124     1.194 r  i_ariane/i_cva6/csr_regfile_i/en_ld_st_translation_q_i_2/O
                         net (fo=3, routed)           1.852     3.047    i_ariane/i_cva6/csr_regfile_i/en_ld_st_translation_q_i_2_n_1
    SLICE_X38Y31         LUT6 (Prop_lut6_I1_O)        0.124     3.171 f  i_ariane/i_cva6/csr_regfile_i/gen_register.d_o[34]_i_3/O
                         net (fo=4, routed)           0.734     3.905    i_ariane/i_cva6/ex_stage_i/lsu_i/gen_mmu_sv32.i_cva6_mmu/i_ptw/gen_register.d_o_reg[33]
    SLICE_X31Y33         LUT6 (Prop_lut6_I2_O)        0.124     4.029 r  i_ariane/i_cva6/ex_stage_i/lsu_i/gen_mmu_sv32.i_cva6_mmu/i_ptw/gen_register.d_o[33]_i_1/O
                         net (fo=51, routed)          0.746     4.775    i_ariane/i_cva6/ex_stage_i/lsu_i/i_load_unit/store_exception_ex_id[cause][0]
    SLICE_X27Y40         LUT6 (Prop_lut6_I0_O)        0.124     4.899 r  i_ariane/i_cva6/ex_stage_i/lsu_i/i_load_unit/FSM_sequential_state_q[1]_i_4__3/O
                         net (fo=12, routed)          1.111     6.011    i_ariane/i_cva6/gen_cache_wt.i_cache_subsystem/i_wt_dcache/gen_rd_ports[1].i_wt_dcache_ctrl/dcache_req_ports_ex_cache[1][kill_req]
    SLICE_X11Y38         LUT5 (Prop_lut5_I1_O)        0.119     6.130 r  i_ariane/i_cva6/gen_cache_wt.i_cache_subsystem/i_wt_dcache/gen_rd_ports[1].i_wt_dcache_ctrl/rd_hit_oh_q[1]_i_35/O
                         net (fo=22, routed)          0.934     7.064    i_ariane/i_cva6/gen_cache_wt.i_cache_subsystem/i_wt_dcache/gen_rd_ports[1].i_wt_dcache_ctrl/FSM_sequential_state_q_reg[2]_1
    SLICE_X12Y33         LUT6 (Prop_lut6_I1_O)        0.332     7.396 f  i_ariane/i_cva6/gen_cache_wt.i_cache_subsystem/i_wt_dcache/gen_rd_ports[1].i_wt_dcache_ctrl/rd_hit_oh_q[1]_i_47/O
                         net (fo=1, routed)           0.590     7.986    i_ariane/i_cva6/gen_cache_wt.i_cache_subsystem/i_wt_dcache/gen_rd_ports[0].i_wt_dcache_ctrl/rd_hit_oh_q[0]_i_8
    SLICE_X12Y32         LUT6 (Prop_lut6_I5_O)        0.124     8.110 r  i_ariane/i_cva6/gen_cache_wt.i_cache_subsystem/i_wt_dcache/gen_rd_ports[0].i_wt_dcache_ctrl/rd_hit_oh_q[1]_i_23/O
                         net (fo=3, routed)           1.040     9.150    i_ariane/i_cva6/gen_cache_wt.i_cache_subsystem/i_wt_dcache/i_wt_dcache_missunit/data_rdata_q[31]_i_33_1
    SLICE_X6Y29          LUT3 (Prop_lut3_I1_O)        0.150     9.300 r  i_ariane/i_cva6/gen_cache_wt.i_cache_subsystem/i_wt_dcache/i_wt_dcache_missunit/data_rdata_q[31]_i_43/O
                         net (fo=2, routed)           0.449     9.748    i_ariane/i_cva6/gen_cache_wt.i_cache_subsystem/i_wt_dcache/i_wt_dcache_missunit/data_rdata_q[31]_i_43_n_1
    SLICE_X7Y31          LUT6 (Prop_lut6_I5_O)        0.328    10.076 r  i_ariane/i_cva6/gen_cache_wt.i_cache_subsystem/i_wt_dcache/i_wt_dcache_missunit/data_rdata_q[31]_i_21/O
                         net (fo=1, routed)           0.000    10.076    i_ariane/i_cva6/gen_cache_wt.i_cache_subsystem/i_wt_dcache/i_wt_dcache_missunit/data_rdata_q[31]_i_21_n_1
    SLICE_X7Y31          CARRY4 (Prop_carry4_S[3]_CO[3])
                                                      0.401    10.477 r  i_ariane/i_cva6/gen_cache_wt.i_cache_subsystem/i_wt_dcache/i_wt_dcache_missunit/data_rdata_q_reg[31]_i_12/CO[3]
                         net (fo=1, routed)           0.000    10.477    i_ariane/i_cva6/gen_cache_wt.i_cache_subsystem/i_wt_dcache/i_wt_dcache_missunit/data_rdata_q_reg[31]_i_12_n_1
    SLICE_X7Y32          CARRY4 (Prop_carry4_CI_CO[2])
                                                      0.228    10.705 f  i_ariane/i_cva6/gen_cache_wt.i_cache_subsystem/i_wt_dcache/i_wt_dcache_missunit/data_rdata_q_reg[31]_i_9/CO[2]
                         net (fo=2, routed)           1.305    12.010    i_ariane/i_cva6/gen_cache_wt.i_cache_subsystem/i_wt_dcache/i_wt_dcache_wbuffer/data_rdata_q_reg[7]_0[0]
    SLICE_X12Y47         LUT5 (Prop_lut5_I0_O)        0.313    12.323 f  i_ariane/i_cva6/gen_cache_wt.i_cache_subsystem/i_wt_dcache/i_wt_dcache_wbuffer/data_rdata_q[31]_i_4/O
                         net (fo=37, routed)          0.393    12.716    i_ariane/i_cva6/gen_cache_wt.i_cache_subsystem/i_wt_dcache/i_wt_dcache_wbuffer/data_rdata_q[31]_i_4_n_1
    SLICE_X12Y46         LUT6 (Prop_lut6_I5_O)        0.124    12.840 r  i_ariane/i_cva6/gen_cache_wt.i_cache_subsystem/i_wt_dcache/i_wt_dcache_wbuffer/data_rdata_q[31]_i_8/O
                         net (fo=4, routed)           0.478    13.318    i_ariane/i_cva6/gen_cache_wt.i_cache_subsystem/i_wt_dcache/i_wt_dcache_wbuffer/data_rdata_q[31]_i_8_n_1
    SLICE_X13Y47         LUT4 (Prop_lut4_I0_O)        0.124    13.442 r  i_ariane/i_cva6/gen_cache_wt.i_cache_subsystem/i_wt_dcache/i_wt_dcache_wbuffer/data_rdata_q[23]_i_3/O
                         net (fo=8, routed)           0.772    14.214    i_ariane/i_cva6/gen_cache_wt.i_cache_subsystem/i_wt_dcache/i_wt_dcache_wbuffer/data_rdata_q[23]_i_3_n_1
    SLICE_X20Y43         LUT5 (Prop_lut5_I1_O)        0.124    14.338 r  i_ariane/i_cva6/gen_cache_wt.i_cache_subsystem/i_wt_dcache/i_wt_dcache_wbuffer/data_rdata_q[23]_i_1/O
                         net (fo=5, routed)           2.212    16.551    i_ariane/i_cva6/gen_cache_wt.i_cache_subsystem/i_wt_dcache/i_wt_dcache_wbuffer/req_port_i[data_rdata][23]
    SLICE_X37Y44         LUT6 (Prop_lut6_I5_O)        0.124    16.675 r  i_ariane/i_cva6/gen_cache_wt.i_cache_subsystem/i_wt_dcache/i_wt_dcache_wbuffer/result_o_reg[31]_i_10/O
                         net (fo=1, routed)           0.902    17.576    i_ariane/i_cva6/ex_stage_i/lsu_i/i_load_unit/rdata_sign_bit1__2
    SLICE_X48Y46         LUT6 (Prop_lut6_I0_O)        0.124    17.700 r  i_ariane/i_cva6/ex_stage_i/lsu_i/i_load_unit/result_o_reg[31]_i_3/O
                         net (fo=24, routed)          1.741    19.441    i_ariane/i_cva6/ex_stage_i/lsu_i/i_load_unit/rdata_sign_bit__5
    SLICE_X35Y38         LUT6 (Prop_lut6_I1_O)        0.124    19.565 r  i_ariane/i_cva6/ex_stage_i/lsu_i/i_load_unit/result_o_reg[18]_i_1/O
                         net (fo=1, routed)           0.557    20.122    i_ariane/i_cva6/ex_stage_i/lsu_i/i_load_unit/result_o_reg[18]_i_1_n_1
    SLICE_X32Y31         LDCE                                         r  i_ariane/i_cva6/ex_stage_i/lsu_i/i_load_unit/result_o_reg[18]/D
  -------------------------------------------------------------------    -------------------

Slack:                    inf
  Source:                 i_ariane/i_cva6/csr_regfile_i/mstatus_q_reg[mprv]/C
                            (rising edge-triggered cell FDCE clocked by clk_out1_xlnx_clk_gen  {rise@0.000ns fall@10.000ns period=20.000ns})
  Destination:            i_ariane/i_cva6/ex_stage_i/lsu_i/i_load_unit/result_o_reg[30]/D
  Path Group:             (none)
  Path Type:              Max at Slow Process Corner
  Data Path Delay:        20.993ns  (logic 3.753ns (17.877%)  route 17.240ns (82.123%))
  Logic Levels:           18  (CARRY4=2 LUT3=2 LUT4=2 LUT5=3 LUT6=9)
  Clock Uncertainty:      0.172ns  ((TSJ^2 + DJ^2)^1/2) / 2 + PE
    Total System Jitter     (TSJ):    0.050ns
    Discrete Jitter          (DJ):    0.142ns
    Phase Error              (PE):    0.097ns

    Location             Delay type                Incr(ns)  Path(ns)    Netlist Resource(s)
  -------------------------------------------------------------------    -------------------
                         (clock clk_out1_xlnx_clk_gen rise edge)
                                                      0.000     0.000 r  
    K17                                               0.000     0.000 r  clk_sys (IN)
                         net (fo=0)                   0.000     0.000    i_xlnx_clk_gen/inst/clk_in1
    K17                  IBUF (Prop_ibuf_I_O)         1.475     1.475 r  i_xlnx_clk_gen/inst/clkin1_ibufg/O
                         net (fo=1, routed)           1.285     2.760    i_xlnx_clk_gen/inst/clk_in1_xlnx_clk_gen
    MMCME2_ADV_X1Y2      MMCME2_ADV (Prop_mmcme2_adv_CLKIN1_CLKOUT0)
                                                     -7.759    -4.999 r  i_xlnx_clk_gen/inst/mmcm_adv_inst/CLKOUT0
                         net (fo=1, routed)           2.206    -2.793    i_xlnx_clk_gen/inst/clk_out1_xlnx_clk_gen
    BUFGCTRL_X0Y16       BUFG (Prop_bufg_I_O)         0.101    -2.692 r  i_xlnx_clk_gen/inst/clkout1_buf/O
                         net (fo=20013, routed)       1.789    -0.903    i_ariane/i_cva6/csr_regfile_i/clk_out1
    SLICE_X92Y31         FDCE                                         r  i_ariane/i_cva6/csr_regfile_i/mstatus_q_reg[mprv]/C
  -------------------------------------------------------------------    -------------------
    SLICE_X92Y31         FDCE (Prop_fdce_C_Q)         0.518    -0.385 r  i_ariane/i_cva6/csr_regfile_i/mstatus_q_reg[mprv]/Q
                         net (fo=4, routed)           1.456     1.070    i_ariane/i_cva6/csr_regfile_i/mstatus_q_reg[mprv]__0
    SLICE_X71Y31         LUT3 (Prop_lut3_I0_O)        0.124     1.194 r  i_ariane/i_cva6/csr_regfile_i/en_ld_st_translation_q_i_2/O
                         net (fo=3, routed)           1.852     3.047    i_ariane/i_cva6/csr_regfile_i/en_ld_st_translation_q_i_2_n_1
    SLICE_X38Y31         LUT6 (Prop_lut6_I1_O)        0.124     3.171 f  i_ariane/i_cva6/csr_regfile_i/gen_register.d_o[34]_i_3/O
                         net (fo=4, routed)           0.734     3.905    i_ariane/i_cva6/ex_stage_i/lsu_i/gen_mmu_sv32.i_cva6_mmu/i_ptw/gen_register.d_o_reg[33]
    SLICE_X31Y33         LUT6 (Prop_lut6_I2_O)        0.124     4.029 r  i_ariane/i_cva6/ex_stage_i/lsu_i/gen_mmu_sv32.i_cva6_mmu/i_ptw/gen_register.d_o[33]_i_1/O
                         net (fo=51, routed)          0.746     4.775    i_ariane/i_cva6/ex_stage_i/lsu_i/i_load_unit/store_exception_ex_id[cause][0]
    SLICE_X27Y40         LUT6 (Prop_lut6_I0_O)        0.124     4.899 r  i_ariane/i_cva6/ex_stage_i/lsu_i/i_load_unit/FSM_sequential_state_q[1]_i_4__3/O
                         net (fo=12, routed)          1.111     6.011    i_ariane/i_cva6/gen_cache_wt.i_cache_subsystem/i_wt_dcache/gen_rd_ports[1].i_wt_dcache_ctrl/dcache_req_ports_ex_cache[1][kill_req]
    SLICE_X11Y38         LUT5 (Prop_lut5_I1_O)        0.119     6.130 r  i_ariane/i_cva6/gen_cache_wt.i_cache_subsystem/i_wt_dcache/gen_rd_ports[1].i_wt_dcache_ctrl/rd_hit_oh_q[1]_i_35/O
                         net (fo=22, routed)          0.934     7.064    i_ariane/i_cva6/gen_cache_wt.i_cache_subsystem/i_wt_dcache/gen_rd_ports[1].i_wt_dcache_ctrl/FSM_sequential_state_q_reg[2]_1
    SLICE_X12Y33         LUT6 (Prop_lut6_I1_O)        0.332     7.396 f  i_ariane/i_cva6/gen_cache_wt.i_cache_subsystem/i_wt_dcache/gen_rd_ports[1].i_wt_dcache_ctrl/rd_hit_oh_q[1]_i_47/O
                         net (fo=1, routed)           0.590     7.986    i_ariane/i_cva6/gen_cache_wt.i_cache_subsystem/i_wt_dcache/gen_rd_ports[0].i_wt_dcache_ctrl/rd_hit_oh_q[0]_i_8
    SLICE_X12Y32         LUT6 (Prop_lut6_I5_O)        0.124     8.110 r  i_ariane/i_cva6/gen_cache_wt.i_cache_subsystem/i_wt_dcache/gen_rd_ports[0].i_wt_dcache_ctrl/rd_hit_oh_q[1]_i_23/O
                         net (fo=3, routed)           1.040     9.150    i_ariane/i_cva6/gen_cache_wt.i_cache_subsystem/i_wt_dcache/i_wt_dcache_missunit/data_rdata_q[31]_i_33_1
    SLICE_X6Y29          LUT3 (Prop_lut3_I1_O)        0.150     9.300 r  i_ariane/i_cva6/gen_cache_wt.i_cache_subsystem/i_wt_dcache/i_wt_dcache_missunit/data_rdata_q[31]_i_43/O
                         net (fo=2, routed)           0.449     9.748    i_ariane/i_cva6/gen_cache_wt.i_cache_subsystem/i_wt_dcache/i_wt_dcache_missunit/data_rdata_q[31]_i_43_n_1
    SLICE_X7Y31          LUT6 (Prop_lut6_I5_O)        0.328    10.076 r  i_ariane/i_cva6/gen_cache_wt.i_cache_subsystem/i_wt_dcache/i_wt_dcache_missunit/data_rdata_q[31]_i_21/O
                         net (fo=1, routed)           0.000    10.076    i_ariane/i_cva6/gen_cache_wt.i_cache_subsystem/i_wt_dcache/i_wt_dcache_missunit/data_rdata_q[31]_i_21_n_1
    SLICE_X7Y31          CARRY4 (Prop_carry4_S[3]_CO[3])
                                                      0.401    10.477 r  i_ariane/i_cva6/gen_cache_wt.i_cache_subsystem/i_wt_dcache/i_wt_dcache_missunit/data_rdata_q_reg[31]_i_12/CO[3]
                         net (fo=1, routed)           0.000    10.477    i_ariane/i_cva6/gen_cache_wt.i_cache_subsystem/i_wt_dcache/i_wt_dcache_missunit/data_rdata_q_reg[31]_i_12_n_1
    SLICE_X7Y32          CARRY4 (Prop_carry4_CI_CO[2])
                                                      0.228    10.705 f  i_ariane/i_cva6/gen_cache_wt.i_cache_subsystem/i_wt_dcache/i_wt_dcache_missunit/data_rdata_q_reg[31]_i_9/CO[2]
                         net (fo=2, routed)           1.305    12.010    i_ariane/i_cva6/gen_cache_wt.i_cache_subsystem/i_wt_dcache/i_wt_dcache_wbuffer/data_rdata_q_reg[7]_0[0]
    SLICE_X12Y47         LUT5 (Prop_lut5_I0_O)        0.313    12.323 f  i_ariane/i_cva6/gen_cache_wt.i_cache_subsystem/i_wt_dcache/i_wt_dcache_wbuffer/data_rdata_q[31]_i_4/O
                         net (fo=37, routed)          0.393    12.716    i_ariane/i_cva6/gen_cache_wt.i_cache_subsystem/i_wt_dcache/i_wt_dcache_wbuffer/data_rdata_q[31]_i_4_n_1
    SLICE_X12Y46         LUT6 (Prop_lut6_I5_O)        0.124    12.840 r  i_ariane/i_cva6/gen_cache_wt.i_cache_subsystem/i_wt_dcache/i_wt_dcache_wbuffer/data_rdata_q[31]_i_8/O
                         net (fo=4, routed)           0.478    13.318    i_ariane/i_cva6/gen_cache_wt.i_cache_subsystem/i_wt_dcache/i_wt_dcache_wbuffer/data_rdata_q[31]_i_8_n_1
    SLICE_X13Y47         LUT4 (Prop_lut4_I0_O)        0.124    13.442 r  i_ariane/i_cva6/gen_cache_wt.i_cache_subsystem/i_wt_dcache/i_wt_dcache_wbuffer/data_rdata_q[23]_i_3/O
                         net (fo=8, routed)           0.772    14.214    i_ariane/i_cva6/gen_cache_wt.i_cache_subsystem/i_wt_dcache/i_wt_dcache_wbuffer/data_rdata_q[23]_i_3_n_1
    SLICE_X20Y43         LUT5 (Prop_lut5_I1_O)        0.124    14.338 r  i_ariane/i_cva6/gen_cache_wt.i_cache_subsystem/i_wt_dcache/i_wt_dcache_wbuffer/data_rdata_q[23]_i_1/O
                         net (fo=5, routed)           2.212    16.551    i_ariane/i_cva6/gen_cache_wt.i_cache_subsystem/i_wt_dcache/i_wt_dcache_wbuffer/req_port_i[data_rdata][23]
    SLICE_X37Y44         LUT6 (Prop_lut6_I5_O)        0.124    16.675 r  i_ariane/i_cva6/gen_cache_wt.i_cache_subsystem/i_wt_dcache/i_wt_dcache_wbuffer/result_o_reg[31]_i_10/O
                         net (fo=1, routed)           0.902    17.576    i_ariane/i_cva6/ex_stage_i/lsu_i/i_load_unit/rdata_sign_bit1__2
    SLICE_X48Y46         LUT6 (Prop_lut6_I0_O)        0.124    17.700 r  i_ariane/i_cva6/ex_stage_i/lsu_i/i_load_unit/result_o_reg[31]_i_3/O
                         net (fo=24, routed)          1.759    19.459    i_ariane/i_cva6/ex_stage_i/lsu_i/i_load_unit/rdata_sign_bit__5
    SLICE_X37Y35         LUT4 (Prop_lut4_I1_O)        0.124    19.583 r  i_ariane/i_cva6/ex_stage_i/lsu_i/i_load_unit/result_o_reg[30]_i_1/O
                         net (fo=1, routed)           0.507    20.090    i_ariane/i_cva6/ex_stage_i/lsu_i/i_load_unit/result_o_reg[30]_i_1_n_1
    SLICE_X45Y34         LDCE                                         r  i_ariane/i_cva6/ex_stage_i/lsu_i/i_load_unit/result_o_reg[30]/D
  -------------------------------------------------------------------    -------------------

Slack:                    inf
  Source:                 i_ariane/i_cva6/csr_regfile_i/mstatus_q_reg[mprv]/C
                            (rising edge-triggered cell FDCE clocked by clk_out1_xlnx_clk_gen  {rise@0.000ns fall@10.000ns period=20.000ns})
  Destination:            i_ariane/i_cva6/ex_stage_i/lsu_i/i_load_unit/result_o_reg[14]/D
  Path Group:             (none)
  Path Type:              Max at Slow Process Corner
  Data Path Delay:        20.991ns  (logic 3.753ns (17.879%)  route 17.238ns (82.121%))
  Logic Levels:           18  (CARRY4=2 LUT3=2 LUT4=1 LUT5=4 LUT6=9)
  Clock Uncertainty:      0.172ns  ((TSJ^2 + DJ^2)^1/2) / 2 + PE
    Total System Jitter     (TSJ):    0.050ns
    Discrete Jitter          (DJ):    0.142ns
    Phase Error              (PE):    0.097ns

    Location             Delay type                Incr(ns)  Path(ns)    Netlist Resource(s)
  -------------------------------------------------------------------    -------------------
                         (clock clk_out1_xlnx_clk_gen rise edge)
                                                      0.000     0.000 r  
    K17                                               0.000     0.000 r  clk_sys (IN)
                         net (fo=0)                   0.000     0.000    i_xlnx_clk_gen/inst/clk_in1
    K17                  IBUF (Prop_ibuf_I_O)         1.475     1.475 r  i_xlnx_clk_gen/inst/clkin1_ibufg/O
                         net (fo=1, routed)           1.285     2.760    i_xlnx_clk_gen/inst/clk_in1_xlnx_clk_gen
    MMCME2_ADV_X1Y2      MMCME2_ADV (Prop_mmcme2_adv_CLKIN1_CLKOUT0)
                                                     -7.759    -4.999 r  i_xlnx_clk_gen/inst/mmcm_adv_inst/CLKOUT0
                         net (fo=1, routed)           2.206    -2.793    i_xlnx_clk_gen/inst/clk_out1_xlnx_clk_gen
    BUFGCTRL_X0Y16       BUFG (Prop_bufg_I_O)         0.101    -2.692 r  i_xlnx_clk_gen/inst/clkout1_buf/O
                         net (fo=20013, routed)       1.789    -0.903    i_ariane/i_cva6/csr_regfile_i/clk_out1
    SLICE_X92Y31         FDCE                                         r  i_ariane/i_cva6/csr_regfile_i/mstatus_q_reg[mprv]/C
  -------------------------------------------------------------------    -------------------
    SLICE_X92Y31         FDCE (Prop_fdce_C_Q)         0.518    -0.385 r  i_ariane/i_cva6/csr_regfile_i/mstatus_q_reg[mprv]/Q
                         net (fo=4, routed)           1.456     1.070    i_ariane/i_cva6/csr_regfile_i/mstatus_q_reg[mprv]__0
    SLICE_X71Y31         LUT3 (Prop_lut3_I0_O)        0.124     1.194 r  i_ariane/i_cva6/csr_regfile_i/en_ld_st_translation_q_i_2/O
                         net (fo=3, routed)           1.852     3.047    i_ariane/i_cva6/csr_regfile_i/en_ld_st_translation_q_i_2_n_1
    SLICE_X38Y31         LUT6 (Prop_lut6_I1_O)        0.124     3.171 f  i_ariane/i_cva6/csr_regfile_i/gen_register.d_o[34]_i_3/O
                         net (fo=4, routed)           0.734     3.905    i_ariane/i_cva6/ex_stage_i/lsu_i/gen_mmu_sv32.i_cva6_mmu/i_ptw/gen_register.d_o_reg[33]
    SLICE_X31Y33         LUT6 (Prop_lut6_I2_O)        0.124     4.029 r  i_ariane/i_cva6/ex_stage_i/lsu_i/gen_mmu_sv32.i_cva6_mmu/i_ptw/gen_register.d_o[33]_i_1/O
                         net (fo=51, routed)          0.746     4.775    i_ariane/i_cva6/ex_stage_i/lsu_i/i_load_unit/store_exception_ex_id[cause][0]
    SLICE_X27Y40         LUT6 (Prop_lut6_I0_O)        0.124     4.899 r  i_ariane/i_cva6/ex_stage_i/lsu_i/i_load_unit/FSM_sequential_state_q[1]_i_4__3/O
                         net (fo=12, routed)          1.111     6.011    i_ariane/i_cva6/gen_cache_wt.i_cache_subsystem/i_wt_dcache/gen_rd_ports[1].i_wt_dcache_ctrl/dcache_req_ports_ex_cache[1][kill_req]
    SLICE_X11Y38         LUT5 (Prop_lut5_I1_O)        0.119     6.130 r  i_ariane/i_cva6/gen_cache_wt.i_cache_subsystem/i_wt_dcache/gen_rd_ports[1].i_wt_dcache_ctrl/rd_hit_oh_q[1]_i_35/O
                         net (fo=22, routed)          0.934     7.064    i_ariane/i_cva6/gen_cache_wt.i_cache_subsystem/i_wt_dcache/gen_rd_ports[1].i_wt_dcache_ctrl/FSM_sequential_state_q_reg[2]_1
    SLICE_X12Y33         LUT6 (Prop_lut6_I1_O)        0.332     7.396 f  i_ariane/i_cva6/gen_cache_wt.i_cache_subsystem/i_wt_dcache/gen_rd_ports[1].i_wt_dcache_ctrl/rd_hit_oh_q[1]_i_47/O
                         net (fo=1, routed)           0.590     7.986    i_ariane/i_cva6/gen_cache_wt.i_cache_subsystem/i_wt_dcache/gen_rd_ports[0].i_wt_dcache_ctrl/rd_hit_oh_q[0]_i_8
    SLICE_X12Y32         LUT6 (Prop_lut6_I5_O)        0.124     8.110 r  i_ariane/i_cva6/gen_cache_wt.i_cache_subsystem/i_wt_dcache/gen_rd_ports[0].i_wt_dcache_ctrl/rd_hit_oh_q[1]_i_23/O
                         net (fo=3, routed)           1.040     9.150    i_ariane/i_cva6/gen_cache_wt.i_cache_subsystem/i_wt_dcache/i_wt_dcache_missunit/data_rdata_q[31]_i_33_1
    SLICE_X6Y29          LUT3 (Prop_lut3_I1_O)        0.150     9.300 r  i_ariane/i_cva6/gen_cache_wt.i_cache_subsystem/i_wt_dcache/i_wt_dcache_missunit/data_rdata_q[31]_i_43/O
                         net (fo=2, routed)           0.449     9.748    i_ariane/i_cva6/gen_cache_wt.i_cache_subsystem/i_wt_dcache/i_wt_dcache_missunit/data_rdata_q[31]_i_43_n_1
    SLICE_X7Y31          LUT6 (Prop_lut6_I5_O)        0.328    10.076 r  i_ariane/i_cva6/gen_cache_wt.i_cache_subsystem/i_wt_dcache/i_wt_dcache_missunit/data_rdata_q[31]_i_21/O
                         net (fo=1, routed)           0.000    10.076    i_ariane/i_cva6/gen_cache_wt.i_cache_subsystem/i_wt_dcache/i_wt_dcache_missunit/data_rdata_q[31]_i_21_n_1
    SLICE_X7Y31          CARRY4 (Prop_carry4_S[3]_CO[3])
                                                      0.401    10.477 r  i_ariane/i_cva6/gen_cache_wt.i_cache_subsystem/i_wt_dcache/i_wt_dcache_missunit/data_rdata_q_reg[31]_i_12/CO[3]
                         net (fo=1, routed)           0.000    10.477    i_ariane/i_cva6/gen_cache_wt.i_cache_subsystem/i_wt_dcache/i_wt_dcache_missunit/data_rdata_q_reg[31]_i_12_n_1
    SLICE_X7Y32          CARRY4 (Prop_carry4_CI_CO[2])
                                                      0.228    10.705 f  i_ariane/i_cva6/gen_cache_wt.i_cache_subsystem/i_wt_dcache/i_wt_dcache_missunit/data_rdata_q_reg[31]_i_9/CO[2]
                         net (fo=2, routed)           1.305    12.010    i_ariane/i_cva6/gen_cache_wt.i_cache_subsystem/i_wt_dcache/i_wt_dcache_wbuffer/data_rdata_q_reg[7]_0[0]
    SLICE_X12Y47         LUT5 (Prop_lut5_I0_O)        0.313    12.323 f  i_ariane/i_cva6/gen_cache_wt.i_cache_subsystem/i_wt_dcache/i_wt_dcache_wbuffer/data_rdata_q[31]_i_4/O
                         net (fo=37, routed)          0.393    12.716    i_ariane/i_cva6/gen_cache_wt.i_cache_subsystem/i_wt_dcache/i_wt_dcache_wbuffer/data_rdata_q[31]_i_4_n_1
    SLICE_X12Y46         LUT6 (Prop_lut6_I5_O)        0.124    12.840 r  i_ariane/i_cva6/gen_cache_wt.i_cache_subsystem/i_wt_dcache/i_wt_dcache_wbuffer/data_rdata_q[31]_i_8/O
                         net (fo=4, routed)           0.478    13.318    i_ariane/i_cva6/gen_cache_wt.i_cache_subsystem/i_wt_dcache/i_wt_dcache_wbuffer/data_rdata_q[31]_i_8_n_1
    SLICE_X13Y47         LUT4 (Prop_lut4_I0_O)        0.124    13.442 r  i_ariane/i_cva6/gen_cache_wt.i_cache_subsystem/i_wt_dcache/i_wt_dcache_wbuffer/data_rdata_q[23]_i_3/O
                         net (fo=8, routed)           0.772    14.214    i_ariane/i_cva6/gen_cache_wt.i_cache_subsystem/i_wt_dcache/i_wt_dcache_wbuffer/data_rdata_q[23]_i_3_n_1
    SLICE_X20Y43         LUT5 (Prop_lut5_I1_O)        0.124    14.338 r  i_ariane/i_cva6/gen_cache_wt.i_cache_subsystem/i_wt_dcache/i_wt_dcache_wbuffer/data_rdata_q[23]_i_1/O
                         net (fo=5, routed)           2.212    16.551    i_ariane/i_cva6/gen_cache_wt.i_cache_subsystem/i_wt_dcache/i_wt_dcache_wbuffer/req_port_i[data_rdata][23]
    SLICE_X37Y44         LUT6 (Prop_lut6_I5_O)        0.124    16.675 r  i_ariane/i_cva6/gen_cache_wt.i_cache_subsystem/i_wt_dcache/i_wt_dcache_wbuffer/result_o_reg[31]_i_10/O
                         net (fo=1, routed)           0.902    17.576    i_ariane/i_cva6/ex_stage_i/lsu_i/i_load_unit/rdata_sign_bit1__2
    SLICE_X48Y46         LUT6 (Prop_lut6_I0_O)        0.124    17.700 r  i_ariane/i_cva6/ex_stage_i/lsu_i/i_load_unit/result_o_reg[31]_i_3/O
                         net (fo=24, routed)          1.383    19.083    i_ariane/i_cva6/ex_stage_i/lsu_i/i_load_unit/rdata_sign_bit__5
    SLICE_X36Y40         LUT5 (Prop_lut5_I0_O)        0.124    19.207 r  i_ariane/i_cva6/ex_stage_i/lsu_i/i_load_unit/result_o_reg[14]_i_1/O
                         net (fo=1, routed)           0.881    20.088    i_ariane/i_cva6/ex_stage_i/lsu_i/i_load_unit/result_o_reg[14]_i_1_n_1
    SLICE_X53Y41         LDCE                                         r  i_ariane/i_cva6/ex_stage_i/lsu_i/i_load_unit/result_o_reg[14]/D
  -------------------------------------------------------------------    -------------------

Slack:                    inf
  Source:                 i_ariane/i_cva6/csr_regfile_i/mstatus_q_reg[mprv]/C
                            (rising edge-triggered cell FDCE clocked by clk_out1_xlnx_clk_gen  {rise@0.000ns fall@10.000ns period=20.000ns})
  Destination:            i_ariane/i_cva6/ex_stage_i/lsu_i/i_load_unit/result_o_reg[20]/D
  Path Group:             (none)
  Path Type:              Max at Slow Process Corner
  Data Path Delay:        20.913ns  (logic 3.753ns (17.945%)  route 17.160ns (82.054%))
  Logic Levels:           18  (CARRY4=2 LUT3=2 LUT4=1 LUT5=3 LUT6=10)
  Clock Uncertainty:      0.172ns  ((TSJ^2 + DJ^2)^1/2) / 2 + PE
    Total System Jitter     (TSJ):    0.050ns
    Discrete Jitter          (DJ):    0.142ns
    Phase Error              (PE):    0.097ns

    Location             Delay type                Incr(ns)  Path(ns)    Netlist Resource(s)
  -------------------------------------------------------------------    -------------------
                         (clock clk_out1_xlnx_clk_gen rise edge)
                                                      0.000     0.000 r  
    K17                                               0.000     0.000 r  clk_sys (IN)
                         net (fo=0)                   0.000     0.000    i_xlnx_clk_gen/inst/clk_in1
    K17                  IBUF (Prop_ibuf_I_O)         1.475     1.475 r  i_xlnx_clk_gen/inst/clkin1_ibufg/O
                         net (fo=1, routed)           1.285     2.760    i_xlnx_clk_gen/inst/clk_in1_xlnx_clk_gen
    MMCME2_ADV_X1Y2      MMCME2_ADV (Prop_mmcme2_adv_CLKIN1_CLKOUT0)
                                                     -7.759    -4.999 r  i_xlnx_clk_gen/inst/mmcm_adv_inst/CLKOUT0
                         net (fo=1, routed)           2.206    -2.793    i_xlnx_clk_gen/inst/clk_out1_xlnx_clk_gen
    BUFGCTRL_X0Y16       BUFG (Prop_bufg_I_O)         0.101    -2.692 r  i_xlnx_clk_gen/inst/clkout1_buf/O
                         net (fo=20013, routed)       1.789    -0.903    i_ariane/i_cva6/csr_regfile_i/clk_out1
    SLICE_X92Y31         FDCE                                         r  i_ariane/i_cva6/csr_regfile_i/mstatus_q_reg[mprv]/C
  -------------------------------------------------------------------    -------------------
    SLICE_X92Y31         FDCE (Prop_fdce_C_Q)         0.518    -0.385 r  i_ariane/i_cva6/csr_regfile_i/mstatus_q_reg[mprv]/Q
                         net (fo=4, routed)           1.456     1.070    i_ariane/i_cva6/csr_regfile_i/mstatus_q_reg[mprv]__0
    SLICE_X71Y31         LUT3 (Prop_lut3_I0_O)        0.124     1.194 r  i_ariane/i_cva6/csr_regfile_i/en_ld_st_translation_q_i_2/O
                         net (fo=3, routed)           1.852     3.047    i_ariane/i_cva6/csr_regfile_i/en_ld_st_translation_q_i_2_n_1
    SLICE_X38Y31         LUT6 (Prop_lut6_I1_O)        0.124     3.171 f  i_ariane/i_cva6/csr_regfile_i/gen_register.d_o[34]_i_3/O
                         net (fo=4, routed)           0.734     3.905    i_ariane/i_cva6/ex_stage_i/lsu_i/gen_mmu_sv32.i_cva6_mmu/i_ptw/gen_register.d_o_reg[33]
    SLICE_X31Y33         LUT6 (Prop_lut6_I2_O)        0.124     4.029 r  i_ariane/i_cva6/ex_stage_i/lsu_i/gen_mmu_sv32.i_cva6_mmu/i_ptw/gen_register.d_o[33]_i_1/O
                         net (fo=51, routed)          0.746     4.775    i_ariane/i_cva6/ex_stage_i/lsu_i/i_load_unit/store_exception_ex_id[cause][0]
    SLICE_X27Y40         LUT6 (Prop_lut6_I0_O)        0.124     4.899 r  i_ariane/i_cva6/ex_stage_i/lsu_i/i_load_unit/FSM_sequential_state_q[1]_i_4__3/O
                         net (fo=12, routed)          1.111     6.011    i_ariane/i_cva6/gen_cache_wt.i_cache_subsystem/i_wt_dcache/gen_rd_ports[1].i_wt_dcache_ctrl/dcache_req_ports_ex_cache[1][kill_req]
    SLICE_X11Y38         LUT5 (Prop_lut5_I1_O)        0.119     6.130 r  i_ariane/i_cva6/gen_cache_wt.i_cache_subsystem/i_wt_dcache/gen_rd_ports[1].i_wt_dcache_ctrl/rd_hit_oh_q[1]_i_35/O
                         net (fo=22, routed)          0.934     7.064    i_ariane/i_cva6/gen_cache_wt.i_cache_subsystem/i_wt_dcache/gen_rd_ports[1].i_wt_dcache_ctrl/FSM_sequential_state_q_reg[2]_1
    SLICE_X12Y33         LUT6 (Prop_lut6_I1_O)        0.332     7.396 f  i_ariane/i_cva6/gen_cache_wt.i_cache_subsystem/i_wt_dcache/gen_rd_ports[1].i_wt_dcache_ctrl/rd_hit_oh_q[1]_i_47/O
                         net (fo=1, routed)           0.590     7.986    i_ariane/i_cva6/gen_cache_wt.i_cache_subsystem/i_wt_dcache/gen_rd_ports[0].i_wt_dcache_ctrl/rd_hit_oh_q[0]_i_8
    SLICE_X12Y32         LUT6 (Prop_lut6_I5_O)        0.124     8.110 r  i_ariane/i_cva6/gen_cache_wt.i_cache_subsystem/i_wt_dcache/gen_rd_ports[0].i_wt_dcache_ctrl/rd_hit_oh_q[1]_i_23/O
                         net (fo=3, routed)           1.040     9.150    i_ariane/i_cva6/gen_cache_wt.i_cache_subsystem/i_wt_dcache/i_wt_dcache_missunit/data_rdata_q[31]_i_33_1
    SLICE_X6Y29          LUT3 (Prop_lut3_I1_O)        0.150     9.300 r  i_ariane/i_cva6/gen_cache_wt.i_cache_subsystem/i_wt_dcache/i_wt_dcache_missunit/data_rdata_q[31]_i_43/O
                         net (fo=2, routed)           0.449     9.748    i_ariane/i_cva6/gen_cache_wt.i_cache_subsystem/i_wt_dcache/i_wt_dcache_missunit/data_rdata_q[31]_i_43_n_1
    SLICE_X7Y31          LUT6 (Prop_lut6_I5_O)        0.328    10.076 r  i_ariane/i_cva6/gen_cache_wt.i_cache_subsystem/i_wt_dcache/i_wt_dcache_missunit/data_rdata_q[31]_i_21/O
                         net (fo=1, routed)           0.000    10.076    i_ariane/i_cva6/gen_cache_wt.i_cache_subsystem/i_wt_dcache/i_wt_dcache_missunit/data_rdata_q[31]_i_21_n_1
    SLICE_X7Y31          CARRY4 (Prop_carry4_S[3]_CO[3])
                                                      0.401    10.477 r  i_ariane/i_cva6/gen_cache_wt.i_cache_subsystem/i_wt_dcache/i_wt_dcache_missunit/data_rdata_q_reg[31]_i_12/CO[3]
                         net (fo=1, routed)           0.000    10.477    i_ariane/i_cva6/gen_cache_wt.i_cache_subsystem/i_wt_dcache/i_wt_dcache_missunit/data_rdata_q_reg[31]_i_12_n_1
    SLICE_X7Y32          CARRY4 (Prop_carry4_CI_CO[2])
                                                      0.228    10.705 f  i_ariane/i_cva6/gen_cache_wt.i_cache_subsystem/i_wt_dcache/i_wt_dcache_missunit/data_rdata_q_reg[31]_i_9/CO[2]
                         net (fo=2, routed)           1.305    12.010    i_ariane/i_cva6/gen_cache_wt.i_cache_subsystem/i_wt_dcache/i_wt_dcache_wbuffer/data_rdata_q_reg[7]_0[0]
    SLICE_X12Y47         LUT5 (Prop_lut5_I0_O)        0.313    12.323 f  i_ariane/i_cva6/gen_cache_wt.i_cache_subsystem/i_wt_dcache/i_wt_dcache_wbuffer/data_rdata_q[31]_i_4/O
                         net (fo=37, routed)          0.393    12.716    i_ariane/i_cva6/gen_cache_wt.i_cache_subsystem/i_wt_dcache/i_wt_dcache_wbuffer/data_rdata_q[31]_i_4_n_1
    SLICE_X12Y46         LUT6 (Prop_lut6_I5_O)        0.124    12.840 r  i_ariane/i_cva6/gen_cache_wt.i_cache_subsystem/i_wt_dcache/i_wt_dcache_wbuffer/data_rdata_q[31]_i_8/O
                         net (fo=4, routed)           0.478    13.318    i_ariane/i_cva6/gen_cache_wt.i_cache_subsystem/i_wt_dcache/i_wt_dcache_wbuffer/data_rdata_q[31]_i_8_n_1
    SLICE_X13Y47         LUT4 (Prop_lut4_I0_O)        0.124    13.442 r  i_ariane/i_cva6/gen_cache_wt.i_cache_subsystem/i_wt_dcache/i_wt_dcache_wbuffer/data_rdata_q[23]_i_3/O
                         net (fo=8, routed)           0.772    14.214    i_ariane/i_cva6/gen_cache_wt.i_cache_subsystem/i_wt_dcache/i_wt_dcache_wbuffer/data_rdata_q[23]_i_3_n_1
    SLICE_X20Y43         LUT5 (Prop_lut5_I1_O)        0.124    14.338 r  i_ariane/i_cva6/gen_cache_wt.i_cache_subsystem/i_wt_dcache/i_wt_dcache_wbuffer/data_rdata_q[23]_i_1/O
                         net (fo=5, routed)           2.212    16.551    i_ariane/i_cva6/gen_cache_wt.i_cache_subsystem/i_wt_dcache/i_wt_dcache_wbuffer/req_port_i[data_rdata][23]
    SLICE_X37Y44         LUT6 (Prop_lut6_I5_O)        0.124    16.675 r  i_ariane/i_cva6/gen_cache_wt.i_cache_subsystem/i_wt_dcache/i_wt_dcache_wbuffer/result_o_reg[31]_i_10/O
                         net (fo=1, routed)           0.902    17.576    i_ariane/i_cva6/ex_stage_i/lsu_i/i_load_unit/rdata_sign_bit1__2
    SLICE_X48Y46         LUT6 (Prop_lut6_I0_O)        0.124    17.700 r  i_ariane/i_cva6/ex_stage_i/lsu_i/i_load_unit/result_o_reg[31]_i_3/O
                         net (fo=24, routed)          1.518    19.218    i_ariane/i_cva6/ex_stage_i/lsu_i/i_load_unit/rdata_sign_bit__5
    SLICE_X36Y38         LUT6 (Prop_lut6_I1_O)        0.124    19.342 r  i_ariane/i_cva6/ex_stage_i/lsu_i/i_load_unit/result_o_reg[20]_i_1/O
                         net (fo=1, routed)           0.668    20.010    i_ariane/i_cva6/ex_stage_i/lsu_i/i_load_unit/result_o_reg[20]_i_1_n_1
    SLICE_X36Y35         LDCE                                         r  i_ariane/i_cva6/ex_stage_i/lsu_i/i_load_unit/result_o_reg[20]/D
  -------------------------------------------------------------------    -------------------

Slack:                    inf
  Source:                 i_ariane/i_cva6/csr_regfile_i/mstatus_q_reg[mprv]/C
                            (rising edge-triggered cell FDCE clocked by clk_out1_xlnx_clk_gen  {rise@0.000ns fall@10.000ns period=20.000ns})
  Destination:            i_ariane/i_cva6/ex_stage_i/lsu_i/i_load_unit/result_o_reg[15]/D
  Path Group:             (none)
  Path Type:              Max at Slow Process Corner
  Data Path Delay:        20.883ns  (logic 3.753ns (17.971%)  route 17.130ns (82.029%))
  Logic Levels:           18  (CARRY4=2 LUT3=2 LUT4=1 LUT5=4 LUT6=9)
  Clock Uncertainty:      0.172ns  ((TSJ^2 + DJ^2)^1/2) / 2 + PE
    Total System Jitter     (TSJ):    0.050ns
    Discrete Jitter          (DJ):    0.142ns
    Phase Error              (PE):    0.097ns

    Location             Delay type                Incr(ns)  Path(ns)    Netlist Resource(s)
  -------------------------------------------------------------------    -------------------
                         (clock clk_out1_xlnx_clk_gen rise edge)
                                                      0.000     0.000 r  
    K17                                               0.000     0.000 r  clk_sys (IN)
                         net (fo=0)                   0.000     0.000    i_xlnx_clk_gen/inst/clk_in1
    K17                  IBUF (Prop_ibuf_I_O)         1.475     1.475 r  i_xlnx_clk_gen/inst/clkin1_ibufg/O
                         net (fo=1, routed)           1.285     2.760    i_xlnx_clk_gen/inst/clk_in1_xlnx_clk_gen
    MMCME2_ADV_X1Y2      MMCME2_ADV (Prop_mmcme2_adv_CLKIN1_CLKOUT0)
                                                     -7.759    -4.999 r  i_xlnx_clk_gen/inst/mmcm_adv_inst/CLKOUT0
                         net (fo=1, routed)           2.206    -2.793    i_xlnx_clk_gen/inst/clk_out1_xlnx_clk_gen
    BUFGCTRL_X0Y16       BUFG (Prop_bufg_I_O)         0.101    -2.692 r  i_xlnx_clk_gen/inst/clkout1_buf/O
                         net (fo=20013, routed)       1.789    -0.903    i_ariane/i_cva6/csr_regfile_i/clk_out1
    SLICE_X92Y31         FDCE                                         r  i_ariane/i_cva6/csr_regfile_i/mstatus_q_reg[mprv]/C
  -------------------------------------------------------------------    -------------------
    SLICE_X92Y31         FDCE (Prop_fdce_C_Q)         0.518    -0.385 r  i_ariane/i_cva6/csr_regfile_i/mstatus_q_reg[mprv]/Q
                         net (fo=4, routed)           1.456     1.070    i_ariane/i_cva6/csr_regfile_i/mstatus_q_reg[mprv]__0
    SLICE_X71Y31         LUT3 (Prop_lut3_I0_O)        0.124     1.194 r  i_ariane/i_cva6/csr_regfile_i/en_ld_st_translation_q_i_2/O
                         net (fo=3, routed)           1.852     3.047    i_ariane/i_cva6/csr_regfile_i/en_ld_st_translation_q_i_2_n_1
    SLICE_X38Y31         LUT6 (Prop_lut6_I1_O)        0.124     3.171 f  i_ariane/i_cva6/csr_regfile_i/gen_register.d_o[34]_i_3/O
                         net (fo=4, routed)           0.734     3.905    i_ariane/i_cva6/ex_stage_i/lsu_i/gen_mmu_sv32.i_cva6_mmu/i_ptw/gen_register.d_o_reg[33]
    SLICE_X31Y33         LUT6 (Prop_lut6_I2_O)        0.124     4.029 r  i_ariane/i_cva6/ex_stage_i/lsu_i/gen_mmu_sv32.i_cva6_mmu/i_ptw/gen_register.d_o[33]_i_1/O
                         net (fo=51, routed)          0.746     4.775    i_ariane/i_cva6/ex_stage_i/lsu_i/i_load_unit/store_exception_ex_id[cause][0]
    SLICE_X27Y40         LUT6 (Prop_lut6_I0_O)        0.124     4.899 r  i_ariane/i_cva6/ex_stage_i/lsu_i/i_load_unit/FSM_sequential_state_q[1]_i_4__3/O
                         net (fo=12, routed)          1.111     6.011    i_ariane/i_cva6/gen_cache_wt.i_cache_subsystem/i_wt_dcache/gen_rd_ports[1].i_wt_dcache_ctrl/dcache_req_ports_ex_cache[1][kill_req]
    SLICE_X11Y38         LUT5 (Prop_lut5_I1_O)        0.119     6.130 r  i_ariane/i_cva6/gen_cache_wt.i_cache_subsystem/i_wt_dcache/gen_rd_ports[1].i_wt_dcache_ctrl/rd_hit_oh_q[1]_i_35/O
                         net (fo=22, routed)          0.934     7.064    i_ariane/i_cva6/gen_cache_wt.i_cache_subsystem/i_wt_dcache/gen_rd_ports[1].i_wt_dcache_ctrl/FSM_sequential_state_q_reg[2]_1
    SLICE_X12Y33         LUT6 (Prop_lut6_I1_O)        0.332     7.396 f  i_ariane/i_cva6/gen_cache_wt.i_cache_subsystem/i_wt_dcache/gen_rd_ports[1].i_wt_dcache_ctrl/rd_hit_oh_q[1]_i_47/O
                         net (fo=1, routed)           0.590     7.986    i_ariane/i_cva6/gen_cache_wt.i_cache_subsystem/i_wt_dcache/gen_rd_ports[0].i_wt_dcache_ctrl/rd_hit_oh_q[0]_i_8
    SLICE_X12Y32         LUT6 (Prop_lut6_I5_O)        0.124     8.110 r  i_ariane/i_cva6/gen_cache_wt.i_cache_subsystem/i_wt_dcache/gen_rd_ports[0].i_wt_dcache_ctrl/rd_hit_oh_q[1]_i_23/O
                         net (fo=3, routed)           1.040     9.150    i_ariane/i_cva6/gen_cache_wt.i_cache_subsystem/i_wt_dcache/i_wt_dcache_missunit/data_rdata_q[31]_i_33_1
    SLICE_X6Y29          LUT3 (Prop_lut3_I1_O)        0.150     9.300 r  i_ariane/i_cva6/gen_cache_wt.i_cache_subsystem/i_wt_dcache/i_wt_dcache_missunit/data_rdata_q[31]_i_43/O
                         net (fo=2, routed)           0.449     9.748    i_ariane/i_cva6/gen_cache_wt.i_cache_subsystem/i_wt_dcache/i_wt_dcache_missunit/data_rdata_q[31]_i_43_n_1
    SLICE_X7Y31          LUT6 (Prop_lut6_I5_O)        0.328    10.076 r  i_ariane/i_cva6/gen_cache_wt.i_cache_subsystem/i_wt_dcache/i_wt_dcache_missunit/data_rdata_q[31]_i_21/O
                         net (fo=1, routed)           0.000    10.076    i_ariane/i_cva6/gen_cache_wt.i_cache_subsystem/i_wt_dcache/i_wt_dcache_missunit/data_rdata_q[31]_i_21_n_1
    SLICE_X7Y31          CARRY4 (Prop_carry4_S[3]_CO[3])
                                                      0.401    10.477 r  i_ariane/i_cva6/gen_cache_wt.i_cache_subsystem/i_wt_dcache/i_wt_dcache_missunit/data_rdata_q_reg[31]_i_12/CO[3]
                         net (fo=1, routed)           0.000    10.477    i_ariane/i_cva6/gen_cache_wt.i_cache_subsystem/i_wt_dcache/i_wt_dcache_missunit/data_rdata_q_reg[31]_i_12_n_1
    SLICE_X7Y32          CARRY4 (Prop_carry4_CI_CO[2])
                                                      0.228    10.705 f  i_ariane/i_cva6/gen_cache_wt.i_cache_subsystem/i_wt_dcache/i_wt_dcache_missunit/data_rdata_q_reg[31]_i_9/CO[2]
                         net (fo=2, routed)           1.305    12.010    i_ariane/i_cva6/gen_cache_wt.i_cache_subsystem/i_wt_dcache/i_wt_dcache_wbuffer/data_rdata_q_reg[7]_0[0]
    SLICE_X12Y47         LUT5 (Prop_lut5_I0_O)        0.313    12.323 f  i_ariane/i_cva6/gen_cache_wt.i_cache_subsystem/i_wt_dcache/i_wt_dcache_wbuffer/data_rdata_q[31]_i_4/O
                         net (fo=37, routed)          0.393    12.716    i_ariane/i_cva6/gen_cache_wt.i_cache_subsystem/i_wt_dcache/i_wt_dcache_wbuffer/data_rdata_q[31]_i_4_n_1
    SLICE_X12Y46         LUT6 (Prop_lut6_I5_O)        0.124    12.840 r  i_ariane/i_cva6/gen_cache_wt.i_cache_subsystem/i_wt_dcache/i_wt_dcache_wbuffer/data_rdata_q[31]_i_8/O
                         net (fo=4, routed)           0.478    13.318    i_ariane/i_cva6/gen_cache_wt.i_cache_subsystem/i_wt_dcache/i_wt_dcache_wbuffer/data_rdata_q[31]_i_8_n_1
    SLICE_X13Y47         LUT4 (Prop_lut4_I0_O)        0.124    13.442 r  i_ariane/i_cva6/gen_cache_wt.i_cache_subsystem/i_wt_dcache/i_wt_dcache_wbuffer/data_rdata_q[23]_i_3/O
                         net (fo=8, routed)           0.772    14.214    i_ariane/i_cva6/gen_cache_wt.i_cache_subsystem/i_wt_dcache/i_wt_dcache_wbuffer/data_rdata_q[23]_i_3_n_1
    SLICE_X20Y43         LUT5 (Prop_lut5_I1_O)        0.124    14.338 r  i_ariane/i_cva6/gen_cache_wt.i_cache_subsystem/i_wt_dcache/i_wt_dcache_wbuffer/data_rdata_q[23]_i_1/O
                         net (fo=5, routed)           2.212    16.551    i_ariane/i_cva6/gen_cache_wt.i_cache_subsystem/i_wt_dcache/i_wt_dcache_wbuffer/req_port_i[data_rdata][23]
    SLICE_X37Y44         LUT6 (Prop_lut6_I5_O)        0.124    16.675 r  i_ariane/i_cva6/gen_cache_wt.i_cache_subsystem/i_wt_dcache/i_wt_dcache_wbuffer/result_o_reg[31]_i_10/O
                         net (fo=1, routed)           0.902    17.576    i_ariane/i_cva6/ex_stage_i/lsu_i/i_load_unit/rdata_sign_bit1__2
    SLICE_X48Y46         LUT6 (Prop_lut6_I0_O)        0.124    17.700 r  i_ariane/i_cva6/ex_stage_i/lsu_i/i_load_unit/result_o_reg[31]_i_3/O
                         net (fo=24, routed)          1.208    18.908    i_ariane/i_cva6/ex_stage_i/lsu_i/i_load_unit/rdata_sign_bit__5
    SLICE_X37Y40         LUT5 (Prop_lut5_I0_O)        0.124    19.032 r  i_ariane/i_cva6/ex_stage_i/lsu_i/i_load_unit/result_o_reg[15]_i_1/O
                         net (fo=1, routed)           0.948    19.980    i_ariane/i_cva6/ex_stage_i/lsu_i/i_load_unit/result_o_reg[15]_i_1_n_1
    SLICE_X51Y41         LDCE                                         r  i_ariane/i_cva6/ex_stage_i/lsu_i/i_load_unit/result_o_reg[15]/D
  -------------------------------------------------------------------    -------------------





Min Delay Paths
--------------------------------------------------------------------------------------
Slack:                    inf
  Source:                 i_ariane/i_cva6/ex_stage_i/lsu_i/i_load_unit/ldbuf_q_reg[1][address_offset][0]/C
                            (rising edge-triggered cell FDCE clocked by clk_out1_xlnx_clk_gen  {rise@0.000ns fall@10.000ns period=20.000ns})
  Destination:            i_ariane/i_cva6/ex_stage_i/lsu_i/i_load_unit/result_o_reg[28]/D
  Path Group:             (none)
  Path Type:              Min at Slow Process Corner
  Data Path Delay:        1.652ns  (logic 0.567ns (34.328%)  route 1.085ns (65.672%))
  Logic Levels:           2  (LUT4=1 LUT6=1)
  Clock Uncertainty:      0.172ns  ((TSJ^2 + DJ^2)^1/2) / 2 + PE
    Total System Jitter     (TSJ):    0.050ns
    Discrete Jitter          (DJ):    0.142ns
    Phase Error              (PE):    0.097ns

    Location             Delay type                Incr(ns)  Path(ns)    Netlist Resource(s)
  -------------------------------------------------------------------    -------------------
                         (clock clk_out1_xlnx_clk_gen rise edge)
                                                      0.000     0.000 r  
    K17                                               0.000     0.000 r  clk_sys (IN)
                         net (fo=0)                   0.000     0.000    i_xlnx_clk_gen/inst/clk_in1
    K17                  IBUF (Prop_ibuf_I_O)         1.404     1.404 r  i_xlnx_clk_gen/inst/clkin1_ibufg/O
                         net (fo=1, routed)           1.162     2.566    i_xlnx_clk_gen/inst/clk_in1_xlnx_clk_gen
    MMCME2_ADV_X1Y2      MMCME2_ADV (Prop_mmcme2_adv_CLKIN1_CLKOUT0)
                                                     -7.814    -5.248 r  i_xlnx_clk_gen/inst/mmcm_adv_inst/CLKOUT0
                         net (fo=1, routed)           2.012    -3.236    i_xlnx_clk_gen/inst/clk_out1_xlnx_clk_gen
    BUFGCTRL_X0Y16       BUFG (Prop_bufg_I_O)         0.091    -3.145 r  i_xlnx_clk_gen/inst/clkout1_buf/O
                         net (fo=20013, routed)       1.493    -1.652    i_ariane/i_cva6/ex_stage_i/lsu_i/i_load_unit/clk_out1
    SLICE_X41Y40         FDCE                                         r  i_ariane/i_cva6/ex_stage_i/lsu_i/i_load_unit/ldbuf_q_reg[1][address_offset][0]/C
  -------------------------------------------------------------------    -------------------
    SLICE_X41Y40         FDCE (Prop_fdce_C_Q)         0.367    -1.285 f  i_ariane/i_cva6/ex_stage_i/lsu_i/i_load_unit/ldbuf_q_reg[1][address_offset][0]/Q
                         net (fo=8, routed)           0.397    -0.888    i_ariane/i_cva6/ex_stage_i/lsu_i/i_load_unit/ldbuf_q_reg[1][address_offset][0]
    SLICE_X38Y39         LUT6 (Prop_lut6_I0_O)        0.100    -0.788 r  i_ariane/i_cva6/ex_stage_i/lsu_i/i_load_unit/result_o_reg[31]_i_4/O
                         net (fo=16, routed)          0.688    -0.100    i_ariane/i_cva6/ex_stage_i/lsu_i/i_load_unit/result_o_reg[31]_i_4_n_1
    SLICE_X37Y38         LUT4 (Prop_lut4_I3_O)        0.100     0.000 r  i_ariane/i_cva6/ex_stage_i/lsu_i/i_load_unit/result_o_reg[28]_i_1/O
                         net (fo=1, routed)           0.000     0.000    i_ariane/i_cva6/ex_stage_i/lsu_i/i_load_unit/result_o_reg[28]_i_1_n_1
    SLICE_X37Y38         LDCE                                         r  i_ariane/i_cva6/ex_stage_i/lsu_i/i_load_unit/result_o_reg[28]/D
  -------------------------------------------------------------------    -------------------

Slack:                    inf
  Source:                 i_ariane/i_cva6/ex_stage_i/lsu_i/i_load_unit/ldbuf_q_reg[1][address_offset][1]/C
                            (rising edge-triggered cell FDCE clocked by clk_out1_xlnx_clk_gen  {rise@0.000ns fall@10.000ns period=20.000ns})
  Destination:            i_ariane/i_cva6/ex_stage_i/lsu_i/i_load_unit/result_o_reg[20]/D
  Path Group:             (none)
  Path Type:              Min at Slow Process Corner
  Data Path Delay:        1.727ns  (logic 0.567ns (32.839%)  route 1.160ns (67.161%))
  Logic Levels:           2  (LUT6=2)
  Clock Uncertainty:      0.172ns  ((TSJ^2 + DJ^2)^1/2) / 2 + PE
    Total System Jitter     (TSJ):    0.050ns
    Discrete Jitter          (DJ):    0.142ns
    Phase Error              (PE):    0.097ns

    Location             Delay type                Incr(ns)  Path(ns)    Netlist Resource(s)
  -------------------------------------------------------------------    -------------------
                         (clock clk_out1_xlnx_clk_gen rise edge)
                                                      0.000     0.000 r  
    K17                                               0.000     0.000 r  clk_sys (IN)
                         net (fo=0)                   0.000     0.000    i_xlnx_clk_gen/inst/clk_in1
    K17                  IBUF (Prop_ibuf_I_O)         1.404     1.404 r  i_xlnx_clk_gen/inst/clkin1_ibufg/O
                         net (fo=1, routed)           1.162     2.566    i_xlnx_clk_gen/inst/clk_in1_xlnx_clk_gen
    MMCME2_ADV_X1Y2      MMCME2_ADV (Prop_mmcme2_adv_CLKIN1_CLKOUT0)
                                                     -7.814    -5.248 r  i_xlnx_clk_gen/inst/mmcm_adv_inst/CLKOUT0
                         net (fo=1, routed)           2.012    -3.236    i_xlnx_clk_gen/inst/clk_out1_xlnx_clk_gen
    BUFGCTRL_X0Y16       BUFG (Prop_bufg_I_O)         0.091    -3.145 r  i_xlnx_clk_gen/inst/clkout1_buf/O
                         net (fo=20013, routed)       1.493    -1.652    i_ariane/i_cva6/ex_stage_i/lsu_i/i_load_unit/clk_out1
    SLICE_X41Y40         FDCE                                         r  i_ariane/i_cva6/ex_stage_i/lsu_i/i_load_unit/ldbuf_q_reg[1][address_offset][1]/C
  -------------------------------------------------------------------    -------------------
    SLICE_X41Y40         FDCE (Prop_fdce_C_Q)         0.367    -1.285 f  i_ariane/i_cva6/ex_stage_i/lsu_i/i_load_unit/ldbuf_q_reg[1][address_offset][1]/Q
                         net (fo=7, routed)           0.294    -0.990    i_ariane/i_cva6/ex_stage_i/lsu_i/i_load_unit/ldbuf_q_reg[1][address_offset][1]
    SLICE_X38Y39         LUT6 (Prop_lut6_I0_O)        0.100    -0.890 r  i_ariane/i_cva6/ex_stage_i/lsu_i/i_load_unit/result_o_reg[23]_i_2/O
                         net (fo=8, routed)           0.298    -0.592    i_ariane/i_cva6/ex_stage_i/lsu_i/i_load_unit/result_o_reg[23]_i_2_n_1
    SLICE_X36Y38         LUT6 (Prop_lut6_I5_O)        0.100    -0.492 r  i_ariane/i_cva6/ex_stage_i/lsu_i/i_load_unit/result_o_reg[20]_i_1/O
                         net (fo=1, routed)           0.567     0.075    i_ariane/i_cva6/ex_stage_i/lsu_i/i_load_unit/result_o_reg[20]_i_1_n_1
    SLICE_X36Y35         LDCE                                         r  i_ariane/i_cva6/ex_stage_i/lsu_i/i_load_unit/result_o_reg[20]/D
  -------------------------------------------------------------------    -------------------

Slack:                    inf
  Source:                 i_ariane/i_cva6/ex_stage_i/lsu_i/i_load_unit/ldbuf_q_reg[1][address_offset][1]/C
                            (rising edge-triggered cell FDCE clocked by clk_out1_xlnx_clk_gen  {rise@0.000ns fall@10.000ns period=20.000ns})
  Destination:            i_ariane/i_cva6/ex_stage_i/lsu_i/i_load_unit/result_o_reg[16]/D
  Path Group:             (none)
  Path Type:              Min at Fast Process Corner
  Data Path Delay:        0.800ns  (logic 0.231ns (28.873%)  route 0.569ns (71.127%))
  Logic Levels:           2  (LUT6=2)
  Clock Uncertainty:      0.172ns  ((TSJ^2 + DJ^2)^1/2) / 2 + PE
    Total System Jitter     (TSJ):    0.050ns
    Discrete Jitter          (DJ):    0.142ns
    Phase Error              (PE):    0.097ns

    Location             Delay type                Incr(ns)  Path(ns)    Netlist Resource(s)
  -------------------------------------------------------------------    -------------------
                         (clock clk_out1_xlnx_clk_gen rise edge)
                                                      0.000     0.000 r  
    K17                                               0.000     0.000 r  clk_sys (IN)
                         net (fo=0)                   0.000     0.000    i_xlnx_clk_gen/inst/clk_in1
    K17                  IBUF (Prop_ibuf_I_O)         0.243     0.243 r  i_xlnx_clk_gen/inst/clkin1_ibufg/O
                         net (fo=1, routed)           0.440     0.683    i_xlnx_clk_gen/inst/clk_in1_xlnx_clk_gen
    MMCME2_ADV_X1Y2      MMCME2_ADV (Prop_mmcme2_adv_CLKIN1_CLKOUT0)
                                                     -2.613    -1.930 r  i_xlnx_clk_gen/inst/mmcm_adv_inst/CLKOUT0
                         net (fo=1, routed)           0.696    -1.233    i_xlnx_clk_gen/inst/clk_out1_xlnx_clk_gen
    BUFGCTRL_X0Y16       BUFG (Prop_bufg_I_O)         0.026    -1.207 r  i_xlnx_clk_gen/inst/clkout1_buf/O
                         net (fo=20013, routed)       0.561    -0.647    i_ariane/i_cva6/ex_stage_i/lsu_i/i_load_unit/clk_out1
    SLICE_X41Y40         FDCE                                         r  i_ariane/i_cva6/ex_stage_i/lsu_i/i_load_unit/ldbuf_q_reg[1][address_offset][1]/C
  -------------------------------------------------------------------    -------------------
    SLICE_X41Y40         FDCE (Prop_fdce_C_Q)         0.141    -0.506 f  i_ariane/i_cva6/ex_stage_i/lsu_i/i_load_unit/ldbuf_q_reg[1][address_offset][1]/Q
                         net (fo=7, routed)           0.136    -0.369    i_ariane/i_cva6/ex_stage_i/lsu_i/i_load_unit/ldbuf_q_reg[1][address_offset][1]
    SLICE_X38Y39         LUT6 (Prop_lut6_I0_O)        0.045    -0.324 r  i_ariane/i_cva6/ex_stage_i/lsu_i/i_load_unit/result_o_reg[23]_i_2/O
                         net (fo=8, routed)           0.317    -0.008    i_ariane/i_cva6/ex_stage_i/lsu_i/i_load_unit/result_o_reg[23]_i_2_n_1
    SLICE_X36Y35         LUT6 (Prop_lut6_I5_O)        0.045     0.037 r  i_ariane/i_cva6/ex_stage_i/lsu_i/i_load_unit/result_o_reg[16]_i_1/O
                         net (fo=1, routed)           0.116     0.153    i_ariane/i_cva6/ex_stage_i/lsu_i/i_load_unit/result_o_reg[16]_i_1_n_1
    SLICE_X36Y35         LDCE                                         r  i_ariane/i_cva6/ex_stage_i/lsu_i/i_load_unit/result_o_reg[16]/D
  -------------------------------------------------------------------    -------------------

Slack:                    inf
  Source:                 i_ariane/i_cva6/ex_stage_i/lsu_i/i_load_unit/ldbuf_q_reg[1][address_offset][1]/C
                            (rising edge-triggered cell FDCE clocked by clk_out1_xlnx_clk_gen  {rise@0.000ns fall@10.000ns period=20.000ns})
  Destination:            i_ariane/i_cva6/ex_stage_i/lsu_i/i_load_unit/result_o_reg[12]/D
  Path Group:             (none)
  Path Type:              Min at Fast Process Corner
  Data Path Delay:        0.811ns  (logic 0.231ns (28.485%)  route 0.580ns (71.515%))
  Logic Levels:           2  (LUT5=1 LUT6=1)
  Clock Uncertainty:      0.172ns  ((TSJ^2 + DJ^2)^1/2) / 2 + PE
    Total System Jitter     (TSJ):    0.050ns
    Discrete Jitter          (DJ):    0.142ns
    Phase Error              (PE):    0.097ns

    Location             Delay type                Incr(ns)  Path(ns)    Netlist Resource(s)
  -------------------------------------------------------------------    -------------------
                         (clock clk_out1_xlnx_clk_gen rise edge)
                                                      0.000     0.000 r  
    K17                                               0.000     0.000 r  clk_sys (IN)
                         net (fo=0)                   0.000     0.000    i_xlnx_clk_gen/inst/clk_in1
    K17                  IBUF (Prop_ibuf_I_O)         0.243     0.243 r  i_xlnx_clk_gen/inst/clkin1_ibufg/O
                         net (fo=1, routed)           0.440     0.683    i_xlnx_clk_gen/inst/clk_in1_xlnx_clk_gen
    MMCME2_ADV_X1Y2      MMCME2_ADV (Prop_mmcme2_adv_CLKIN1_CLKOUT0)
                                                     -2.613    -1.930 r  i_xlnx_clk_gen/inst/mmcm_adv_inst/CLKOUT0
                         net (fo=1, routed)           0.696    -1.233    i_xlnx_clk_gen/inst/clk_out1_xlnx_clk_gen
    BUFGCTRL_X0Y16       BUFG (Prop_bufg_I_O)         0.026    -1.207 r  i_xlnx_clk_gen/inst/clkout1_buf/O
                         net (fo=20013, routed)       0.561    -0.647    i_ariane/i_cva6/ex_stage_i/lsu_i/i_load_unit/clk_out1
    SLICE_X41Y40         FDCE                                         r  i_ariane/i_cva6/ex_stage_i/lsu_i/i_load_unit/ldbuf_q_reg[1][address_offset][1]/C
  -------------------------------------------------------------------    -------------------
    SLICE_X41Y40         FDCE (Prop_fdce_C_Q)         0.141    -0.506 f  i_ariane/i_cva6/ex_stage_i/lsu_i/i_load_unit/ldbuf_q_reg[1][address_offset][1]/Q
                         net (fo=7, routed)           0.183    -0.323    i_ariane/i_cva6/ex_stage_i/lsu_i/i_load_unit/ldbuf_q_reg[1][address_offset][1]
    SLICE_X38Y41         LUT6 (Prop_lut6_I3_O)        0.045    -0.278 r  i_ariane/i_cva6/ex_stage_i/lsu_i/i_load_unit/result_o_reg[15]_i_4/O
                         net (fo=8, routed)           0.397     0.119    i_ariane/i_cva6/ex_stage_i/lsu_i/i_load_unit/result_o_reg[15]_i_4_n_1
    SLICE_X36Y39         LUT5 (Prop_lut5_I3_O)        0.045     0.164 r  i_ariane/i_cva6/ex_stage_i/lsu_i/i_load_unit/result_o_reg[12]_i_1/O
                         net (fo=1, routed)           0.000     0.164    i_ariane/i_cva6/ex_stage_i/lsu_i/i_load_unit/result_o_reg[12]_i_1_n_1
    SLICE_X36Y39         LDCE                                         r  i_ariane/i_cva6/ex_stage_i/lsu_i/i_load_unit/result_o_reg[12]/D
  -------------------------------------------------------------------    -------------------

Slack:                    inf
  Source:                 i_ariane/i_cva6/ex_stage_i/lsu_i/i_load_unit/ldbuf_q_reg[1][address_offset][0]/C
                            (rising edge-triggered cell FDCE clocked by clk_out1_xlnx_clk_gen  {rise@0.000ns fall@10.000ns period=20.000ns})
  Destination:            i_ariane/i_cva6/ex_stage_i/lsu_i/i_load_unit/result_o_reg[29]/D
  Path Group:             (none)
  Path Type:              Min at Fast Process Corner
  Data Path Delay:        0.827ns  (logic 0.232ns (28.048%)  route 0.595ns (71.952%))
  Logic Levels:           2  (LUT4=1 LUT6=1)
  Clock Uncertainty:      0.172ns  ((TSJ^2 + DJ^2)^1/2) / 2 + PE
    Total System Jitter     (TSJ):    0.050ns
    Discrete Jitter          (DJ):    0.142ns
    Phase Error              (PE):    0.097ns

    Location             Delay type                Incr(ns)  Path(ns)    Netlist Resource(s)
  -------------------------------------------------------------------    -------------------
                         (clock clk_out1_xlnx_clk_gen rise edge)
                                                      0.000     0.000 r  
    K17                                               0.000     0.000 r  clk_sys (IN)
                         net (fo=0)                   0.000     0.000    i_xlnx_clk_gen/inst/clk_in1
    K17                  IBUF (Prop_ibuf_I_O)         0.243     0.243 r  i_xlnx_clk_gen/inst/clkin1_ibufg/O
                         net (fo=1, routed)           0.440     0.683    i_xlnx_clk_gen/inst/clk_in1_xlnx_clk_gen
    MMCME2_ADV_X1Y2      MMCME2_ADV (Prop_mmcme2_adv_CLKIN1_CLKOUT0)
                                                     -2.613    -1.930 r  i_xlnx_clk_gen/inst/mmcm_adv_inst/CLKOUT0
                         net (fo=1, routed)           0.696    -1.233    i_xlnx_clk_gen/inst/clk_out1_xlnx_clk_gen
    BUFGCTRL_X0Y16       BUFG (Prop_bufg_I_O)         0.026    -1.207 r  i_xlnx_clk_gen/inst/clkout1_buf/O
                         net (fo=20013, routed)       0.561    -0.647    i_ariane/i_cva6/ex_stage_i/lsu_i/i_load_unit/clk_out1
    SLICE_X41Y40         FDCE                                         r  i_ariane/i_cva6/ex_stage_i/lsu_i/i_load_unit/ldbuf_q_reg[1][address_offset][0]/C
  -------------------------------------------------------------------    -------------------
    SLICE_X41Y40         FDCE (Prop_fdce_C_Q)         0.141    -0.506 f  i_ariane/i_cva6/ex_stage_i/lsu_i/i_load_unit/ldbuf_q_reg[1][address_offset][0]/Q
                         net (fo=8, routed)           0.185    -0.321    i_ariane/i_cva6/ex_stage_i/lsu_i/i_load_unit/ldbuf_q_reg[1][address_offset][0]
    SLICE_X38Y39         LUT6 (Prop_lut6_I0_O)        0.045    -0.276 r  i_ariane/i_cva6/ex_stage_i/lsu_i/i_load_unit/result_o_reg[31]_i_4/O
                         net (fo=16, routed)          0.291     0.015    i_ariane/i_cva6/ex_stage_i/lsu_i/i_load_unit/result_o_reg[31]_i_4_n_1
    SLICE_X37Y38         LUT4 (Prop_lut4_I3_O)        0.046     0.061 r  i_ariane/i_cva6/ex_stage_i/lsu_i/i_load_unit/result_o_reg[29]_i_1/O
                         net (fo=1, routed)           0.119     0.181    i_ariane/i_cva6/ex_stage_i/lsu_i/i_load_unit/result_o_reg[29]_i_1_n_1
    SLICE_X37Y38         LDCE                                         r  i_ariane/i_cva6/ex_stage_i/lsu_i/i_load_unit/result_o_reg[29]/D
  -------------------------------------------------------------------    -------------------

Slack:                    inf
  Source:                 i_ariane/i_cva6/ex_stage_i/lsu_i/i_load_unit/ldbuf_q_reg[1][address_offset][0]/C
                            (rising edge-triggered cell FDCE clocked by clk_out1_xlnx_clk_gen  {rise@0.000ns fall@10.000ns period=20.000ns})
  Destination:            i_ariane/i_cva6/ex_stage_i/lsu_i/i_load_unit/result_o_reg[21]/D
  Path Group:             (none)
  Path Type:              Min at Fast Process Corner
  Data Path Delay:        0.842ns  (logic 0.231ns (27.420%)  route 0.611ns (72.580%))
  Logic Levels:           2  (LUT6=2)
  Clock Uncertainty:      0.172ns  ((TSJ^2 + DJ^2)^1/2) / 2 + PE
    Total System Jitter     (TSJ):    0.050ns
    Discrete Jitter          (DJ):    0.142ns
    Phase Error              (PE):    0.097ns

    Location             Delay type                Incr(ns)  Path(ns)    Netlist Resource(s)
  -------------------------------------------------------------------    -------------------
                         (clock clk_out1_xlnx_clk_gen rise edge)
                                                      0.000     0.000 r  
    K17                                               0.000     0.000 r  clk_sys (IN)
                         net (fo=0)                   0.000     0.000    i_xlnx_clk_gen/inst/clk_in1
    K17                  IBUF (Prop_ibuf_I_O)         0.243     0.243 r  i_xlnx_clk_gen/inst/clkin1_ibufg/O
                         net (fo=1, routed)           0.440     0.683    i_xlnx_clk_gen/inst/clk_in1_xlnx_clk_gen
    MMCME2_ADV_X1Y2      MMCME2_ADV (Prop_mmcme2_adv_CLKIN1_CLKOUT0)
                                                     -2.613    -1.930 r  i_xlnx_clk_gen/inst/mmcm_adv_inst/CLKOUT0
                         net (fo=1, routed)           0.696    -1.233    i_xlnx_clk_gen/inst/clk_out1_xlnx_clk_gen
    BUFGCTRL_X0Y16       BUFG (Prop_bufg_I_O)         0.026    -1.207 r  i_xlnx_clk_gen/inst/clkout1_buf/O
                         net (fo=20013, routed)       0.561    -0.647    i_ariane/i_cva6/ex_stage_i/lsu_i/i_load_unit/clk_out1
    SLICE_X41Y40         FDCE                                         r  i_ariane/i_cva6/ex_stage_i/lsu_i/i_load_unit/ldbuf_q_reg[1][address_offset][0]/C
  -------------------------------------------------------------------    -------------------
    SLICE_X41Y40         FDCE (Prop_fdce_C_Q)         0.141    -0.506 f  i_ariane/i_cva6/ex_stage_i/lsu_i/i_load_unit/ldbuf_q_reg[1][address_offset][0]/Q
                         net (fo=8, routed)           0.185    -0.321    i_ariane/i_cva6/ex_stage_i/lsu_i/i_load_unit/ldbuf_q_reg[1][address_offset][0]
    SLICE_X38Y39         LUT6 (Prop_lut6_I0_O)        0.045    -0.276 r  i_ariane/i_cva6/ex_stage_i/lsu_i/i_load_unit/result_o_reg[31]_i_4/O
                         net (fo=16, routed)          0.208    -0.067    i_ariane/i_cva6/ex_stage_i/lsu_i/i_load_unit/result_o_reg[31]_i_4_n_1
    SLICE_X37Y38         LUT6 (Prop_lut6_I2_O)        0.045    -0.022 r  i_ariane/i_cva6/ex_stage_i/lsu_i/i_load_unit/result_o_reg[21]_i_1/O
                         net (fo=1, routed)           0.218     0.196    i_ariane/i_cva6/ex_stage_i/lsu_i/i_load_unit/result_o_reg[21]_i_1_n_1
    SLICE_X45Y38         LDCE                                         r  i_ariane/i_cva6/ex_stage_i/lsu_i/i_load_unit/result_o_reg[21]/D
  -------------------------------------------------------------------    -------------------

Slack:                    inf
  Source:                 i_ariane/i_cva6/ex_stage_i/lsu_i/i_load_unit/ldbuf_q_reg[1][address_offset][1]/C
                            (rising edge-triggered cell FDCE clocked by clk_out1_xlnx_clk_gen  {rise@0.000ns fall@10.000ns period=20.000ns})
  Destination:            i_ariane/i_cva6/ex_stage_i/lsu_i/i_load_unit/result_o_reg[22]/D
  Path Group:             (none)
  Path Type:              Min at Fast Process Corner
  Data Path Delay:        0.862ns  (logic 0.231ns (26.792%)  route 0.631ns (73.208%))
  Logic Levels:           2  (LUT6=2)
  Clock Uncertainty:      0.172ns  ((TSJ^2 + DJ^2)^1/2) / 2 + PE
    Total System Jitter     (TSJ):    0.050ns
    Discrete Jitter          (DJ):    0.142ns
    Phase Error              (PE):    0.097ns

    Location             Delay type                Incr(ns)  Path(ns)    Netlist Resource(s)
  -------------------------------------------------------------------    -------------------
                         (clock clk_out1_xlnx_clk_gen rise edge)
                                                      0.000     0.000 r  
    K17                                               0.000     0.000 r  clk_sys (IN)
                         net (fo=0)                   0.000     0.000    i_xlnx_clk_gen/inst/clk_in1
    K17                  IBUF (Prop_ibuf_I_O)         0.243     0.243 r  i_xlnx_clk_gen/inst/clkin1_ibufg/O
                         net (fo=1, routed)           0.440     0.683    i_xlnx_clk_gen/inst/clk_in1_xlnx_clk_gen
    MMCME2_ADV_X1Y2      MMCME2_ADV (Prop_mmcme2_adv_CLKIN1_CLKOUT0)
                                                     -2.613    -1.930 r  i_xlnx_clk_gen/inst/mmcm_adv_inst/CLKOUT0
                         net (fo=1, routed)           0.696    -1.233    i_xlnx_clk_gen/inst/clk_out1_xlnx_clk_gen
    BUFGCTRL_X0Y16       BUFG (Prop_bufg_I_O)         0.026    -1.207 r  i_xlnx_clk_gen/inst/clkout1_buf/O
                         net (fo=20013, routed)       0.561    -0.647    i_ariane/i_cva6/ex_stage_i/lsu_i/i_load_unit/clk_out1
    SLICE_X41Y40         FDCE                                         r  i_ariane/i_cva6/ex_stage_i/lsu_i/i_load_unit/ldbuf_q_reg[1][address_offset][1]/C
  -------------------------------------------------------------------    -------------------
    SLICE_X41Y40         FDCE (Prop_fdce_C_Q)         0.141    -0.506 f  i_ariane/i_cva6/ex_stage_i/lsu_i/i_load_unit/ldbuf_q_reg[1][address_offset][1]/Q
                         net (fo=7, routed)           0.136    -0.369    i_ariane/i_cva6/ex_stage_i/lsu_i/i_load_unit/ldbuf_q_reg[1][address_offset][1]
    SLICE_X38Y39         LUT6 (Prop_lut6_I0_O)        0.045    -0.324 r  i_ariane/i_cva6/ex_stage_i/lsu_i/i_load_unit/result_o_reg[23]_i_2/O
                         net (fo=8, routed)           0.340     0.016    i_ariane/i_cva6/ex_stage_i/lsu_i/i_load_unit/result_o_reg[23]_i_2_n_1
    SLICE_X36Y35         LUT6 (Prop_lut6_I5_O)        0.045     0.061 r  i_ariane/i_cva6/ex_stage_i/lsu_i/i_load_unit/result_o_reg[22]_i_1/O
                         net (fo=1, routed)           0.155     0.216    i_ariane/i_cva6/ex_stage_i/lsu_i/i_load_unit/result_o_reg[22]_i_1_n_1
    SLICE_X39Y34         LDCE                                         r  i_ariane/i_cva6/ex_stage_i/lsu_i/i_load_unit/result_o_reg[22]/D
  -------------------------------------------------------------------    -------------------

Slack:                    inf
  Source:                 i_ariane/i_cva6/ex_stage_i/lsu_i/i_load_unit/ldbuf_q_reg[1][address_offset][1]/C
                            (rising edge-triggered cell FDCE clocked by clk_out1_xlnx_clk_gen  {rise@0.000ns fall@10.000ns period=20.000ns})
  Destination:            i_ariane/i_cva6/ex_stage_i/lsu_i/i_load_unit/result_o_reg[8]/D
  Path Group:             (none)
  Path Type:              Min at Fast Process Corner
  Data Path Delay:        0.867ns  (logic 0.231ns (26.652%)  route 0.636ns (73.348%))
  Logic Levels:           2  (LUT5=1 LUT6=1)
  Clock Uncertainty:      0.172ns  ((TSJ^2 + DJ^2)^1/2) / 2 + PE
    Total System Jitter     (TSJ):    0.050ns
    Discrete Jitter          (DJ):    0.142ns
    Phase Error              (PE):    0.097ns

    Location             Delay type                Incr(ns)  Path(ns)    Netlist Resource(s)
  -------------------------------------------------------------------    -------------------
                         (clock clk_out1_xlnx_clk_gen rise edge)
                                                      0.000     0.000 r  
    K17                                               0.000     0.000 r  clk_sys (IN)
                         net (fo=0)                   0.000     0.000    i_xlnx_clk_gen/inst/clk_in1
    K17                  IBUF (Prop_ibuf_I_O)         0.243     0.243 r  i_xlnx_clk_gen/inst/clkin1_ibufg/O
                         net (fo=1, routed)           0.440     0.683    i_xlnx_clk_gen/inst/clk_in1_xlnx_clk_gen
    MMCME2_ADV_X1Y2      MMCME2_ADV (Prop_mmcme2_adv_CLKIN1_CLKOUT0)
                                                     -2.613    -1.930 r  i_xlnx_clk_gen/inst/mmcm_adv_inst/CLKOUT0
                         net (fo=1, routed)           0.696    -1.233    i_xlnx_clk_gen/inst/clk_out1_xlnx_clk_gen
    BUFGCTRL_X0Y16       BUFG (Prop_bufg_I_O)         0.026    -1.207 r  i_xlnx_clk_gen/inst/clkout1_buf/O
                         net (fo=20013, routed)       0.561    -0.647    i_ariane/i_cva6/ex_stage_i/lsu_i/i_load_unit/clk_out1
    SLICE_X41Y40         FDCE                                         r  i_ariane/i_cva6/ex_stage_i/lsu_i/i_load_unit/ldbuf_q_reg[1][address_offset][1]/C
  -------------------------------------------------------------------    -------------------
    SLICE_X41Y40         FDCE (Prop_fdce_C_Q)         0.141    -0.506 f  i_ariane/i_cva6/ex_stage_i/lsu_i/i_load_unit/ldbuf_q_reg[1][address_offset][1]/Q
                         net (fo=7, routed)           0.183    -0.323    i_ariane/i_cva6/ex_stage_i/lsu_i/i_load_unit/ldbuf_q_reg[1][address_offset][1]
    SLICE_X38Y41         LUT6 (Prop_lut6_I3_O)        0.045    -0.278 r  i_ariane/i_cva6/ex_stage_i/lsu_i/i_load_unit/result_o_reg[15]_i_4/O
                         net (fo=8, routed)           0.397     0.119    i_ariane/i_cva6/ex_stage_i/lsu_i/i_load_unit/result_o_reg[15]_i_4_n_1
    SLICE_X36Y39         LUT5 (Prop_lut5_I3_O)        0.045     0.164 r  i_ariane/i_cva6/ex_stage_i/lsu_i/i_load_unit/result_o_reg[8]_i_1/O
                         net (fo=1, routed)           0.056     0.220    i_ariane/i_cva6/ex_stage_i/lsu_i/i_load_unit/result_o_reg[8]_i_1_n_1
    SLICE_X37Y39         LDCE                                         r  i_ariane/i_cva6/ex_stage_i/lsu_i/i_load_unit/result_o_reg[8]/D
  -------------------------------------------------------------------    -------------------

Slack:                    inf
  Source:                 i_ariane/i_cva6/gen_cache_wt.i_cache_subsystem/i_wt_dcache/gen_rd_ports[1].i_wt_dcache_ctrl/id_q_reg[0]/C
                            (rising edge-triggered cell FDCE clocked by clk_out1_xlnx_clk_gen  {rise@0.000ns fall@10.000ns period=20.000ns})
  Destination:            i_ariane/i_cva6/ex_stage_i/lsu_i/i_load_unit/result_o_reg[3]/D
  Path Group:             (none)
  Path Type:              Min at Fast Process Corner
  Data Path Delay:        0.916ns  (logic 0.231ns (25.226%)  route 0.685ns (74.774%))
  Logic Levels:           2  (LUT3=1 LUT6=1)
  Clock Uncertainty:      0.172ns  ((TSJ^2 + DJ^2)^1/2) / 2 + PE
    Total System Jitter     (TSJ):    0.050ns
    Discrete Jitter          (DJ):    0.142ns
    Phase Error              (PE):    0.097ns

    Location             Delay type                Incr(ns)  Path(ns)    Netlist Resource(s)
  -------------------------------------------------------------------    -------------------
                         (clock clk_out1_xlnx_clk_gen rise edge)
                                                      0.000     0.000 r  
    K17                                               0.000     0.000 r  clk_sys (IN)
                         net (fo=0)                   0.000     0.000    i_xlnx_clk_gen/inst/clk_in1
    K17                  IBUF (Prop_ibuf_I_O)         0.243     0.243 r  i_xlnx_clk_gen/inst/clkin1_ibufg/O
                         net (fo=1, routed)           0.440     0.683    i_xlnx_clk_gen/inst/clk_in1_xlnx_clk_gen
    MMCME2_ADV_X1Y2      MMCME2_ADV (Prop_mmcme2_adv_CLKIN1_CLKOUT0)
                                                     -2.613    -1.930 r  i_xlnx_clk_gen/inst/mmcm_adv_inst/CLKOUT0
                         net (fo=1, routed)           0.696    -1.233    i_xlnx_clk_gen/inst/clk_out1_xlnx_clk_gen
    BUFGCTRL_X0Y16       BUFG (Prop_bufg_I_O)         0.026    -1.207 r  i_xlnx_clk_gen/inst/clkout1_buf/O
                         net (fo=20013, routed)       0.563    -0.645    i_ariane/i_cva6/gen_cache_wt.i_cache_subsystem/i_wt_dcache/gen_rd_ports[1].i_wt_dcache_ctrl/clk_out1
    SLICE_X33Y40         FDCE                                         r  i_ariane/i_cva6/gen_cache_wt.i_cache_subsystem/i_wt_dcache/gen_rd_ports[1].i_wt_dcache_ctrl/id_q_reg[0]/C
  -------------------------------------------------------------------    -------------------
    SLICE_X33Y40         FDCE (Prop_fdce_C_Q)         0.141    -0.504 r  i_ariane/i_cva6/gen_cache_wt.i_cache_subsystem/i_wt_dcache/gen_rd_ports[1].i_wt_dcache_ctrl/id_q_reg[0]/Q
                         net (fo=26, routed)          0.292    -0.212    i_ariane/i_cva6/ex_stage_i/lsu_i/i_load_unit/dcache_req_ports_cache_ex[1][data_rid]
    SLICE_X37Y39         LUT3 (Prop_lut3_I1_O)        0.045    -0.167 r  i_ariane/i_cva6/ex_stage_i/lsu_i/i_load_unit/result_o_reg[7]_i_3/O
                         net (fo=8, routed)           0.279     0.113    i_ariane/i_cva6/gen_cache_wt.i_cache_subsystem/i_wt_dcache/i_wt_dcache_wbuffer/ldbuf_rdata[address_offset][1]
    SLICE_X35Y39         LUT6 (Prop_lut6_I3_O)        0.045     0.158 r  i_ariane/i_cva6/gen_cache_wt.i_cache_subsystem/i_wt_dcache/i_wt_dcache_wbuffer/result_o_reg[3]_i_1/O
                         net (fo=1, routed)           0.113     0.271    i_ariane/i_cva6/ex_stage_i/lsu_i/i_load_unit/gen_register.d_o_reg[72][3]
    SLICE_X35Y39         LDCE                                         r  i_ariane/i_cva6/ex_stage_i/lsu_i/i_load_unit/result_o_reg[3]/D
  -------------------------------------------------------------------    -------------------

Slack:                    inf
  Source:                 i_ariane/i_cva6/ex_stage_i/lsu_i/i_load_unit/ldbuf_q_reg[1][address_offset][0]/C
                            (rising edge-triggered cell FDCE clocked by clk_out1_xlnx_clk_gen  {rise@0.000ns fall@10.000ns period=20.000ns})
  Destination:            i_ariane/i_cva6/ex_stage_i/lsu_i/i_load_unit/result_o_reg[24]/D
  Path Group:             (none)
  Path Type:              Min at Fast Process Corner
  Data Path Delay:        0.919ns  (logic 0.231ns (25.134%)  route 0.688ns (74.866%))
  Logic Levels:           2  (LUT4=1 LUT6=1)
  Clock Uncertainty:      0.172ns  ((TSJ^2 + DJ^2)^1/2) / 2 + PE
    Total System Jitter     (TSJ):    0.050ns
    Discrete Jitter          (DJ):    0.142ns
    Phase Error              (PE):    0.097ns

    Location             Delay type                Incr(ns)  Path(ns)    Netlist Resource(s)
  -------------------------------------------------------------------    -------------------
                         (clock clk_out1_xlnx_clk_gen rise edge)
                                                      0.000     0.000 r  
    K17                                               0.000     0.000 r  clk_sys (IN)
                         net (fo=0)                   0.000     0.000    i_xlnx_clk_gen/inst/clk_in1
    K17                  IBUF (Prop_ibuf_I_O)         0.243     0.243 r  i_xlnx_clk_gen/inst/clkin1_ibufg/O
                         net (fo=1, routed)           0.440     0.683    i_xlnx_clk_gen/inst/clk_in1_xlnx_clk_gen
    MMCME2_ADV_X1Y2      MMCME2_ADV (Prop_mmcme2_adv_CLKIN1_CLKOUT0)
                                                     -2.613    -1.930 r  i_xlnx_clk_gen/inst/mmcm_adv_inst/CLKOUT0
                         net (fo=1, routed)           0.696    -1.233    i_xlnx_clk_gen/inst/clk_out1_xlnx_clk_gen
    BUFGCTRL_X0Y16       BUFG (Prop_bufg_I_O)         0.026    -1.207 r  i_xlnx_clk_gen/inst/clkout1_buf/O
                         net (fo=20013, routed)       0.561    -0.647    i_ariane/i_cva6/ex_stage_i/lsu_i/i_load_unit/clk_out1
    SLICE_X41Y40         FDCE                                         r  i_ariane/i_cva6/ex_stage_i/lsu_i/i_load_unit/ldbuf_q_reg[1][address_offset][0]/C
  -------------------------------------------------------------------    -------------------
    SLICE_X41Y40         FDCE (Prop_fdce_C_Q)         0.141    -0.506 f  i_ariane/i_cva6/ex_stage_i/lsu_i/i_load_unit/ldbuf_q_reg[1][address_offset][0]/Q
                         net (fo=8, routed)           0.185    -0.321    i_ariane/i_cva6/ex_stage_i/lsu_i/i_load_unit/ldbuf_q_reg[1][address_offset][0]
    SLICE_X38Y39         LUT6 (Prop_lut6_I0_O)        0.045    -0.276 r  i_ariane/i_cva6/ex_stage_i/lsu_i/i_load_unit/result_o_reg[31]_i_4/O
                         net (fo=16, routed)          0.503     0.227    i_ariane/i_cva6/ex_stage_i/lsu_i/i_load_unit/result_o_reg[31]_i_4_n_1
    SLICE_X38Y35         LUT4 (Prop_lut4_I3_O)        0.045     0.272 r  i_ariane/i_cva6/ex_stage_i/lsu_i/i_load_unit/result_o_reg[24]_i_1/O
                         net (fo=1, routed)           0.000     0.272    i_ariane/i_cva6/ex_stage_i/lsu_i/i_load_unit/result_o_reg[24]_i_1_n_1
    SLICE_X38Y35         LDCE                                         r  i_ariane/i_cva6/ex_stage_i/lsu_i/i_load_unit/result_o_reg[24]/D
  -------------------------------------------------------------------    -------------------





--------------------------------------------------------------------------------------
Path Group:  (none)
From Clock:  clkfbout_xlnx_clk_gen
  To Clock:  

Max Delay             1 Endpoint
Min Delay             1 Endpoint
--------------------------------------------------------------------------------------


Max Delay Paths
--------------------------------------------------------------------------------------
Slack:                    inf
  Source:                 i_xlnx_clk_gen/inst/mmcm_adv_inst/CLKFBOUT
                            (clock source 'clkfbout_xlnx_clk_gen'  {rise@0.000ns fall@4.000ns period=8.000ns})
  Destination:            i_xlnx_clk_gen/inst/mmcm_adv_inst/CLKFBIN
  Path Group:             (none)
  Path Type:              Max at Slow Process Corner
  Data Path Delay:        4.287ns  (logic 0.101ns (2.356%)  route 4.186ns (97.644%))
  Logic Levels:           1  (BUFG=1)
  Clock Uncertainty:      0.144ns  ((TSJ^2 + DJ^2)^1/2) / 2 + PE
    Total System Jitter     (TSJ):    0.050ns
    Discrete Jitter          (DJ):    0.080ns
    Phase Error              (PE):    0.097ns

    Location             Delay type                Incr(ns)  Path(ns)    Netlist Resource(s)
  -------------------------------------------------------------------    -------------------
                         (clock clkfbout_xlnx_clk_gen fall edge)
                                                      4.000     4.000 f  
    K17                                               0.000     4.000 f  clk_sys (IN)
                         net (fo=0)                   0.000     4.000    i_xlnx_clk_gen/inst/clk_in1
    K17                  IBUF (Prop_ibuf_I_O)         1.475     5.475 f  i_xlnx_clk_gen/inst/clkin1_ibufg/O
                         net (fo=1, routed)           1.285     6.760    i_xlnx_clk_gen/inst/clk_in1_xlnx_clk_gen
  -------------------------------------------------------------------    -------------------
    MMCME2_ADV_X1Y2      MMCME2_ADV (Prop_mmcme2_adv_CLKIN1_CLKFBOUT)
                                                     -7.759    -0.999 f  i_xlnx_clk_gen/inst/mmcm_adv_inst/CLKFBOUT
                         net (fo=1, routed)           2.206     1.207    i_xlnx_clk_gen/inst/clkfbout_xlnx_clk_gen
    BUFGCTRL_X0Y17       BUFG (Prop_bufg_I_O)         0.101     1.308 f  i_xlnx_clk_gen/inst/clkf_buf/O
                         net (fo=1, routed)           1.980     3.288    i_xlnx_clk_gen/inst/clkfbout_buf_xlnx_clk_gen
    MMCME2_ADV_X1Y2      MMCME2_ADV                                   f  i_xlnx_clk_gen/inst/mmcm_adv_inst/CLKFBIN
  -------------------------------------------------------------------    -------------------





Min Delay Paths
--------------------------------------------------------------------------------------
Slack:                    inf
  Source:                 i_xlnx_clk_gen/inst/mmcm_adv_inst/CLKFBOUT
                            (clock source 'clkfbout_xlnx_clk_gen'  {rise@0.000ns fall@4.000ns period=8.000ns})
  Destination:            i_xlnx_clk_gen/inst/mmcm_adv_inst/CLKFBIN
  Path Group:             (none)
  Path Type:              Min at Slow Process Corner
  Data Path Delay:        3.873ns  (logic 0.091ns (2.349%)  route 3.782ns (97.651%))
  Logic Levels:           1  (BUFG=1)
  Clock Uncertainty:      0.144ns  ((TSJ^2 + DJ^2)^1/2) / 2 + PE
    Total System Jitter     (TSJ):    0.050ns
    Discrete Jitter          (DJ):    0.080ns
    Phase Error              (PE):    0.097ns

    Location             Delay type                Incr(ns)  Path(ns)    Netlist Resource(s)
  -------------------------------------------------------------------    -------------------
                         (clock clkfbout_xlnx_clk_gen rise edge)
                                                      0.000     0.000 r  
    K17                                               0.000     0.000 r  clk_sys (IN)
                         net (fo=0)                   0.000     0.000    i_xlnx_clk_gen/inst/clk_in1
    K17                  IBUF (Prop_ibuf_I_O)         1.404     1.404 r  i_xlnx_clk_gen/inst/clkin1_ibufg/O
                         net (fo=1, routed)           1.162     2.566    i_xlnx_clk_gen/inst/clk_in1_xlnx_clk_gen
  -------------------------------------------------------------------    -------------------
    MMCME2_ADV_X1Y2      MMCME2_ADV (Prop_mmcme2_adv_CLKIN1_CLKFBOUT)
                                                     -7.814    -5.248 r  i_xlnx_clk_gen/inst/mmcm_adv_inst/CLKFBOUT
                         net (fo=1, routed)           2.012    -3.236    i_xlnx_clk_gen/inst/clkfbout_xlnx_clk_gen
    BUFGCTRL_X0Y17       BUFG (Prop_bufg_I_O)         0.091    -3.145 r  i_xlnx_clk_gen/inst/clkf_buf/O
                         net (fo=1, routed)           1.770    -1.375    i_xlnx_clk_gen/inst/clkfbout_buf_xlnx_clk_gen
    MMCME2_ADV_X1Y2      MMCME2_ADV                                   r  i_xlnx_clk_gen/inst/mmcm_adv_inst/CLKFBIN
  -------------------------------------------------------------------    -------------------





--------------------------------------------------------------------------------------
Path Group:  (none)
From Clock:  
  To Clock:  clk_out1_xlnx_clk_gen

Max Delay           811 Endpoints
Min Delay           811 Endpoints
--------------------------------------------------------------------------------------


Max Delay Paths
--------------------------------------------------------------------------------------
Slack:                    inf
  Source:                 cpu_reset
                            (input port)
  Destination:            i_dm_top/i_dm_csrs/progbuf_q_reg[0][28]/CLR
                            (recovery check against rising-edge clock clk_out1_xlnx_clk_gen  {rise@0.000ns fall@10.000ns period=20.000ns})
  Path Group:             (none)
  Path Type:              Recovery (Max at Slow Process Corner)
  Data Path Delay:        9.457ns  (logic 1.569ns (16.593%)  route 7.888ns (83.407%))
  Logic Levels:           1  (IBUF=1)
  Clock Path Skew:        -1.600ns (DCD - SCD + CPR)
    Destination Clock Delay (DCD):    -1.600ns
    Source Clock Delay      (SCD):    0.000ns
    Clock Pessimism Removal (CPR):    0.000ns
  Clock Uncertainty:      0.172ns  ((TSJ^2 + DJ^2)^1/2) / 2 + PE
    Total System Jitter     (TSJ):    0.050ns
    Discrete Jitter          (DJ):    0.142ns
    Phase Error              (PE):    0.097ns

    Location             Delay type                Incr(ns)  Path(ns)    Netlist Resource(s)
  -------------------------------------------------------------------    -------------------
    Y16                                               0.000     0.000 f  cpu_reset (IN)
                         net (fo=0)                   0.000     0.000    cpu_reset
    Y16                  IBUF (Prop_ibuf_I_O)         1.569     1.569 f  cpu_reset_IBUF_inst/O
                         net (fo=775, routed)         7.888     9.457    i_dm_top/i_dm_csrs/cpu_reset_IBUF
    SLICE_X88Y92         FDCE                                         f  i_dm_top/i_dm_csrs/progbuf_q_reg[0][28]/CLR
  -------------------------------------------------------------------    -------------------

                         (clock clk_out1_xlnx_clk_gen rise edge)
                                                      0.000     0.000 r  
    K17                                               0.000     0.000 r  clk_sys (IN)
                         net (fo=0)                   0.000     0.000    i_xlnx_clk_gen/inst/clk_in1
    K17                  IBUF (Prop_ibuf_I_O)         1.404     1.404 r  i_xlnx_clk_gen/inst/clkin1_ibufg/O
                         net (fo=1, routed)           1.162     2.566    i_xlnx_clk_gen/inst/clk_in1_xlnx_clk_gen
    MMCME2_ADV_X1Y2      MMCME2_ADV (Prop_mmcme2_adv_CLKIN1_CLKOUT0)
                                                     -7.814    -5.248 r  i_xlnx_clk_gen/inst/mmcm_adv_inst/CLKOUT0
                         net (fo=1, routed)           2.012    -3.236    i_xlnx_clk_gen/inst/clk_out1_xlnx_clk_gen
    BUFGCTRL_X0Y16       BUFG (Prop_bufg_I_O)         0.091    -3.145 r  i_xlnx_clk_gen/inst/clkout1_buf/O
                         net (fo=20013, routed)       1.545    -1.600    i_dm_top/i_dm_csrs/clk_out1
    SLICE_X88Y92         FDCE                                         r  i_dm_top/i_dm_csrs/progbuf_q_reg[0][28]/C

Slack:                    inf
  Source:                 cpu_reset
                            (input port)
  Destination:            i_dm_top/i_dm_csrs/progbuf_q_reg[0][31]/CLR
                            (recovery check against rising-edge clock clk_out1_xlnx_clk_gen  {rise@0.000ns fall@10.000ns period=20.000ns})
  Path Group:             (none)
  Path Type:              Recovery (Max at Slow Process Corner)
  Data Path Delay:        9.453ns  (logic 1.569ns (16.600%)  route 7.883ns (83.400%))
  Logic Levels:           1  (IBUF=1)
  Clock Path Skew:        -1.600ns (DCD - SCD + CPR)
    Destination Clock Delay (DCD):    -1.600ns
    Source Clock Delay      (SCD):    0.000ns
    Clock Pessimism Removal (CPR):    0.000ns
  Clock Uncertainty:      0.172ns  ((TSJ^2 + DJ^2)^1/2) / 2 + PE
    Total System Jitter     (TSJ):    0.050ns
    Discrete Jitter          (DJ):    0.142ns
    Phase Error              (PE):    0.097ns

    Location             Delay type                Incr(ns)  Path(ns)    Netlist Resource(s)
  -------------------------------------------------------------------    -------------------
    Y16                                               0.000     0.000 f  cpu_reset (IN)
                         net (fo=0)                   0.000     0.000    cpu_reset
    Y16                  IBUF (Prop_ibuf_I_O)         1.569     1.569 f  cpu_reset_IBUF_inst/O
                         net (fo=775, routed)         7.883     9.453    i_dm_top/i_dm_csrs/cpu_reset_IBUF
    SLICE_X89Y92         FDCE                                         f  i_dm_top/i_dm_csrs/progbuf_q_reg[0][31]/CLR
  -------------------------------------------------------------------    -------------------

                         (clock clk_out1_xlnx_clk_gen rise edge)
                                                      0.000     0.000 r  
    K17                                               0.000     0.000 r  clk_sys (IN)
                         net (fo=0)                   0.000     0.000    i_xlnx_clk_gen/inst/clk_in1
    K17                  IBUF (Prop_ibuf_I_O)         1.404     1.404 r  i_xlnx_clk_gen/inst/clkin1_ibufg/O
                         net (fo=1, routed)           1.162     2.566    i_xlnx_clk_gen/inst/clk_in1_xlnx_clk_gen
    MMCME2_ADV_X1Y2      MMCME2_ADV (Prop_mmcme2_adv_CLKIN1_CLKOUT0)
                                                     -7.814    -5.248 r  i_xlnx_clk_gen/inst/mmcm_adv_inst/CLKOUT0
                         net (fo=1, routed)           2.012    -3.236    i_xlnx_clk_gen/inst/clk_out1_xlnx_clk_gen
    BUFGCTRL_X0Y16       BUFG (Prop_bufg_I_O)         0.091    -3.145 r  i_xlnx_clk_gen/inst/clkout1_buf/O
                         net (fo=20013, routed)       1.545    -1.600    i_dm_top/i_dm_csrs/clk_out1
    SLICE_X89Y92         FDCE                                         r  i_dm_top/i_dm_csrs/progbuf_q_reg[0][31]/C

Slack:                    inf
  Source:                 cpu_reset
                            (input port)
  Destination:            i_dm_top/i_dm_csrs/progbuf_q_reg[5][15]/CLR
                            (recovery check against rising-edge clock clk_out1_xlnx_clk_gen  {rise@0.000ns fall@10.000ns period=20.000ns})
  Path Group:             (none)
  Path Type:              Recovery (Max at Slow Process Corner)
  Data Path Delay:        9.311ns  (logic 1.569ns (16.853%)  route 7.742ns (83.147%))
  Logic Levels:           1  (IBUF=1)
  Clock Path Skew:        -1.600ns (DCD - SCD + CPR)
    Destination Clock Delay (DCD):    -1.600ns
    Source Clock Delay      (SCD):    0.000ns
    Clock Pessimism Removal (CPR):    0.000ns
  Clock Uncertainty:      0.172ns  ((TSJ^2 + DJ^2)^1/2) / 2 + PE
    Total System Jitter     (TSJ):    0.050ns
    Discrete Jitter          (DJ):    0.142ns
    Phase Error              (PE):    0.097ns

    Location             Delay type                Incr(ns)  Path(ns)    Netlist Resource(s)
  -------------------------------------------------------------------    -------------------
    Y16                                               0.000     0.000 f  cpu_reset (IN)
                         net (fo=0)                   0.000     0.000    cpu_reset
    Y16                  IBUF (Prop_ibuf_I_O)         1.569     1.569 f  cpu_reset_IBUF_inst/O
                         net (fo=775, routed)         7.742     9.311    i_dm_top/i_dm_csrs/cpu_reset_IBUF
    SLICE_X88Y91         FDCE                                         f  i_dm_top/i_dm_csrs/progbuf_q_reg[5][15]/CLR
  -------------------------------------------------------------------    -------------------

                         (clock clk_out1_xlnx_clk_gen rise edge)
                                                      0.000     0.000 r  
    K17                                               0.000     0.000 r  clk_sys (IN)
                         net (fo=0)                   0.000     0.000    i_xlnx_clk_gen/inst/clk_in1
    K17                  IBUF (Prop_ibuf_I_O)         1.404     1.404 r  i_xlnx_clk_gen/inst/clkin1_ibufg/O
                         net (fo=1, routed)           1.162     2.566    i_xlnx_clk_gen/inst/clk_in1_xlnx_clk_gen
    MMCME2_ADV_X1Y2      MMCME2_ADV (Prop_mmcme2_adv_CLKIN1_CLKOUT0)
                                                     -7.814    -5.248 r  i_xlnx_clk_gen/inst/mmcm_adv_inst/CLKOUT0
                         net (fo=1, routed)           2.012    -3.236    i_xlnx_clk_gen/inst/clk_out1_xlnx_clk_gen
    BUFGCTRL_X0Y16       BUFG (Prop_bufg_I_O)         0.091    -3.145 r  i_xlnx_clk_gen/inst/clkout1_buf/O
                         net (fo=20013, routed)       1.545    -1.600    i_dm_top/i_dm_csrs/clk_out1
    SLICE_X88Y91         FDCE                                         r  i_dm_top/i_dm_csrs/progbuf_q_reg[5][15]/C

Slack:                    inf
  Source:                 cpu_reset
                            (input port)
  Destination:            i_dm_top/i_dm_csrs/progbuf_q_reg[5][19]/CLR
                            (recovery check against rising-edge clock clk_out1_xlnx_clk_gen  {rise@0.000ns fall@10.000ns period=20.000ns})
  Path Group:             (none)
  Path Type:              Recovery (Max at Slow Process Corner)
  Data Path Delay:        9.311ns  (logic 1.569ns (16.853%)  route 7.742ns (83.147%))
  Logic Levels:           1  (IBUF=1)
  Clock Path Skew:        -1.600ns (DCD - SCD + CPR)
    Destination Clock Delay (DCD):    -1.600ns
    Source Clock Delay      (SCD):    0.000ns
    Clock Pessimism Removal (CPR):    0.000ns
  Clock Uncertainty:      0.172ns  ((TSJ^2 + DJ^2)^1/2) / 2 + PE
    Total System Jitter     (TSJ):    0.050ns
    Discrete Jitter          (DJ):    0.142ns
    Phase Error              (PE):    0.097ns

    Location             Delay type                Incr(ns)  Path(ns)    Netlist Resource(s)
  -------------------------------------------------------------------    -------------------
    Y16                                               0.000     0.000 f  cpu_reset (IN)
                         net (fo=0)                   0.000     0.000    cpu_reset
    Y16                  IBUF (Prop_ibuf_I_O)         1.569     1.569 f  cpu_reset_IBUF_inst/O
                         net (fo=775, routed)         7.742     9.311    i_dm_top/i_dm_csrs/cpu_reset_IBUF
    SLICE_X88Y91         FDCE                                         f  i_dm_top/i_dm_csrs/progbuf_q_reg[5][19]/CLR
  -------------------------------------------------------------------    -------------------

                         (clock clk_out1_xlnx_clk_gen rise edge)
                                                      0.000     0.000 r  
    K17                                               0.000     0.000 r  clk_sys (IN)
                         net (fo=0)                   0.000     0.000    i_xlnx_clk_gen/inst/clk_in1
    K17                  IBUF (Prop_ibuf_I_O)         1.404     1.404 r  i_xlnx_clk_gen/inst/clkin1_ibufg/O
                         net (fo=1, routed)           1.162     2.566    i_xlnx_clk_gen/inst/clk_in1_xlnx_clk_gen
    MMCME2_ADV_X1Y2      MMCME2_ADV (Prop_mmcme2_adv_CLKIN1_CLKOUT0)
                                                     -7.814    -5.248 r  i_xlnx_clk_gen/inst/mmcm_adv_inst/CLKOUT0
                         net (fo=1, routed)           2.012    -3.236    i_xlnx_clk_gen/inst/clk_out1_xlnx_clk_gen
    BUFGCTRL_X0Y16       BUFG (Prop_bufg_I_O)         0.091    -3.145 r  i_xlnx_clk_gen/inst/clkout1_buf/O
                         net (fo=20013, routed)       1.545    -1.600    i_dm_top/i_dm_csrs/clk_out1
    SLICE_X88Y91         FDCE                                         r  i_dm_top/i_dm_csrs/progbuf_q_reg[5][19]/C

Slack:                    inf
  Source:                 cpu_reset
                            (input port)
  Destination:            i_dm_top/i_dm_csrs/progbuf_q_reg[5][28]/CLR
                            (recovery check against rising-edge clock clk_out1_xlnx_clk_gen  {rise@0.000ns fall@10.000ns period=20.000ns})
  Path Group:             (none)
  Path Type:              Recovery (Max at Slow Process Corner)
  Data Path Delay:        9.311ns  (logic 1.569ns (16.853%)  route 7.742ns (83.147%))
  Logic Levels:           1  (IBUF=1)
  Clock Path Skew:        -1.600ns (DCD - SCD + CPR)
    Destination Clock Delay (DCD):    -1.600ns
    Source Clock Delay      (SCD):    0.000ns
    Clock Pessimism Removal (CPR):    0.000ns
  Clock Uncertainty:      0.172ns  ((TSJ^2 + DJ^2)^1/2) / 2 + PE
    Total System Jitter     (TSJ):    0.050ns
    Discrete Jitter          (DJ):    0.142ns
    Phase Error              (PE):    0.097ns

    Location             Delay type                Incr(ns)  Path(ns)    Netlist Resource(s)
  -------------------------------------------------------------------    -------------------
    Y16                                               0.000     0.000 f  cpu_reset (IN)
                         net (fo=0)                   0.000     0.000    cpu_reset
    Y16                  IBUF (Prop_ibuf_I_O)         1.569     1.569 f  cpu_reset_IBUF_inst/O
                         net (fo=775, routed)         7.742     9.311    i_dm_top/i_dm_csrs/cpu_reset_IBUF
    SLICE_X88Y91         FDCE                                         f  i_dm_top/i_dm_csrs/progbuf_q_reg[5][28]/CLR
  -------------------------------------------------------------------    -------------------

                         (clock clk_out1_xlnx_clk_gen rise edge)
                                                      0.000     0.000 r  
    K17                                               0.000     0.000 r  clk_sys (IN)
                         net (fo=0)                   0.000     0.000    i_xlnx_clk_gen/inst/clk_in1
    K17                  IBUF (Prop_ibuf_I_O)         1.404     1.404 r  i_xlnx_clk_gen/inst/clkin1_ibufg/O
                         net (fo=1, routed)           1.162     2.566    i_xlnx_clk_gen/inst/clk_in1_xlnx_clk_gen
    MMCME2_ADV_X1Y2      MMCME2_ADV (Prop_mmcme2_adv_CLKIN1_CLKOUT0)
                                                     -7.814    -5.248 r  i_xlnx_clk_gen/inst/mmcm_adv_inst/CLKOUT0
                         net (fo=1, routed)           2.012    -3.236    i_xlnx_clk_gen/inst/clk_out1_xlnx_clk_gen
    BUFGCTRL_X0Y16       BUFG (Prop_bufg_I_O)         0.091    -3.145 r  i_xlnx_clk_gen/inst/clkout1_buf/O
                         net (fo=20013, routed)       1.545    -1.600    i_dm_top/i_dm_csrs/clk_out1
    SLICE_X88Y91         FDCE                                         r  i_dm_top/i_dm_csrs/progbuf_q_reg[5][28]/C

Slack:                    inf
  Source:                 cpu_reset
                            (input port)
  Destination:            i_dm_top/i_dm_csrs/progbuf_q_reg[5][31]/CLR
                            (recovery check against rising-edge clock clk_out1_xlnx_clk_gen  {rise@0.000ns fall@10.000ns period=20.000ns})
  Path Group:             (none)
  Path Type:              Recovery (Max at Slow Process Corner)
  Data Path Delay:        9.311ns  (logic 1.569ns (16.853%)  route 7.742ns (83.147%))
  Logic Levels:           1  (IBUF=1)
  Clock Path Skew:        -1.600ns (DCD - SCD + CPR)
    Destination Clock Delay (DCD):    -1.600ns
    Source Clock Delay      (SCD):    0.000ns
    Clock Pessimism Removal (CPR):    0.000ns
  Clock Uncertainty:      0.172ns  ((TSJ^2 + DJ^2)^1/2) / 2 + PE
    Total System Jitter     (TSJ):    0.050ns
    Discrete Jitter          (DJ):    0.142ns
    Phase Error              (PE):    0.097ns

    Location             Delay type                Incr(ns)  Path(ns)    Netlist Resource(s)
  -------------------------------------------------------------------    -------------------
    Y16                                               0.000     0.000 f  cpu_reset (IN)
                         net (fo=0)                   0.000     0.000    cpu_reset
    Y16                  IBUF (Prop_ibuf_I_O)         1.569     1.569 f  cpu_reset_IBUF_inst/O
                         net (fo=775, routed)         7.742     9.311    i_dm_top/i_dm_csrs/cpu_reset_IBUF
    SLICE_X88Y91         FDCE                                         f  i_dm_top/i_dm_csrs/progbuf_q_reg[5][31]/CLR
  -------------------------------------------------------------------    -------------------

                         (clock clk_out1_xlnx_clk_gen rise edge)
                                                      0.000     0.000 r  
    K17                                               0.000     0.000 r  clk_sys (IN)
                         net (fo=0)                   0.000     0.000    i_xlnx_clk_gen/inst/clk_in1
    K17                  IBUF (Prop_ibuf_I_O)         1.404     1.404 r  i_xlnx_clk_gen/inst/clkin1_ibufg/O
                         net (fo=1, routed)           1.162     2.566    i_xlnx_clk_gen/inst/clk_in1_xlnx_clk_gen
    MMCME2_ADV_X1Y2      MMCME2_ADV (Prop_mmcme2_adv_CLKIN1_CLKOUT0)
                                                     -7.814    -5.248 r  i_xlnx_clk_gen/inst/mmcm_adv_inst/CLKOUT0
                         net (fo=1, routed)           2.012    -3.236    i_xlnx_clk_gen/inst/clk_out1_xlnx_clk_gen
    BUFGCTRL_X0Y16       BUFG (Prop_bufg_I_O)         0.091    -3.145 r  i_xlnx_clk_gen/inst/clkout1_buf/O
                         net (fo=20013, routed)       1.545    -1.600    i_dm_top/i_dm_csrs/clk_out1
    SLICE_X88Y91         FDCE                                         r  i_dm_top/i_dm_csrs/progbuf_q_reg[5][31]/C

Slack:                    inf
  Source:                 cpu_reset
                            (input port)
  Destination:            i_dm_top/i_dm_csrs/progbuf_q_reg[7][19]/CLR
                            (recovery check against rising-edge clock clk_out1_xlnx_clk_gen  {rise@0.000ns fall@10.000ns period=20.000ns})
  Path Group:             (none)
  Path Type:              Recovery (Max at Slow Process Corner)
  Data Path Delay:        9.307ns  (logic 1.569ns (16.860%)  route 7.738ns (83.140%))
  Logic Levels:           1  (IBUF=1)
  Clock Path Skew:        -1.600ns (DCD - SCD + CPR)
    Destination Clock Delay (DCD):    -1.600ns
    Source Clock Delay      (SCD):    0.000ns
    Clock Pessimism Removal (CPR):    0.000ns
  Clock Uncertainty:      0.172ns  ((TSJ^2 + DJ^2)^1/2) / 2 + PE
    Total System Jitter     (TSJ):    0.050ns
    Discrete Jitter          (DJ):    0.142ns
    Phase Error              (PE):    0.097ns

    Location             Delay type                Incr(ns)  Path(ns)    Netlist Resource(s)
  -------------------------------------------------------------------    -------------------
    Y16                                               0.000     0.000 f  cpu_reset (IN)
                         net (fo=0)                   0.000     0.000    cpu_reset
    Y16                  IBUF (Prop_ibuf_I_O)         1.569     1.569 f  cpu_reset_IBUF_inst/O
                         net (fo=775, routed)         7.738     9.307    i_dm_top/i_dm_csrs/cpu_reset_IBUF
    SLICE_X89Y91         FDCE                                         f  i_dm_top/i_dm_csrs/progbuf_q_reg[7][19]/CLR
  -------------------------------------------------------------------    -------------------

                         (clock clk_out1_xlnx_clk_gen rise edge)
                                                      0.000     0.000 r  
    K17                                               0.000     0.000 r  clk_sys (IN)
                         net (fo=0)                   0.000     0.000    i_xlnx_clk_gen/inst/clk_in1
    K17                  IBUF (Prop_ibuf_I_O)         1.404     1.404 r  i_xlnx_clk_gen/inst/clkin1_ibufg/O
                         net (fo=1, routed)           1.162     2.566    i_xlnx_clk_gen/inst/clk_in1_xlnx_clk_gen
    MMCME2_ADV_X1Y2      MMCME2_ADV (Prop_mmcme2_adv_CLKIN1_CLKOUT0)
                                                     -7.814    -5.248 r  i_xlnx_clk_gen/inst/mmcm_adv_inst/CLKOUT0
                         net (fo=1, routed)           2.012    -3.236    i_xlnx_clk_gen/inst/clk_out1_xlnx_clk_gen
    BUFGCTRL_X0Y16       BUFG (Prop_bufg_I_O)         0.091    -3.145 r  i_xlnx_clk_gen/inst/clkout1_buf/O
                         net (fo=20013, routed)       1.545    -1.600    i_dm_top/i_dm_csrs/clk_out1
    SLICE_X89Y91         FDCE                                         r  i_dm_top/i_dm_csrs/progbuf_q_reg[7][19]/C

Slack:                    inf
  Source:                 cpu_reset
                            (input port)
  Destination:            i_dm_top/i_dm_csrs/progbuf_q_reg[7][28]/CLR
                            (recovery check against rising-edge clock clk_out1_xlnx_clk_gen  {rise@0.000ns fall@10.000ns period=20.000ns})
  Path Group:             (none)
  Path Type:              Recovery (Max at Slow Process Corner)
  Data Path Delay:        9.307ns  (logic 1.569ns (16.860%)  route 7.738ns (83.140%))
  Logic Levels:           1  (IBUF=1)
  Clock Path Skew:        -1.600ns (DCD - SCD + CPR)
    Destination Clock Delay (DCD):    -1.600ns
    Source Clock Delay      (SCD):    0.000ns
    Clock Pessimism Removal (CPR):    0.000ns
  Clock Uncertainty:      0.172ns  ((TSJ^2 + DJ^2)^1/2) / 2 + PE
    Total System Jitter     (TSJ):    0.050ns
    Discrete Jitter          (DJ):    0.142ns
    Phase Error              (PE):    0.097ns

    Location             Delay type                Incr(ns)  Path(ns)    Netlist Resource(s)
  -------------------------------------------------------------------    -------------------
    Y16                                               0.000     0.000 f  cpu_reset (IN)
                         net (fo=0)                   0.000     0.000    cpu_reset
    Y16                  IBUF (Prop_ibuf_I_O)         1.569     1.569 f  cpu_reset_IBUF_inst/O
                         net (fo=775, routed)         7.738     9.307    i_dm_top/i_dm_csrs/cpu_reset_IBUF
    SLICE_X89Y91         FDCE                                         f  i_dm_top/i_dm_csrs/progbuf_q_reg[7][28]/CLR
  -------------------------------------------------------------------    -------------------

                         (clock clk_out1_xlnx_clk_gen rise edge)
                                                      0.000     0.000 r  
    K17                                               0.000     0.000 r  clk_sys (IN)
                         net (fo=0)                   0.000     0.000    i_xlnx_clk_gen/inst/clk_in1
    K17                  IBUF (Prop_ibuf_I_O)         1.404     1.404 r  i_xlnx_clk_gen/inst/clkin1_ibufg/O
                         net (fo=1, routed)           1.162     2.566    i_xlnx_clk_gen/inst/clk_in1_xlnx_clk_gen
    MMCME2_ADV_X1Y2      MMCME2_ADV (Prop_mmcme2_adv_CLKIN1_CLKOUT0)
                                                     -7.814    -5.248 r  i_xlnx_clk_gen/inst/mmcm_adv_inst/CLKOUT0
                         net (fo=1, routed)           2.012    -3.236    i_xlnx_clk_gen/inst/clk_out1_xlnx_clk_gen
    BUFGCTRL_X0Y16       BUFG (Prop_bufg_I_O)         0.091    -3.145 r  i_xlnx_clk_gen/inst/clkout1_buf/O
                         net (fo=20013, routed)       1.545    -1.600    i_dm_top/i_dm_csrs/clk_out1
    SLICE_X89Y91         FDCE                                         r  i_dm_top/i_dm_csrs/progbuf_q_reg[7][28]/C

Slack:                    inf
  Source:                 cpu_reset
                            (input port)
  Destination:            i_dm_top/i_dm_csrs/progbuf_q_reg[7][31]/CLR
                            (recovery check against rising-edge clock clk_out1_xlnx_clk_gen  {rise@0.000ns fall@10.000ns period=20.000ns})
  Path Group:             (none)
  Path Type:              Recovery (Max at Slow Process Corner)
  Data Path Delay:        9.307ns  (logic 1.569ns (16.860%)  route 7.738ns (83.140%))
  Logic Levels:           1  (IBUF=1)
  Clock Path Skew:        -1.600ns (DCD - SCD + CPR)
    Destination Clock Delay (DCD):    -1.600ns
    Source Clock Delay      (SCD):    0.000ns
    Clock Pessimism Removal (CPR):    0.000ns
  Clock Uncertainty:      0.172ns  ((TSJ^2 + DJ^2)^1/2) / 2 + PE
    Total System Jitter     (TSJ):    0.050ns
    Discrete Jitter          (DJ):    0.142ns
    Phase Error              (PE):    0.097ns

    Location             Delay type                Incr(ns)  Path(ns)    Netlist Resource(s)
  -------------------------------------------------------------------    -------------------
    Y16                                               0.000     0.000 f  cpu_reset (IN)
                         net (fo=0)                   0.000     0.000    cpu_reset
    Y16                  IBUF (Prop_ibuf_I_O)         1.569     1.569 f  cpu_reset_IBUF_inst/O
                         net (fo=775, routed)         7.738     9.307    i_dm_top/i_dm_csrs/cpu_reset_IBUF
    SLICE_X89Y91         FDCE                                         f  i_dm_top/i_dm_csrs/progbuf_q_reg[7][31]/CLR
  -------------------------------------------------------------------    -------------------

                         (clock clk_out1_xlnx_clk_gen rise edge)
                                                      0.000     0.000 r  
    K17                                               0.000     0.000 r  clk_sys (IN)
                         net (fo=0)                   0.000     0.000    i_xlnx_clk_gen/inst/clk_in1
    K17                  IBUF (Prop_ibuf_I_O)         1.404     1.404 r  i_xlnx_clk_gen/inst/clkin1_ibufg/O
                         net (fo=1, routed)           1.162     2.566    i_xlnx_clk_gen/inst/clk_in1_xlnx_clk_gen
    MMCME2_ADV_X1Y2      MMCME2_ADV (Prop_mmcme2_adv_CLKIN1_CLKOUT0)
                                                     -7.814    -5.248 r  i_xlnx_clk_gen/inst/mmcm_adv_inst/CLKOUT0
                         net (fo=1, routed)           2.012    -3.236    i_xlnx_clk_gen/inst/clk_out1_xlnx_clk_gen
    BUFGCTRL_X0Y16       BUFG (Prop_bufg_I_O)         0.091    -3.145 r  i_xlnx_clk_gen/inst/clkout1_buf/O
                         net (fo=20013, routed)       1.545    -1.600    i_dm_top/i_dm_csrs/clk_out1
    SLICE_X89Y91         FDCE                                         r  i_dm_top/i_dm_csrs/progbuf_q_reg[7][31]/C

Slack:                    inf
  Source:                 cpu_reset
                            (input port)
  Destination:            i_dmi_jtag/i_dmi_cdc/i_cdc_req/i_dst/data_dst_q_reg[data][0]/CLR
                            (recovery check against rising-edge clock clk_out1_xlnx_clk_gen  {rise@0.000ns fall@10.000ns period=20.000ns})
  Path Group:             (none)
  Path Type:              Recovery (Max at Slow Process Corner)
  Data Path Delay:        9.230ns  (logic 1.569ns (17.001%)  route 7.661ns (82.999%))
  Logic Levels:           1  (IBUF=1)
  Clock Path Skew:        -1.541ns (DCD - SCD + CPR)
    Destination Clock Delay (DCD):    -1.541ns
    Source Clock Delay      (SCD):    0.000ns
    Clock Pessimism Removal (CPR):    0.000ns
  Clock Uncertainty:      0.172ns  ((TSJ^2 + DJ^2)^1/2) / 2 + PE
    Total System Jitter     (TSJ):    0.050ns
    Discrete Jitter          (DJ):    0.142ns
    Phase Error              (PE):    0.097ns

    Location             Delay type                Incr(ns)  Path(ns)    Netlist Resource(s)
  -------------------------------------------------------------------    -------------------
    Y16                                               0.000     0.000 f  cpu_reset (IN)
                         net (fo=0)                   0.000     0.000    cpu_reset
    Y16                  IBUF (Prop_ibuf_I_O)         1.569     1.569 f  cpu_reset_IBUF_inst/O
                         net (fo=775, routed)         7.661     9.230    i_dmi_jtag/i_dmi_cdc/i_cdc_req/i_dst/cpu_reset_IBUF
    SLICE_X104Y85        FDCE                                         f  i_dmi_jtag/i_dmi_cdc/i_cdc_req/i_dst/data_dst_q_reg[data][0]/CLR
  -------------------------------------------------------------------    -------------------

                         (clock clk_out1_xlnx_clk_gen rise edge)
                                                      0.000     0.000 r  
    K17                                               0.000     0.000 r  clk_sys (IN)
                         net (fo=0)                   0.000     0.000    i_xlnx_clk_gen/inst/clk_in1
    K17                  IBUF (Prop_ibuf_I_O)         1.404     1.404 r  i_xlnx_clk_gen/inst/clkin1_ibufg/O
                         net (fo=1, routed)           1.162     2.566    i_xlnx_clk_gen/inst/clk_in1_xlnx_clk_gen
    MMCME2_ADV_X1Y2      MMCME2_ADV (Prop_mmcme2_adv_CLKIN1_CLKOUT0)
                                                     -7.814    -5.248 r  i_xlnx_clk_gen/inst/mmcm_adv_inst/CLKOUT0
                         net (fo=1, routed)           2.012    -3.236    i_xlnx_clk_gen/inst/clk_out1_xlnx_clk_gen
    BUFGCTRL_X0Y16       BUFG (Prop_bufg_I_O)         0.091    -3.145 r  i_xlnx_clk_gen/inst/clkout1_buf/O
                         net (fo=20013, routed)       1.604    -1.541    i_dmi_jtag/i_dmi_cdc/i_cdc_req/i_dst/clk_out1
    SLICE_X104Y85        FDCE                                         r  i_dmi_jtag/i_dmi_cdc/i_cdc_req/i_dst/data_dst_q_reg[data][0]/C





Min Delay Paths
--------------------------------------------------------------------------------------
Slack:                    inf
  Source:                 i_ariane/i_cva6/ex_stage_i/lsu_i/i_load_unit/result_o_reg[17]/G
                            (positive level-sensitive latch)
  Destination:            i_ariane/i_cva6/ex_stage_i/lsu_i/i_pipe_reg_load/gen_register.d_o_reg[82]/D
                            (rising edge-triggered cell FDCE clocked by clk_out1_xlnx_clk_gen  {rise@0.000ns fall@10.000ns period=20.000ns})
  Path Group:             (none)
  Path Type:              Hold (Min at Fast Process Corner)
  Data Path Delay:        0.268ns  (logic 0.158ns (58.954%)  route 0.110ns (41.046%))
  Logic Levels:           1  (LDCE=1)
  Clock Uncertainty:      0.172ns  ((TSJ^2 + DJ^2)^1/2) / 2 + PE
    Total System Jitter     (TSJ):    0.050ns
    Discrete Jitter          (DJ):    0.142ns
    Phase Error              (PE):    0.097ns

    Location             Delay type                Incr(ns)  Path(ns)    Netlist Resource(s)
  -------------------------------------------------------------------    -------------------
    SLICE_X51Y41         LDCE                         0.000     0.000 r  i_ariane/i_cva6/ex_stage_i/lsu_i/i_load_unit/result_o_reg[17]/G
    SLICE_X51Y41         LDCE (EnToQ_ldce_G_Q)        0.158     0.158 r  i_ariane/i_cva6/ex_stage_i/lsu_i/i_load_unit/result_o_reg[17]/Q
                         net (fo=1, routed)           0.110     0.268    i_ariane/i_cva6/ex_stage_i/lsu_i/i_pipe_reg_load/D[54]
    SLICE_X51Y40         FDCE                                         r  i_ariane/i_cva6/ex_stage_i/lsu_i/i_pipe_reg_load/gen_register.d_o_reg[82]/D
  -------------------------------------------------------------------    -------------------

                         (clock clk_out1_xlnx_clk_gen rise edge)
                                                      0.000     0.000 r  
    K17                                               0.000     0.000 r  clk_sys (IN)
                         net (fo=0)                   0.000     0.000    i_xlnx_clk_gen/inst/clk_in1
    K17                  IBUF (Prop_ibuf_I_O)         0.431     0.431 r  i_xlnx_clk_gen/inst/clkin1_ibufg/O
                         net (fo=1, routed)           0.480     0.911    i_xlnx_clk_gen/inst/clk_in1_xlnx_clk_gen
    MMCME2_ADV_X1Y2      MMCME2_ADV (Prop_mmcme2_adv_CLKIN1_CLKOUT0)
                                                     -3.407    -2.496 r  i_xlnx_clk_gen/inst/mmcm_adv_inst/CLKOUT0
                         net (fo=1, routed)           0.752    -1.744    i_xlnx_clk_gen/inst/clk_out1_xlnx_clk_gen
    BUFGCTRL_X0Y16       BUFG (Prop_bufg_I_O)         0.029    -1.715 r  i_xlnx_clk_gen/inst/clkout1_buf/O
                         net (fo=20013, routed)       0.824    -0.891    i_ariane/i_cva6/ex_stage_i/lsu_i/i_pipe_reg_load/clk_out1
    SLICE_X51Y40         FDCE                                         r  i_ariane/i_cva6/ex_stage_i/lsu_i/i_pipe_reg_load/gen_register.d_o_reg[82]/C

Slack:                    inf
  Source:                 i_ariane/i_cva6/ex_stage_i/lsu_i/i_load_unit/result_o_reg[30]/G
                            (positive level-sensitive latch)
  Destination:            i_ariane/i_cva6/ex_stage_i/lsu_i/i_pipe_reg_load/gen_register.d_o_reg[95]/D
                            (rising edge-triggered cell FDCE clocked by clk_out1_xlnx_clk_gen  {rise@0.000ns fall@10.000ns period=20.000ns})
  Path Group:             (none)
  Path Type:              Hold (Min at Fast Process Corner)
  Data Path Delay:        0.268ns  (logic 0.158ns (58.954%)  route 0.110ns (41.046%))
  Logic Levels:           1  (LDCE=1)
  Clock Uncertainty:      0.172ns  ((TSJ^2 + DJ^2)^1/2) / 2 + PE
    Total System Jitter     (TSJ):    0.050ns
    Discrete Jitter          (DJ):    0.142ns
    Phase Error              (PE):    0.097ns

    Location             Delay type                Incr(ns)  Path(ns)    Netlist Resource(s)
  -------------------------------------------------------------------    -------------------
    SLICE_X45Y34         LDCE                         0.000     0.000 r  i_ariane/i_cva6/ex_stage_i/lsu_i/i_load_unit/result_o_reg[30]/G
    SLICE_X45Y34         LDCE (EnToQ_ldce_G_Q)        0.158     0.158 r  i_ariane/i_cva6/ex_stage_i/lsu_i/i_load_unit/result_o_reg[30]/Q
                         net (fo=1, routed)           0.110     0.268    i_ariane/i_cva6/ex_stage_i/lsu_i/i_pipe_reg_load/D[67]
    SLICE_X45Y33         FDCE                                         r  i_ariane/i_cva6/ex_stage_i/lsu_i/i_pipe_reg_load/gen_register.d_o_reg[95]/D
  -------------------------------------------------------------------    -------------------

                         (clock clk_out1_xlnx_clk_gen rise edge)
                                                      0.000     0.000 r  
    K17                                               0.000     0.000 r  clk_sys (IN)
                         net (fo=0)                   0.000     0.000    i_xlnx_clk_gen/inst/clk_in1
    K17                  IBUF (Prop_ibuf_I_O)         0.431     0.431 r  i_xlnx_clk_gen/inst/clkin1_ibufg/O
                         net (fo=1, routed)           0.480     0.911    i_xlnx_clk_gen/inst/clk_in1_xlnx_clk_gen
    MMCME2_ADV_X1Y2      MMCME2_ADV (Prop_mmcme2_adv_CLKIN1_CLKOUT0)
                                                     -3.407    -2.496 r  i_xlnx_clk_gen/inst/mmcm_adv_inst/CLKOUT0
                         net (fo=1, routed)           0.752    -1.744    i_xlnx_clk_gen/inst/clk_out1_xlnx_clk_gen
    BUFGCTRL_X0Y16       BUFG (Prop_bufg_I_O)         0.029    -1.715 r  i_xlnx_clk_gen/inst/clkout1_buf/O
                         net (fo=20013, routed)       0.822    -0.893    i_ariane/i_cva6/ex_stage_i/lsu_i/i_pipe_reg_load/clk_out1
    SLICE_X45Y33         FDCE                                         r  i_ariane/i_cva6/ex_stage_i/lsu_i/i_pipe_reg_load/gen_register.d_o_reg[95]/C

Slack:                    inf
  Source:                 i_ariane/i_cva6/ex_stage_i/lsu_i/i_load_unit/result_o_reg[23]/G
                            (positive level-sensitive latch)
  Destination:            i_ariane/i_cva6/ex_stage_i/lsu_i/i_pipe_reg_load/gen_register.d_o_reg[88]/D
                            (rising edge-triggered cell FDCE clocked by clk_out1_xlnx_clk_gen  {rise@0.000ns fall@10.000ns period=20.000ns})
  Path Group:             (none)
  Path Type:              Hold (Min at Fast Process Corner)
  Data Path Delay:        0.291ns  (logic 0.178ns (61.167%)  route 0.113ns (38.833%))
  Logic Levels:           1  (LDCE=1)
  Clock Uncertainty:      0.172ns  ((TSJ^2 + DJ^2)^1/2) / 2 + PE
    Total System Jitter     (TSJ):    0.050ns
    Discrete Jitter          (DJ):    0.142ns
    Phase Error              (PE):    0.097ns

    Location             Delay type                Incr(ns)  Path(ns)    Netlist Resource(s)
  -------------------------------------------------------------------    -------------------
    SLICE_X36Y35         LDCE                         0.000     0.000 r  i_ariane/i_cva6/ex_stage_i/lsu_i/i_load_unit/result_o_reg[23]/G
    SLICE_X36Y35         LDCE (EnToQ_ldce_G_Q)        0.178     0.178 r  i_ariane/i_cva6/ex_stage_i/lsu_i/i_load_unit/result_o_reg[23]/Q
                         net (fo=1, routed)           0.113     0.291    i_ariane/i_cva6/ex_stage_i/lsu_i/i_pipe_reg_load/D[60]
    SLICE_X37Y35         FDCE                                         r  i_ariane/i_cva6/ex_stage_i/lsu_i/i_pipe_reg_load/gen_register.d_o_reg[88]/D
  -------------------------------------------------------------------    -------------------

                         (clock clk_out1_xlnx_clk_gen rise edge)
                                                      0.000     0.000 r  
    K17                                               0.000     0.000 r  clk_sys (IN)
                         net (fo=0)                   0.000     0.000    i_xlnx_clk_gen/inst/clk_in1
    K17                  IBUF (Prop_ibuf_I_O)         0.431     0.431 r  i_xlnx_clk_gen/inst/clkin1_ibufg/O
                         net (fo=1, routed)           0.480     0.911    i_xlnx_clk_gen/inst/clk_in1_xlnx_clk_gen
    MMCME2_ADV_X1Y2      MMCME2_ADV (Prop_mmcme2_adv_CLKIN1_CLKOUT0)
                                                     -3.407    -2.496 r  i_xlnx_clk_gen/inst/mmcm_adv_inst/CLKOUT0
                         net (fo=1, routed)           0.752    -1.744    i_xlnx_clk_gen/inst/clk_out1_xlnx_clk_gen
    BUFGCTRL_X0Y16       BUFG (Prop_bufg_I_O)         0.029    -1.715 r  i_xlnx_clk_gen/inst/clkout1_buf/O
                         net (fo=20013, routed)       0.824    -0.891    i_ariane/i_cva6/ex_stage_i/lsu_i/i_pipe_reg_load/clk_out1
    SLICE_X37Y35         FDCE                                         r  i_ariane/i_cva6/ex_stage_i/lsu_i/i_pipe_reg_load/gen_register.d_o_reg[88]/C

Slack:                    inf
  Source:                 i_ariane/i_cva6/ex_stage_i/lsu_i/i_load_unit/result_o_reg[1]/G
                            (positive level-sensitive latch)
  Destination:            i_ariane/i_cva6/ex_stage_i/lsu_i/i_pipe_reg_load/gen_register.d_o_reg[66]/D
                            (rising edge-triggered cell FDCE clocked by clk_out1_xlnx_clk_gen  {rise@0.000ns fall@10.000ns period=20.000ns})
  Path Group:             (none)
  Path Type:              Hold (Min at Fast Process Corner)
  Data Path Delay:        0.294ns  (logic 0.178ns (60.510%)  route 0.116ns (39.490%))
  Logic Levels:           1  (LDCE=1)
  Clock Uncertainty:      0.172ns  ((TSJ^2 + DJ^2)^1/2) / 2 + PE
    Total System Jitter     (TSJ):    0.050ns
    Discrete Jitter          (DJ):    0.142ns
    Phase Error              (PE):    0.097ns

    Location             Delay type                Incr(ns)  Path(ns)    Netlist Resource(s)
  -------------------------------------------------------------------    -------------------
    SLICE_X32Y31         LDCE                         0.000     0.000 r  i_ariane/i_cva6/ex_stage_i/lsu_i/i_load_unit/result_o_reg[1]/G
    SLICE_X32Y31         LDCE (EnToQ_ldce_G_Q)        0.178     0.178 r  i_ariane/i_cva6/ex_stage_i/lsu_i/i_load_unit/result_o_reg[1]/Q
                         net (fo=1, routed)           0.116     0.294    i_ariane/i_cva6/ex_stage_i/lsu_i/i_pipe_reg_load/D[38]
    SLICE_X33Y31         FDCE                                         r  i_ariane/i_cva6/ex_stage_i/lsu_i/i_pipe_reg_load/gen_register.d_o_reg[66]/D
  -------------------------------------------------------------------    -------------------

                         (clock clk_out1_xlnx_clk_gen rise edge)
                                                      0.000     0.000 r  
    K17                                               0.000     0.000 r  clk_sys (IN)
                         net (fo=0)                   0.000     0.000    i_xlnx_clk_gen/inst/clk_in1
    K17                  IBUF (Prop_ibuf_I_O)         0.431     0.431 r  i_xlnx_clk_gen/inst/clkin1_ibufg/O
                         net (fo=1, routed)           0.480     0.911    i_xlnx_clk_gen/inst/clk_in1_xlnx_clk_gen
    MMCME2_ADV_X1Y2      MMCME2_ADV (Prop_mmcme2_adv_CLKIN1_CLKOUT0)
                                                     -3.407    -2.496 r  i_xlnx_clk_gen/inst/mmcm_adv_inst/CLKOUT0
                         net (fo=1, routed)           0.752    -1.744    i_xlnx_clk_gen/inst/clk_out1_xlnx_clk_gen
    BUFGCTRL_X0Y16       BUFG (Prop_bufg_I_O)         0.029    -1.715 r  i_xlnx_clk_gen/inst/clkout1_buf/O
                         net (fo=20013, routed)       0.821    -0.894    i_ariane/i_cva6/ex_stage_i/lsu_i/i_pipe_reg_load/clk_out1
    SLICE_X33Y31         FDCE                                         r  i_ariane/i_cva6/ex_stage_i/lsu_i/i_pipe_reg_load/gen_register.d_o_reg[66]/C

Slack:                    inf
  Source:                 i_ariane/i_cva6/ex_stage_i/lsu_i/i_load_unit/result_o_reg[27]/G
                            (positive level-sensitive latch)
  Destination:            i_ariane/i_cva6/ex_stage_i/lsu_i/i_pipe_reg_load/gen_register.d_o_reg[92]/D
                            (rising edge-triggered cell FDCE clocked by clk_out1_xlnx_clk_gen  {rise@0.000ns fall@10.000ns period=20.000ns})
  Path Group:             (none)
  Path Type:              Hold (Min at Fast Process Corner)
  Data Path Delay:        0.323ns  (logic 0.178ns (55.085%)  route 0.145ns (44.915%))
  Logic Levels:           1  (LDCE=1)
  Clock Uncertainty:      0.172ns  ((TSJ^2 + DJ^2)^1/2) / 2 + PE
    Total System Jitter     (TSJ):    0.050ns
    Discrete Jitter          (DJ):    0.142ns
    Phase Error              (PE):    0.097ns

    Location             Delay type                Incr(ns)  Path(ns)    Netlist Resource(s)
  -------------------------------------------------------------------    -------------------
    SLICE_X38Y35         LDCE                         0.000     0.000 r  i_ariane/i_cva6/ex_stage_i/lsu_i/i_load_unit/result_o_reg[27]/G
    SLICE_X38Y35         LDCE (EnToQ_ldce_G_Q)        0.178     0.178 r  i_ariane/i_cva6/ex_stage_i/lsu_i/i_load_unit/result_o_reg[27]/Q
                         net (fo=1, routed)           0.145     0.323    i_ariane/i_cva6/ex_stage_i/lsu_i/i_pipe_reg_load/D[64]
    SLICE_X39Y35         FDCE                                         r  i_ariane/i_cva6/ex_stage_i/lsu_i/i_pipe_reg_load/gen_register.d_o_reg[92]/D
  -------------------------------------------------------------------    -------------------

                         (clock clk_out1_xlnx_clk_gen rise edge)
                                                      0.000     0.000 r  
    K17                                               0.000     0.000 r  clk_sys (IN)
                         net (fo=0)                   0.000     0.000    i_xlnx_clk_gen/inst/clk_in1
    K17                  IBUF (Prop_ibuf_I_O)         0.431     0.431 r  i_xlnx_clk_gen/inst/clkin1_ibufg/O
                         net (fo=1, routed)           0.480     0.911    i_xlnx_clk_gen/inst/clk_in1_xlnx_clk_gen
    MMCME2_ADV_X1Y2      MMCME2_ADV (Prop_mmcme2_adv_CLKIN1_CLKOUT0)
                                                     -3.407    -2.496 r  i_xlnx_clk_gen/inst/mmcm_adv_inst/CLKOUT0
                         net (fo=1, routed)           0.752    -1.744    i_xlnx_clk_gen/inst/clk_out1_xlnx_clk_gen
    BUFGCTRL_X0Y16       BUFG (Prop_bufg_I_O)         0.029    -1.715 r  i_xlnx_clk_gen/inst/clkout1_buf/O
                         net (fo=20013, routed)       0.824    -0.891    i_ariane/i_cva6/ex_stage_i/lsu_i/i_pipe_reg_load/clk_out1
    SLICE_X39Y35         FDCE                                         r  i_ariane/i_cva6/ex_stage_i/lsu_i/i_pipe_reg_load/gen_register.d_o_reg[92]/C

Slack:                    inf
  Source:                 i_ariane/i_cva6/ex_stage_i/lsu_i/i_load_unit/result_o_reg[0]/G
                            (positive level-sensitive latch)
  Destination:            i_ariane/i_cva6/ex_stage_i/lsu_i/i_pipe_reg_load/gen_register.d_o_reg[65]/D
                            (rising edge-triggered cell FDCE clocked by clk_out1_xlnx_clk_gen  {rise@0.000ns fall@10.000ns period=20.000ns})
  Path Group:             (none)
  Path Type:              Hold (Min at Fast Process Corner)
  Data Path Delay:        0.330ns  (logic 0.158ns (47.863%)  route 0.172ns (52.137%))
  Logic Levels:           1  (LDCE=1)
  Clock Uncertainty:      0.172ns  ((TSJ^2 + DJ^2)^1/2) / 2 + PE
    Total System Jitter     (TSJ):    0.050ns
    Discrete Jitter          (DJ):    0.142ns
    Phase Error              (PE):    0.097ns

    Location             Delay type                Incr(ns)  Path(ns)    Netlist Resource(s)
  -------------------------------------------------------------------    -------------------
    SLICE_X39Y34         LDCE                         0.000     0.000 r  i_ariane/i_cva6/ex_stage_i/lsu_i/i_load_unit/result_o_reg[0]/G
    SLICE_X39Y34         LDCE (EnToQ_ldce_G_Q)        0.158     0.158 r  i_ariane/i_cva6/ex_stage_i/lsu_i/i_load_unit/result_o_reg[0]/Q
                         net (fo=1, routed)           0.172     0.330    i_ariane/i_cva6/ex_stage_i/lsu_i/i_pipe_reg_load/D[37]
    SLICE_X38Y31         FDCE                                         r  i_ariane/i_cva6/ex_stage_i/lsu_i/i_pipe_reg_load/gen_register.d_o_reg[65]/D
  -------------------------------------------------------------------    -------------------

                         (clock clk_out1_xlnx_clk_gen rise edge)
                                                      0.000     0.000 r  
    K17                                               0.000     0.000 r  clk_sys (IN)
                         net (fo=0)                   0.000     0.000    i_xlnx_clk_gen/inst/clk_in1
    K17                  IBUF (Prop_ibuf_I_O)         0.431     0.431 r  i_xlnx_clk_gen/inst/clkin1_ibufg/O
                         net (fo=1, routed)           0.480     0.911    i_xlnx_clk_gen/inst/clk_in1_xlnx_clk_gen
    MMCME2_ADV_X1Y2      MMCME2_ADV (Prop_mmcme2_adv_CLKIN1_CLKOUT0)
                                                     -3.407    -2.496 r  i_xlnx_clk_gen/inst/mmcm_adv_inst/CLKOUT0
                         net (fo=1, routed)           0.752    -1.744    i_xlnx_clk_gen/inst/clk_out1_xlnx_clk_gen
    BUFGCTRL_X0Y16       BUFG (Prop_bufg_I_O)         0.029    -1.715 r  i_xlnx_clk_gen/inst/clkout1_buf/O
                         net (fo=20013, routed)       0.820    -0.895    i_ariane/i_cva6/ex_stage_i/lsu_i/i_pipe_reg_load/clk_out1
    SLICE_X38Y31         FDCE                                         r  i_ariane/i_cva6/ex_stage_i/lsu_i/i_pipe_reg_load/gen_register.d_o_reg[65]/C

Slack:                    inf
  Source:                 i_ariane/i_cva6/ex_stage_i/lsu_i/i_load_unit/result_o_reg[20]/G
                            (positive level-sensitive latch)
  Destination:            i_ariane/i_cva6/ex_stage_i/lsu_i/i_pipe_reg_load/gen_register.d_o_reg[85]/D
                            (rising edge-triggered cell FDCE clocked by clk_out1_xlnx_clk_gen  {rise@0.000ns fall@10.000ns period=20.000ns})
  Path Group:             (none)
  Path Type:              Hold (Min at Fast Process Corner)
  Data Path Delay:        0.338ns  (logic 0.178ns (52.739%)  route 0.160ns (47.261%))
  Logic Levels:           1  (LDCE=1)
  Clock Uncertainty:      0.172ns  ((TSJ^2 + DJ^2)^1/2) / 2 + PE
    Total System Jitter     (TSJ):    0.050ns
    Discrete Jitter          (DJ):    0.142ns
    Phase Error              (PE):    0.097ns

    Location             Delay type                Incr(ns)  Path(ns)    Netlist Resource(s)
  -------------------------------------------------------------------    -------------------
    SLICE_X36Y35         LDCE                         0.000     0.000 r  i_ariane/i_cva6/ex_stage_i/lsu_i/i_load_unit/result_o_reg[20]/G
    SLICE_X36Y35         LDCE (EnToQ_ldce_G_Q)        0.178     0.178 r  i_ariane/i_cva6/ex_stage_i/lsu_i/i_load_unit/result_o_reg[20]/Q
                         net (fo=1, routed)           0.160     0.338    i_ariane/i_cva6/ex_stage_i/lsu_i/i_pipe_reg_load/D[57]
    SLICE_X39Y33         FDCE                                         r  i_ariane/i_cva6/ex_stage_i/lsu_i/i_pipe_reg_load/gen_register.d_o_reg[85]/D
  -------------------------------------------------------------------    -------------------

                         (clock clk_out1_xlnx_clk_gen rise edge)
                                                      0.000     0.000 r  
    K17                                               0.000     0.000 r  clk_sys (IN)
                         net (fo=0)                   0.000     0.000    i_xlnx_clk_gen/inst/clk_in1
    K17                  IBUF (Prop_ibuf_I_O)         0.431     0.431 r  i_xlnx_clk_gen/inst/clkin1_ibufg/O
                         net (fo=1, routed)           0.480     0.911    i_xlnx_clk_gen/inst/clk_in1_xlnx_clk_gen
    MMCME2_ADV_X1Y2      MMCME2_ADV (Prop_mmcme2_adv_CLKIN1_CLKOUT0)
                                                     -3.407    -2.496 r  i_xlnx_clk_gen/inst/mmcm_adv_inst/CLKOUT0
                         net (fo=1, routed)           0.752    -1.744    i_xlnx_clk_gen/inst/clk_out1_xlnx_clk_gen
    BUFGCTRL_X0Y16       BUFG (Prop_bufg_I_O)         0.029    -1.715 r  i_xlnx_clk_gen/inst/clkout1_buf/O
                         net (fo=20013, routed)       0.822    -0.893    i_ariane/i_cva6/ex_stage_i/lsu_i/i_pipe_reg_load/clk_out1
    SLICE_X39Y33         FDCE                                         r  i_ariane/i_cva6/ex_stage_i/lsu_i/i_pipe_reg_load/gen_register.d_o_reg[85]/C

Slack:                    inf
  Source:                 i_ariane/i_cva6/ex_stage_i/lsu_i/i_load_unit/result_o_reg[2]/G
                            (positive level-sensitive latch)
  Destination:            i_ariane/i_cva6/ex_stage_i/lsu_i/i_pipe_reg_load/gen_register.d_o_reg[67]/D
                            (rising edge-triggered cell FDCE clocked by clk_out1_xlnx_clk_gen  {rise@0.000ns fall@10.000ns period=20.000ns})
  Path Group:             (none)
  Path Type:              Hold (Min at Fast Process Corner)
  Data Path Delay:        0.347ns  (logic 0.158ns (45.572%)  route 0.189ns (54.428%))
  Logic Levels:           1  (LDCE=1)
  Clock Uncertainty:      0.172ns  ((TSJ^2 + DJ^2)^1/2) / 2 + PE
    Total System Jitter     (TSJ):    0.050ns
    Discrete Jitter          (DJ):    0.142ns
    Phase Error              (PE):    0.097ns

    Location             Delay type                Incr(ns)  Path(ns)    Netlist Resource(s)
  -------------------------------------------------------------------    -------------------
    SLICE_X37Y39         LDCE                         0.000     0.000 r  i_ariane/i_cva6/ex_stage_i/lsu_i/i_load_unit/result_o_reg[2]/G
    SLICE_X37Y39         LDCE (EnToQ_ldce_G_Q)        0.158     0.158 r  i_ariane/i_cva6/ex_stage_i/lsu_i/i_load_unit/result_o_reg[2]/Q
                         net (fo=1, routed)           0.189     0.347    i_ariane/i_cva6/ex_stage_i/lsu_i/i_pipe_reg_load/D[39]
    SLICE_X41Y34         FDCE                                         r  i_ariane/i_cva6/ex_stage_i/lsu_i/i_pipe_reg_load/gen_register.d_o_reg[67]/D
  -------------------------------------------------------------------    -------------------

                         (clock clk_out1_xlnx_clk_gen rise edge)
                                                      0.000     0.000 r  
    K17                                               0.000     0.000 r  clk_sys (IN)
                         net (fo=0)                   0.000     0.000    i_xlnx_clk_gen/inst/clk_in1
    K17                  IBUF (Prop_ibuf_I_O)         0.431     0.431 r  i_xlnx_clk_gen/inst/clkin1_ibufg/O
                         net (fo=1, routed)           0.480     0.911    i_xlnx_clk_gen/inst/clk_in1_xlnx_clk_gen
    MMCME2_ADV_X1Y2      MMCME2_ADV (Prop_mmcme2_adv_CLKIN1_CLKOUT0)
                                                     -3.407    -2.496 r  i_xlnx_clk_gen/inst/mmcm_adv_inst/CLKOUT0
                         net (fo=1, routed)           0.752    -1.744    i_xlnx_clk_gen/inst/clk_out1_xlnx_clk_gen
    BUFGCTRL_X0Y16       BUFG (Prop_bufg_I_O)         0.029    -1.715 r  i_xlnx_clk_gen/inst/clkout1_buf/O
                         net (fo=20013, routed)       0.823    -0.892    i_ariane/i_cva6/ex_stage_i/lsu_i/i_pipe_reg_load/clk_out1
    SLICE_X41Y34         FDCE                                         r  i_ariane/i_cva6/ex_stage_i/lsu_i/i_pipe_reg_load/gen_register.d_o_reg[67]/C

Slack:                    inf
  Source:                 i_ariane/i_cva6/ex_stage_i/lsu_i/i_load_unit/result_o_reg[24]/G
                            (positive level-sensitive latch)
  Destination:            i_ariane/i_cva6/ex_stage_i/lsu_i/i_pipe_reg_load/gen_register.d_o_reg[89]/D
                            (rising edge-triggered cell FDCE clocked by clk_out1_xlnx_clk_gen  {rise@0.000ns fall@10.000ns period=20.000ns})
  Path Group:             (none)
  Path Type:              Hold (Min at Fast Process Corner)
  Data Path Delay:        0.348ns  (logic 0.178ns (51.109%)  route 0.170ns (48.891%))
  Logic Levels:           1  (LDCE=1)
  Clock Uncertainty:      0.172ns  ((TSJ^2 + DJ^2)^1/2) / 2 + PE
    Total System Jitter     (TSJ):    0.050ns
    Discrete Jitter          (DJ):    0.142ns
    Phase Error              (PE):    0.097ns

    Location             Delay type                Incr(ns)  Path(ns)    Netlist Resource(s)
  -------------------------------------------------------------------    -------------------
    SLICE_X38Y35         LDCE                         0.000     0.000 r  i_ariane/i_cva6/ex_stage_i/lsu_i/i_load_unit/result_o_reg[24]/G
    SLICE_X38Y35         LDCE (EnToQ_ldce_G_Q)        0.178     0.178 r  i_ariane/i_cva6/ex_stage_i/lsu_i/i_load_unit/result_o_reg[24]/Q
                         net (fo=1, routed)           0.170     0.348    i_ariane/i_cva6/ex_stage_i/lsu_i/i_pipe_reg_load/D[61]
    SLICE_X39Y35         FDCE                                         r  i_ariane/i_cva6/ex_stage_i/lsu_i/i_pipe_reg_load/gen_register.d_o_reg[89]/D
  -------------------------------------------------------------------    -------------------

                         (clock clk_out1_xlnx_clk_gen rise edge)
                                                      0.000     0.000 r  
    K17                                               0.000     0.000 r  clk_sys (IN)
                         net (fo=0)                   0.000     0.000    i_xlnx_clk_gen/inst/clk_in1
    K17                  IBUF (Prop_ibuf_I_O)         0.431     0.431 r  i_xlnx_clk_gen/inst/clkin1_ibufg/O
                         net (fo=1, routed)           0.480     0.911    i_xlnx_clk_gen/inst/clk_in1_xlnx_clk_gen
    MMCME2_ADV_X1Y2      MMCME2_ADV (Prop_mmcme2_adv_CLKIN1_CLKOUT0)
                                                     -3.407    -2.496 r  i_xlnx_clk_gen/inst/mmcm_adv_inst/CLKOUT0
                         net (fo=1, routed)           0.752    -1.744    i_xlnx_clk_gen/inst/clk_out1_xlnx_clk_gen
    BUFGCTRL_X0Y16       BUFG (Prop_bufg_I_O)         0.029    -1.715 r  i_xlnx_clk_gen/inst/clkout1_buf/O
                         net (fo=20013, routed)       0.824    -0.891    i_ariane/i_cva6/ex_stage_i/lsu_i/i_pipe_reg_load/clk_out1
    SLICE_X39Y35         FDCE                                         r  i_ariane/i_cva6/ex_stage_i/lsu_i/i_pipe_reg_load/gen_register.d_o_reg[89]/C

Slack:                    inf
  Source:                 i_ariane/i_cva6/ex_stage_i/lsu_i/i_load_unit/result_o_reg[22]/G
                            (positive level-sensitive latch)
  Destination:            i_ariane/i_cva6/ex_stage_i/lsu_i/i_pipe_reg_load/gen_register.d_o_reg[87]/D
                            (rising edge-triggered cell FDCE clocked by clk_out1_xlnx_clk_gen  {rise@0.000ns fall@10.000ns period=20.000ns})
  Path Group:             (none)
  Path Type:              Hold (Min at Fast Process Corner)
  Data Path Delay:        0.349ns  (logic 0.158ns (45.250%)  route 0.191ns (54.750%))
  Logic Levels:           1  (LDCE=1)
  Clock Uncertainty:      0.172ns  ((TSJ^2 + DJ^2)^1/2) / 2 + PE
    Total System Jitter     (TSJ):    0.050ns
    Discrete Jitter          (DJ):    0.142ns
    Phase Error              (PE):    0.097ns

    Location             Delay type                Incr(ns)  Path(ns)    Netlist Resource(s)
  -------------------------------------------------------------------    -------------------
    SLICE_X39Y34         LDCE                         0.000     0.000 r  i_ariane/i_cva6/ex_stage_i/lsu_i/i_load_unit/result_o_reg[22]/G
    SLICE_X39Y34         LDCE (EnToQ_ldce_G_Q)        0.158     0.158 r  i_ariane/i_cva6/ex_stage_i/lsu_i/i_load_unit/result_o_reg[22]/Q
                         net (fo=1, routed)           0.191     0.349    i_ariane/i_cva6/ex_stage_i/lsu_i/i_pipe_reg_load/D[59]
    SLICE_X39Y35         FDCE                                         r  i_ariane/i_cva6/ex_stage_i/lsu_i/i_pipe_reg_load/gen_register.d_o_reg[87]/D
  -------------------------------------------------------------------    -------------------

                         (clock clk_out1_xlnx_clk_gen rise edge)
                                                      0.000     0.000 r  
    K17                                               0.000     0.000 r  clk_sys (IN)
                         net (fo=0)                   0.000     0.000    i_xlnx_clk_gen/inst/clk_in1
    K17                  IBUF (Prop_ibuf_I_O)         0.431     0.431 r  i_xlnx_clk_gen/inst/clkin1_ibufg/O
                         net (fo=1, routed)           0.480     0.911    i_xlnx_clk_gen/inst/clk_in1_xlnx_clk_gen
    MMCME2_ADV_X1Y2      MMCME2_ADV (Prop_mmcme2_adv_CLKIN1_CLKOUT0)
                                                     -3.407    -2.496 r  i_xlnx_clk_gen/inst/mmcm_adv_inst/CLKOUT0
                         net (fo=1, routed)           0.752    -1.744    i_xlnx_clk_gen/inst/clk_out1_xlnx_clk_gen
    BUFGCTRL_X0Y16       BUFG (Prop_bufg_I_O)         0.029    -1.715 r  i_xlnx_clk_gen/inst/clkout1_buf/O
                         net (fo=20013, routed)       0.824    -0.891    i_ariane/i_cva6/ex_stage_i/lsu_i/i_pipe_reg_load/clk_out1
    SLICE_X39Y35         FDCE                                         r  i_ariane/i_cva6/ex_stage_i/lsu_i/i_pipe_reg_load/gen_register.d_o_reg[87]/C





